2026-01-08 10:45:08,428 - INFO - Log guardándose en: logs\automatizacion_20260108.log
2026-01-08 10:45:08,429 - INFO -  === AUTOMATIZACIÓN MODULAR INICIADA ===
2026-01-08 10:45:08,429 - INFO - Archivo: productos_avanzado.xlsx
2026-01-08 10:45:08,430 - INFO - === PASO 1: LECTURA EXCEL ===
2026-01-08 10:45:08,431 - INFO - === MÓDULO 1: LECTURA EXCEL ===
2026-01-08 10:45:08,431 - INFO - Archivo: productos_avanzado.xlsx
2026-01-08 10:45:08,615 - INFO - Columnas encontradas: ['cotizacion_id', 'codigo', 'descripcion', 'cantidad', 'con_garantia', 'descuento_empleado', 'con_creditos', 'entrega_cliente', 'COTIZACION', 'ESTADO', 'FECHA_PROCESADO', 'ARCHIVO_WORD', 'tipo_entrega', 'Unnamed: 13']
2026-01-08 10:45:08,751 - INFO - Se encontraron 13 cotizaciones
2026-01-08 10:45:08,752 - INFO - Cotización 1: 2 productos
2026-01-08 10:45:08,752 - INFO - Cotización 2: 3 productos
2026-01-08 10:45:08,753 - INFO - Cotización 3: 3 productos
2026-01-08 10:45:08,753 - INFO - Cotización 4: 3 productos
2026-01-08 10:45:08,754 - INFO - Cotización 5: 1 productos
2026-01-08 10:45:08,754 - INFO - Cotización 6: 1 productos
2026-01-08 10:45:08,754 - INFO - Cotización 7: 1 productos
2026-01-08 10:45:08,755 - INFO - Cotización 8: 1 productos
2026-01-08 10:45:08,755 - INFO - Cotización 9: 1 productos
2026-01-08 10:45:08,756 - INFO - Cotización 10: 3 productos
2026-01-08 10:45:08,756 - INFO - Cotización 11: 1 productos
2026-01-08 10:45:08,756 - INFO - Cotización 12: 4 productos
2026-01-08 10:45:08,756 - INFO - Cotización 13: 6 productos
2026-01-08 10:45:08,757 - INFO - === PASO 2: INICIALIZAR NAVEGADOR ===
2026-01-08 10:45:17,995 - INFO - Navegador Firefox inicializado con configuración limpia
2026-01-08 10:45:17,996 - INFO - === PASO 3: INICIAR SESIÓN ===
2026-01-08 10:45:17,996 - INFO - === MÓDULO 2: INICIO SESIÓN ===
2026-01-08 10:45:27,269 - INFO - Accediendo a: http://ursvtols8b3c:8080/engage-unicomer-web/
2026-01-08 10:45:27,351 - INFO - Credenciales ingresadas
2026-01-08 10:45:31,510 - INFO - Formulario enviado
2026-01-08 10:45:33,646 - INFO - Screenshot capturado: 01_login_resultado.png
2026-01-08 10:45:33,665 - INFO - Login exitoso - URL cambió
2026-01-08 10:45:33,666 - INFO - 
🔄 PROCESANDO COTIZACIÓN 1/13: 1
2026-01-08 10:45:33,672 - INFO - === PASO 4: INICIAR ORDEN DE COMPRA ===
2026-01-08 10:45:33,673 - INFO - Buscando botón 'Comience una Orden de Compra'...
2026-01-08 10:45:33,740 - INFO - Screenshot capturado: C1_02_dashboard.png
2026-01-08 10:45:33,740 - INFO - Intentando selector 1: /html/body/div[2]/div[4]/div/div/div[1]/a[1]/input
2026-01-08 10:45:33,740 - INFO - Esperando que botón orden selector 1 sea visible (timeout: 300s, se reinicia con progreso)...
2026-01-08 10:45:33,903 - INFO - PROGRESO: botón orden selector 1 visible - REINICIANDO timeout
2026-01-08 10:45:33,924 - INFO - OK - botón orden selector 1 listo después de 0.0s
2026-01-08 10:45:34,464 - INFO - Click exitoso en botón orden selector 1
2026-01-08 10:45:35,530 - INFO - Screenshot capturado: C1_04_formulario_orden.png
2026-01-08 10:45:35,531 - INFO - Click realizado en botón orden
2026-01-08 10:45:35,531 - INFO - Configuración - Garantías: SI, Descuento: NO, Créditos: NO, Entrega: SI, Tipo Entrega: cliente llevará
2026-01-08 10:45:35,531 - INFO - === PASO 5: EXTRAER NÚMERO COTIZACIÓN ===
2026-01-08 10:45:35,532 - INFO - === EXTRAYENDO NÚMERO DE COTIZACIÓN INICIAL ===
2026-01-08 10:45:37,574 - INFO - Número encontrado con selector: li.quotationNumberTitle p:last-child
2026-01-08 10:45:37,575 - INFO - Número de cotización: 1160920625004L
2026-01-08 10:45:37,575 - INFO - Número base extraído: 1160920625004L
2026-01-08 10:45:37,576 - INFO - Número único generado: 1160920625004L_7575
2026-01-08 10:45:37,576 - INFO - === PASO 6: AGREGAR ITEMS ============================================================================
2026-01-08 10:45:37,576 - INFO - --- ITEM 1/2 ---
2026-01-08 10:45:37,577 - INFO - === MÓDULO 3: AGREGAR ITEM 1 ===
2026-01-08 10:45:37,577 - INFO - Código: 461431200016, Cantidad: 1
2026-01-08 10:45:37,578 - INFO - Esperando que campo búsqueda item 1 sea visible (timeout: 300s, se reinicia con progreso)...
2026-01-08 10:45:37,613 - INFO - PROGRESO: campo búsqueda item 1 visible - REINICIANDO timeout
2026-01-08 10:45:37,638 - INFO - OK - campo búsqueda item 1 listo después de 0.0s
2026-01-08 10:45:37,687 - INFO - Código 461431200016 ingresado en campo búsqueda
2026-01-08 10:45:37,707 - INFO - Enter enviado para búsqueda
2026-01-08 10:45:40,533 - INFO - Mensaje informativo (ignorado): Error
close
ERROR TO OBTAIN THE PARAMATER: permitirNoInventariadosSeguros...
2026-01-08 10:45:40,533 - INFO - Item 461431200016 procesado correctamente
2026-01-08 10:45:40,533 - INFO - === MÓDULO 4: GARANTÍAS ITEM 1 ===
2026-01-08 10:45:40,534 - INFO - Garantía: AGREGAR
2026-01-08 10:45:41,616 - INFO - Screenshot capturado: C1_07_pantalla_garantias_01.png
2026-01-08 10:45:47,673 - INFO - Botón Add encontrado: //button[contains(@class, 'btn-success') and contains(text(), 'Add')]
2026-01-08 10:45:47,690 - INFO - Click en Añadir garantía
2026-01-08 10:45:54,699 - WARNING - Error en tabla garantías: Message: Unable to locate element: //div[@class='principalContainer']//table[@class='table table-bordered']; For documentation on this error, please visit: https://www.selenium.dev/documentation/webdriver/troubleshooting/errors#nosuchelementexception
Stacktrace:
RemoteError@chrome://remote/content/shared/RemoteError.sys.mjs:8:8
WebDriverError@chrome://remote/content/shared/webdriver/Errors.sys.mjs:187:5
NoSuchElementError@chrome://remote/content/shared/webdriver/Errors.sys.mjs:505:5
element.find/</<@chrome://remote/content/marionette/element.sys.mjs:135:16
, usando No Thanks
2026-01-08 10:45:59,760 - INFO -  Click en No Thanks
2026-01-08 10:46:00,810 - INFO - Screenshot capturado: C1_06_item_con_garantias_procesadas_01.png
2026-01-08 10:46:00,810 - INFO - Garantías procesadas para item 1
2026-01-08 10:46:00,811 - INFO - --- ITEM 2/2 ---
2026-01-08 10:46:00,811 - INFO - === MÓDULO 3: AGREGAR ITEM 2 ===
2026-01-08 10:46:00,811 - INFO - Código: 439766400005, Cantidad: 1
2026-01-08 10:46:00,811 - INFO - Esperando que campo búsqueda item 2 sea visible (timeout: 300s, se reinicia con progreso)...
2026-01-08 10:46:00,829 - INFO - PROGRESO: campo búsqueda item 2 visible - REINICIANDO timeout
2026-01-08 10:46:00,852 - INFO - OK - campo búsqueda item 2 listo después de 0.0s
2026-01-08 10:46:00,887 - INFO - Código 439766400005 ingresado en campo búsqueda
2026-01-08 10:46:00,901 - INFO - Enter enviado para búsqueda
2026-01-08 10:46:07,570 - INFO - Item 439766400005 procesado correctamente
2026-01-08 10:46:07,570 - INFO - === MÓDULO 4: GARANTÍAS ITEM 2 ===
2026-01-08 10:46:07,571 - INFO - Garantía: AGREGAR
2026-01-08 10:46:08,634 - INFO - Screenshot capturado: C1_07_pantalla_garantias_02.png
2026-01-08 10:46:14,671 - INFO - Botón Add encontrado: //button[contains(@class, 'btn-success') and contains(text(), 'Add')]
2026-01-08 10:46:14,698 - INFO - Click en Añadir garantía
2026-01-08 10:46:16,826 - INFO - Encontradas 6 opciones de garantía
2026-01-08 10:46:16,947 - INFO - Garantía seleccionada - precio: $212.50
2026-01-08 10:46:18,156 - INFO - Clic en botón final para garantía con precio
2026-01-08 10:46:19,212 - INFO - Screenshot capturado: C1_08_garantia_procesada_02.png
2026-01-08 10:46:20,265 - INFO - Screenshot capturado: C1_06_item_con_garantias_procesadas_02.png
2026-01-08 10:46:20,265 - INFO - Garantías procesadas para item 2
2026-01-08 10:46:20,265 - INFO - === PASO 7: ENLAZAR CUSTOMER ==========================================================================
2026-01-08 10:46:20,266 - INFO - === MÓDULO 5: ENLAZAR CUSTOMER ===
2026-01-08 10:46:20,315 - INFO - Screenshot capturado: C1_12_antes_enlazar_cliente.png
2026-01-08 10:46:25,349 - INFO - Enlace cliente encontrado: /html/body/div[2]/div[3]/div[28]/div[3]/h4/a
2026-01-08 10:46:25,375 - INFO - Click en enlace cliente
2026-01-08 10:46:28,426 - INFO - Screenshot capturado: C1_13_formulario_cliente.png
2026-01-08 10:46:29,698 - INFO - Cliente 057874256 ingresado
2026-01-08 10:46:30,754 - INFO - Screenshot capturado: C1_14_cliente_ingresado.png
2026-01-08 10:46:32,896 - INFO - Primer Next
2026-01-08 10:46:35,980 - INFO - Screenshot capturado: C1_15_primer_next.png
2026-01-08 10:46:41,666 - INFO - Segundo Next
2026-01-08 10:46:44,739 - INFO - Screenshot capturado: C1_16_segundo_next.png
2026-01-08 10:46:44,740 - INFO - Customer enlazado exitosamente
2026-01-08 10:46:44,740 - INFO - === PASO 8: CONFIGURAR ENTREGA ====================================================================
2026-01-08 10:46:44,740 - INFO - === MÓDULO 6: DESPACHO/ENTREGA ===
2026-01-08 10:46:44,741 - INFO - Despacho/Entrega: CONFIGURAR
2026-01-08 10:46:44,741 - INFO - Tipo de entrega: cliente llevará
2026-01-08 10:46:44,790 - INFO - Screenshot capturado: C1_17_antes_entrega_cliente.png
2026-01-08 10:46:44,791 - INFO - Paso 1: Buscando botón Transaction Options
2026-01-08 10:46:47,815 - INFO - ✓ Transaction Options encontrado con: transactionOptionsBtn
2026-01-08 10:46:47,840 - INFO - Click en Transaction Options exitoso
2026-01-08 10:46:50,888 - INFO - Screenshot capturado: C1_18_menu_transaction_options.png
2026-01-08 10:46:50,889 - INFO - Paso 2: Seleccionando opción de entrega
2026-01-08 10:46:50,928 - INFO - Opción de entrega seleccionada
2026-01-08 10:46:53,976 - INFO - Screenshot capturado: C1_19_formulario_entrega.png
2026-01-08 10:46:53,976 - INFO - Paso 3: Llenando datos del formulario
2026-01-08 10:46:54,055 - INFO - Nombre 1 ingresado: ELISEO AMILCAR LOPEZ + Enter
2026-01-08 10:46:55,134 - INFO - Nombre 2 ingresado: MARGARITA PORTILLO DE LOPEZ + Enter
2026-01-08 10:46:56,225 - INFO - ✓ Campo adicional (div[4]) ingresado: ELISEO LOPEZ + Enter
2026-01-08 10:46:57,226 - INFO - Paso 4: Configurando select MADRE
2026-01-08 10:46:57,489 - INFO - Select MADRE abierto
2026-01-08 10:46:59,245 - INFO - ✓ Opción MADRE seleccionada
2026-01-08 10:47:00,246 - INFO - Paso 4B: Configurando transportador (relationship)
2026-01-08 10:47:00,490 - INFO - ✓ Select TRANSPORTADOR abierto con: /html/body/div[2]/form/div[1]/div/div[2]/div[6]/span[2]/span/a
2026-01-08 10:47:01,755 - INFO - ✓ Opción TRANSPORTADOR seleccionada
2026-01-08 10:47:02,756 - INFO - Paso 5: Configurando tipo de entrega: cliente llevará
2026-01-08 10:47:02,993 - INFO - ✓ Select TIPO ENTREGA abierto
2026-01-08 10:47:04,248 - INFO - ✓ Tipo entrega seleccionado: Cliente llevará (Cliente Recoge)
2026-01-08 10:47:06,249 - INFO - Paso 6: Configurando lugar de salida (Bodega Nejapa)
2026-01-08 10:47:06,350 - INFO - ✓ Texto escrito: BODEGA 94 NEJAPA
2026-01-08 10:47:08,627 - INFO - ✓ Opción clickeada del dropdown: BODEGA 94 NEJAPA
2026-01-08 10:47:13,653 - INFO - ℹ️ No se requiere OK para lugar de salida
2026-01-08 10:47:15,655 - INFO - Paso 7: Configurando transporte (11094 - BODEGA 94 NEJAPA)
2026-01-08 10:47:17,691 - INFO - ✓ Caja de texto del transporte encontrada
2026-01-08 10:47:18,522 - INFO - ✓ Texto escrito: BODEGA 94 NEJAPA
2026-01-08 10:47:19,523 - INFO - -Buscando opción '11094 - BODEGA 94 NEJAPA' en dropdown...
2026-01-08 10:47:19,524 - INFO - Intentando con selector: //li[@class='ui-menu-item']//a[contains(text(), '11094 - BODEGA 94 NEJAPA')]
2026-01-08 10:47:20,600 - INFO - Intentando con selector: //li[@role='menuitem']//a[contains(text(), '11094 - BODEGA 94 NEJAPA')]
2026-01-08 10:47:21,650 - INFO - Intentando con selector: //li[contains(@class, 'ui-menu-item')]//a[contains(text(), 'BODEGA 94 NEJAPA')]
2026-01-08 10:47:22,703 - INFO - Intentando con selector: //ul[contains(@class, 'ui-autocomplete')]//a[contains(text(), '11094')]
2026-01-08 10:47:23,767 - INFO - Intentando con selector: //a[@class='ui-corner-all'][contains(text(), '11094 - BODEGA 94 NEJAPA')]
2026-01-08 10:47:24,821 - INFO - Intentando con selector: /html/body/ul[4]/li/a
2026-01-08 10:47:25,863 - INFO - 🔄 Fallback: Usando flecha abajo + Enter...
2026-01-08 10:47:26,402 - INFO - ✓ Flecha abajo + Enter ejecutado
2026-01-08 10:47:27,449 - INFO - 🔍 Verificación final: Input='11094 - BODEGA 94 NEJAPA', Select='11094'
2026-01-08 10:47:27,450 - INFO - ✅ TRANSPORTE CONFIGURADO EXITOSAMENTE
2026-01-08 10:47:30,451 - INFO - Paso 8: Agregando instrucciones
2026-01-08 10:47:35,467 - WARNING - Error agregando instrucciones: Message: Unable to locate element: //*[@id='instructions']; For documentation on this error, please visit: https://www.selenium.dev/documentation/webdriver/troubleshooting/errors#nosuchelementexception
Stacktrace:
RemoteError@chrome://remote/content/shared/RemoteError.sys.mjs:8:8
WebDriverError@chrome://remote/content/shared/webdriver/Errors.sys.mjs:187:5
NoSuchElementError@chrome://remote/content/shared/webdriver/Errors.sys.mjs:505:5
element.find/</<@chrome://remote/content/marionette/element.sys.mjs:135:16

2026-01-08 10:47:35,468 - INFO - Paso 9: Enviando formulario de entrega
2026-01-08 10:47:40,486 - WARNING - Error enviando formulario: Message: Unable to locate element: /html/body/div[2]/form/div[2]/button; For documentation on this error, please visit: https://www.selenium.dev/documentation/webdriver/troubleshooting/errors#nosuchelementexception
Stacktrace:
RemoteError@chrome://remote/content/shared/RemoteError.sys.mjs:8:8
WebDriverError@chrome://remote/content/shared/webdriver/Errors.sys.mjs:187:5
NoSuchElementError@chrome://remote/content/shared/webdriver/Errors.sys.mjs:505:5
element.find/</<@chrome://remote/content/marionette/element.sys.mjs:135:16

2026-01-08 10:47:40,486 - WARNING - ⚠️ Error en despacho, continuando...
2026-01-08 10:47:40,486 - INFO - === PASO 11: FINALIZAR COTIZACIÓN ===
2026-01-08 10:47:40,487 - INFO - === FINALIZANDO COTIZACIÓN ===
2026-01-08 10:47:40,577 - INFO - Screenshot capturado: C1_17_antes_finalizar.png
2026-01-08 10:47:42,578 - INFO - PASO 1: Click en botón finalizar
2026-01-08 10:47:45,602 - INFO - ✓ Botón finalizar encontrado con: /html/body/div[2]/div[4]/div/div/div[3]/form[1]/button
2026-01-08 10:47:45,703 - INFO - Screenshot capturado: C1_18_antes_finalizar.png
2026-01-08 10:47:45,703 - INFO - 🔧 Preservando datos de sesión...
2026-01-08 10:47:45,714 - INFO - 📝 Sesión preservada - OrderID: undefined, SessionData: 
2026-01-08 10:47:45,746 - INFO - ✓ Click en botón finalizar exitoso
2026-01-08 10:47:48,753 - INFO - 🖨️ Elementos printer encontrados: 10
2026-01-08 10:47:48,773 - INFO -   Elemento 1: tag=form, id=printForm, class=
2026-01-08 10:47:48,790 - INFO -   Elemento 2: tag=div, id=, class=printingBox
2026-01-08 10:47:48,810 - INFO -   Elemento 3: tag=input, id=printerGroup, class=printerRadioButton btnFloatRight
2026-01-08 10:47:48,829 - INFO -   Elemento 4: tag=input, id=printerName0, class=
2026-01-08 10:47:48,852 - INFO -   Elemento 5: tag=input, id=printerLocation0, class=
2026-01-08 10:47:48,862 - INFO - 📋 Modales encontrados: 192
2026-01-08 10:47:48,885 - INFO -   Modal 1: tag=div, id=itemInquiryDialog, visible=False
2026-01-08 10:47:48,911 - INFO -   Modal 2: tag=div, id=, visible=False
2026-01-08 10:47:48,934 - INFO -   Modal 3: tag=div, id=, visible=False
2026-01-08 10:47:48,945 - INFO - 📝 Formularios encontrados: 51
2026-01-08 10:47:48,945 - INFO - 🔍 MONITOREANDO ESTADO POST-SAVE...
2026-01-08 10:47:49,950 - INFO - 📍 Segundo 1: URL = http://ursvtols8b3c:8080/engage-unicomer-web/saleOrder/saveAndPrint
2026-01-08 10:47:49,954 - INFO - 📄 Segundo 1: Título = Grupo Unicomer
2026-01-08 10:47:51,396 - INFO - 🔘 Segundo 1: Botones visibles = ['Search', 'Item Inquiry', 'Transaction Options', 'Save & Print', 'Save']
2026-01-08 10:47:51,410 - INFO - 🖨️ Segundo 1: Printer Group encontrado! Visible=True
2026-01-08 10:47:51,411 - INFO - ✅ PRINTER GROUP DISPONIBLE - Procediendo a hacer click...
2026-01-08 10:47:51,657 - INFO - ✓ Default Printer seleccionado: //*[@id='printerGroup']
2026-01-08 10:47:52,681 - INFO - 🖨️ Botón print encontrado: //button[@id='defaultSubmitPrintButton']
2026-01-08 10:47:52,700 - INFO - ✅ CLICK EN BOTÓN IMPRIMIR EXITOSO
2026-01-08 10:48:04,298 - INFO - ✅ CONFIRMACIÓN FINAL EXITOSA
2026-01-08 10:48:04,491 - INFO - Screenshot capturado: C1_21_print_completado.png
2026-01-08 10:48:04,492 - INFO - ✅ Finalización exitosa
2026-01-08 10:48:04,492 - INFO - === PASO 12: GENERAR REPORTE INDIVIDUAL ===
2026-01-08 10:48:04,492 - INFO - Generando reporte para cotización 1 con número 1160920625004L
2026-01-08 10:48:04,492 - INFO - Screenshots disponibles: 19
2026-01-08 10:48:04,493 - INFO - 🔄 Generando reporte para cotización 1: 1160920625004L
2026-01-08 10:48:05,002 - INFO - ✅ Excel actualizado - Cotización 1: 1160920625004L
2026-01-08 10:48:05,461 - INFO - Reporte ejecutivo generado: Reporte_cotizacion_1160920625004L.docx
2026-01-08 10:48:05,461 - INFO - Archivo verificado: 1781892 bytes
2026-01-08 10:48:05,462 - INFO - Reporte Word generado exitosamente para cotización 1
2026-01-08 10:48:05,462 - INFO - Iniciando limpieza de screenshots después de generar reporte
2026-01-08 10:48:05,463 - INFO - Screenshot eliminado: 01_login_resultado.png
2026-01-08 10:48:05,466 - INFO - Screenshot eliminado: C1_02_dashboard.png
2026-01-08 10:48:05,468 - INFO - Screenshot eliminado: C1_04_formulario_orden.png
2026-01-08 10:48:05,470 - INFO - Screenshot eliminado: C1_07_pantalla_garantias_01.png
2026-01-08 10:48:05,472 - INFO - Screenshot eliminado: C1_06_item_con_garantias_procesadas_01.png
2026-01-08 10:48:05,474 - INFO - Screenshot eliminado: C1_07_pantalla_garantias_02.png
2026-01-08 10:48:05,476 - INFO - Screenshot eliminado: C1_08_garantia_procesada_02.png
2026-01-08 10:48:05,480 - INFO - Screenshot eliminado: C1_06_item_con_garantias_procesadas_02.png
2026-01-08 10:48:05,483 - INFO - Screenshot eliminado: C1_12_antes_enlazar_cliente.png
2026-01-08 10:48:05,484 - INFO - Screenshot eliminado: C1_13_formulario_cliente.png
2026-01-08 10:48:05,488 - INFO - Screenshot eliminado: C1_14_cliente_ingresado.png
2026-01-08 10:48:05,491 - INFO - Screenshot eliminado: C1_15_primer_next.png
2026-01-08 10:48:05,494 - INFO - Screenshot eliminado: C1_16_segundo_next.png
2026-01-08 10:48:05,495 - INFO - Screenshot eliminado: C1_17_antes_entrega_cliente.png
2026-01-08 10:48:05,497 - INFO - Screenshot eliminado: C1_18_menu_transaction_options.png
2026-01-08 10:48:05,501 - INFO - Screenshot eliminado: C1_19_formulario_entrega.png
2026-01-08 10:48:05,503 - INFO - Screenshot eliminado: C1_17_antes_finalizar.png
2026-01-08 10:48:05,505 - INFO - Screenshot eliminado: C1_18_antes_finalizar.png
2026-01-08 10:48:05,506 - INFO - Screenshot eliminado: C1_21_print_completado.png
2026-01-08 10:48:05,506 - INFO - 19 screenshots eliminados para esta cotización
2026-01-08 10:48:05,506 - INFO - Cotización 1 completada: 1160920625004L
2026-01-08 10:48:07,507 - INFO - 
🔄 PROCESANDO COTIZACIÓN 2/13: 2
2026-01-08 10:48:07,507 - INFO - === PASO 4: INICIAR ORDEN DE COMPRA ===
2026-01-08 10:48:07,507 - INFO - Buscando botón 'Comience una Orden de Compra'...
2026-01-08 10:48:07,570 - INFO - Screenshot capturado: C2_02_dashboard.png
2026-01-08 10:48:07,570 - INFO - Intentando selector 1: /html/body/div[2]/div[4]/div/div/div[1]/a[1]/input
2026-01-08 10:48:07,570 - INFO - Esperando que botón orden selector 1 sea visible (timeout: 300s, se reinicia con progreso)...
2026-01-08 10:48:07,589 - INFO - PROGRESO: botón orden selector 1 visible - REINICIANDO timeout
2026-01-08 10:48:07,607 - INFO - OK - botón orden selector 1 listo después de 0.0s
2026-01-08 10:48:08,174 - INFO - Click exitoso en botón orden selector 1
2026-01-08 10:48:09,256 - INFO - Screenshot capturado: C2_04_formulario_orden.png
2026-01-08 10:48:09,257 - INFO - Click realizado en botón orden
2026-01-08 10:48:09,257 - INFO - Preparando nueva cotización...
2026-01-08 10:48:14,281 - INFO - ✓ Storage del navegador limpiado
2026-01-08 10:48:14,287 - INFO - ✓ Página estabilizada para nueva cotización
2026-01-08 10:48:14,289 - INFO - ✓ Sistema listo para siguiente cotización automática
2026-01-08 10:48:15,290 - INFO - Configuración - Garantías: SI, Descuento: NO, Créditos: NO, Entrega: SI, Tipo Entrega: cliente llevará
2026-01-08 10:48:15,291 - INFO - === PASO 5: EXTRAER NÚMERO COTIZACIÓN ===
2026-01-08 10:48:15,291 - INFO - === EXTRAYENDO NÚMERO DE COTIZACIÓN INICIAL ===
2026-01-08 10:48:17,327 - INFO - Número encontrado con selector: li.quotationNumberTitle p:last-child
2026-01-08 10:48:17,328 - INFO - Número de cotización: 1160920625004N
2026-01-08 10:48:17,328 - INFO - Número base extraído: 1160920625004N
2026-01-08 10:48:17,329 - INFO - Número único generado: 1160920625004N_7328
2026-01-08 10:48:17,329 - INFO - === PASO 6: AGREGAR ITEMS ============================================================================
2026-01-08 10:48:17,329 - INFO - --- ITEM 1/3 ---
2026-01-08 10:48:17,329 - INFO - === MÓDULO 3: AGREGAR ITEM 1 ===
2026-01-08 10:48:17,330 - INFO - Código: 462801600016, Cantidad: 1
2026-01-08 10:48:17,330 - INFO - Esperando que campo búsqueda item 1 sea visible (timeout: 300s, se reinicia con progreso)...
2026-01-08 10:48:17,353 - INFO - PROGRESO: campo búsqueda item 1 visible - REINICIANDO timeout
2026-01-08 10:48:17,380 - INFO - OK - campo búsqueda item 1 listo después de 0.0s
2026-01-08 10:48:17,425 - INFO - Código 462801600016 ingresado en campo búsqueda
2026-01-08 10:48:17,456 - INFO - Enter enviado para búsqueda
2026-01-08 10:48:19,871 - INFO - Mensaje informativo (ignorado): Error
close
ERROR TO OBTAIN THE PARAMATER: permitirNoInventariadosSeguros...
2026-01-08 10:48:19,871 - INFO - Item 462801600016 procesado correctamente
2026-01-08 10:48:19,872 - INFO - === MÓDULO 4: GARANTÍAS ITEM 1 ===
2026-01-08 10:48:19,873 - INFO - Garantía: AGREGAR
2026-01-08 10:48:21,004 - INFO - Screenshot capturado: C2_07_pantalla_garantias_01.png
2026-01-08 10:48:27,039 - INFO - Botón Add encontrado: //button[contains(@class, 'btn-success') and contains(text(), 'Add')]
2026-01-08 10:48:27,059 - INFO - Click en Añadir garantía
2026-01-08 10:48:29,087 - INFO - Encontradas 6 opciones de garantía
2026-01-08 10:48:29,128 - INFO - Garantía seleccionada - precio: $300.00
2026-01-08 10:48:30,179 - INFO - Clic en botón final para garantía con precio
2026-01-08 10:48:31,272 - INFO - Screenshot capturado: C2_08_garantia_procesada_01.png
2026-01-08 10:48:32,346 - INFO - Screenshot capturado: C2_06_item_con_garantias_procesadas_01.png
2026-01-08 10:48:32,346 - INFO - Garantías procesadas para item 1
2026-01-08 10:48:32,347 - INFO - --- ITEM 2/3 ---
2026-01-08 10:48:32,347 - INFO - === MÓDULO 3: AGREGAR ITEM 2 ===
2026-01-08 10:48:32,347 - INFO - Código: 456497500019, Cantidad: 1
2026-01-08 10:48:32,348 - INFO - Esperando que campo búsqueda item 2 sea visible (timeout: 300s, se reinicia con progreso)...
2026-01-08 10:48:32,370 - INFO - PROGRESO: campo búsqueda item 2 visible - REINICIANDO timeout
2026-01-08 10:48:32,388 - INFO - OK - campo búsqueda item 2 listo después de 0.0s
2026-01-08 10:48:32,421 - INFO - Código 456497500019 ingresado en campo búsqueda
2026-01-08 10:48:32,449 - INFO - Enter enviado para búsqueda
2026-01-08 10:48:38,248 - INFO - Mensaje informativo (ignorado): Error
close
ERROR TO OBTAIN THE PARAMATER: permitirNoInventariadosSeguros...
2026-01-08 10:48:38,248 - INFO - Item 456497500019 procesado correctamente
2026-01-08 10:48:38,249 - INFO - === MÓDULO 4: GARANTÍAS ITEM 2 ===
2026-01-08 10:48:38,250 - INFO - Garantía: AGREGAR
2026-01-08 10:48:39,415 - INFO - Screenshot capturado: C2_07_pantalla_garantias_02.png
2026-01-08 10:48:45,475 - INFO - Botón Add encontrado: //button[contains(@class, 'btn-success') and contains(text(), 'Add')]
2026-01-08 10:48:45,495 - INFO - Click en Añadir garantía
2026-01-08 10:48:47,525 - INFO - Encontradas 6 opciones de garantía
2026-01-08 10:48:47,586 - INFO - Garantía seleccionada - precio: $41.75
2026-01-08 10:48:48,619 - INFO - Clic en botón final para garantía con precio
2026-01-08 10:48:49,739 - INFO - Screenshot capturado: C2_08_garantia_procesada_02.png
2026-01-08 10:48:50,821 - INFO - Screenshot capturado: C2_06_item_con_garantias_procesadas_02.png
2026-01-08 10:48:50,821 - INFO - Garantías procesadas para item 2
2026-01-08 10:48:50,821 - INFO - --- ITEM 3/3 ---
2026-01-08 10:48:50,822 - INFO - === MÓDULO 3: AGREGAR ITEM 3 ===
2026-01-08 10:48:50,822 - INFO - Código: 461964100012, Cantidad: 1
2026-01-08 10:48:50,822 - INFO - Esperando que campo búsqueda item 3 sea visible (timeout: 300s, se reinicia con progreso)...
2026-01-08 10:48:50,866 - INFO - PROGRESO: campo búsqueda item 3 visible - REINICIANDO timeout
2026-01-08 10:48:50,891 - INFO - OK - campo búsqueda item 3 listo después de 0.0s
2026-01-08 10:48:50,930 - INFO - Código 461964100012 ingresado en campo búsqueda
2026-01-08 10:48:50,963 - INFO - Enter enviado para búsqueda
2026-01-08 10:48:58,579 - INFO - Mensaje informativo (ignorado): Error
close
ERROR TO OBTAIN THE PARAMATER: permitirNoInventariadosSeguros...
2026-01-08 10:48:58,579 - INFO - Item 461964100012 procesado correctamente
2026-01-08 10:48:58,579 - INFO - === MÓDULO 4: GARANTÍAS ITEM 3 ===
2026-01-08 10:48:58,579 - INFO - Garantía: AGREGAR
2026-01-08 10:48:59,714 - INFO - Screenshot capturado: C2_07_pantalla_garantias_03.png
2026-01-08 10:49:05,764 - INFO - Botón Add encontrado: //button[contains(@class, 'btn-success') and contains(text(), 'Add')]
2026-01-08 10:49:05,793 - INFO - Click en Añadir garantía
2026-01-08 10:49:07,815 - INFO - Encontradas 6 opciones de garantía
2026-01-08 10:49:07,945 - INFO - Garantía seleccionada - precio: $107.25
2026-01-08 10:49:08,986 - INFO - Clic en botón final para garantía con precio
2026-01-08 10:49:10,108 - INFO - Screenshot capturado: C2_08_garantia_procesada_03.png
2026-01-08 10:49:11,189 - INFO - Screenshot capturado: C2_06_item_con_garantias_procesadas_03.png
2026-01-08 10:49:11,190 - INFO - Garantías procesadas para item 3
2026-01-08 10:49:11,190 - INFO - === PASO 7: ENLAZAR CUSTOMER ==========================================================================
2026-01-08 10:49:11,190 - INFO - === MÓDULO 5: ENLAZAR CUSTOMER ===
2026-01-08 10:49:11,268 - INFO - Screenshot capturado: C2_12_antes_enlazar_cliente.png
2026-01-08 10:49:16,303 - INFO - Enlace cliente encontrado: /html/body/div[2]/div[3]/div[28]/div[3]/h4/a
2026-01-08 10:49:16,331 - INFO - Click en enlace cliente
2026-01-08 10:49:19,439 - INFO - Screenshot capturado: C2_13_formulario_cliente.png
2026-01-08 10:49:20,751 - INFO - Cliente 057874256 ingresado
2026-01-08 10:49:21,808 - INFO - Screenshot capturado: C2_14_cliente_ingresado.png
2026-01-08 10:49:22,664 - INFO - Primer Next
2026-01-08 10:49:25,815 - INFO - Screenshot capturado: C2_15_primer_next.png
2026-01-08 10:49:31,186 - INFO - Segundo Next
2026-01-08 10:49:34,304 - INFO - Screenshot capturado: C2_16_segundo_next.png
2026-01-08 10:49:34,305 - INFO - Customer enlazado exitosamente
2026-01-08 10:49:34,305 - INFO - === PASO 8: CONFIGURAR ENTREGA ====================================================================
2026-01-08 10:49:34,305 - INFO - === MÓDULO 6: DESPACHO/ENTREGA ===
2026-01-08 10:49:34,306 - INFO - Despacho/Entrega: CONFIGURAR
2026-01-08 10:49:34,306 - INFO - Tipo de entrega: cliente llevará
2026-01-08 10:49:34,415 - INFO - Screenshot capturado: C2_17_antes_entrega_cliente.png
2026-01-08 10:49:34,416 - INFO - Paso 1: Buscando botón Transaction Options
2026-01-08 10:49:37,440 - INFO - ✓ Transaction Options encontrado con: transactionOptionsBtn
2026-01-08 10:49:37,457 - INFO - Click en Transaction Options exitoso
2026-01-08 10:49:40,577 - INFO - Screenshot capturado: C2_18_menu_transaction_options.png
2026-01-08 10:49:40,578 - INFO - Paso 2: Seleccionando opción de entrega
2026-01-08 10:49:40,635 - INFO - Opción de entrega seleccionada
2026-01-08 10:49:43,747 - INFO - Screenshot capturado: C2_19_formulario_entrega.png
2026-01-08 10:49:43,748 - INFO - Paso 3: Llenando datos del formulario
2026-01-08 10:49:43,845 - INFO - Nombre 1 ingresado: ELISEO AMILCAR LOPEZ + Enter
2026-01-08 10:49:44,889 - INFO - Nombre 2 ingresado: MARGARITA PORTILLO DE LOPEZ + Enter
2026-01-08 10:49:45,983 - INFO - ✓ Campo adicional (div[4]) ingresado: ELISEO LOPEZ + Enter
2026-01-08 10:49:46,984 - INFO - Paso 4: Configurando select MADRE
2026-01-08 10:49:47,256 - INFO - Select MADRE abierto
2026-01-08 10:49:49,018 - INFO - ✓ Opción MADRE seleccionada
2026-01-08 10:49:50,020 - INFO - Paso 4B: Configurando transportador (relationship)
2026-01-08 10:49:50,274 - INFO - ✓ Select TRANSPORTADOR abierto con: /html/body/div[2]/form/div[1]/div/div[2]/div[6]/span[2]/span/a
2026-01-08 10:49:51,518 - INFO - ✓ Opción TRANSPORTADOR seleccionada
2026-01-08 10:49:52,518 - INFO - Paso 5: Configurando tipo de entrega: cliente llevará
2026-01-08 10:49:52,786 - INFO - ✓ Select TIPO ENTREGA abierto
2026-01-08 10:49:54,032 - INFO - ✓ Tipo entrega seleccionado: Cliente llevará (Cliente Recoge)
2026-01-08 10:49:56,033 - INFO - Paso 6: Configurando lugar de salida (Bodega Nejapa)
2026-01-08 10:49:56,129 - INFO - ✓ Texto escrito: BODEGA 94 NEJAPA
2026-01-08 10:49:58,398 - INFO - ✓ Opción clickeada del dropdown: BODEGA 94 NEJAPA
2026-01-08 10:50:03,419 - INFO - ℹ️ No se requiere OK para lugar de salida
2026-01-08 10:50:05,420 - INFO - Paso 7: Configurando transporte (11094 - BODEGA 94 NEJAPA)
2026-01-08 10:50:07,460 - INFO - ✓ Caja de texto del transporte encontrada
2026-01-08 10:50:08,270 - INFO - ✓ Texto escrito: BODEGA 94 NEJAPA
2026-01-08 10:50:09,271 - INFO - -Buscando opción '11094 - BODEGA 94 NEJAPA' en dropdown...
2026-01-08 10:50:09,271 - INFO - Intentando con selector: //li[@class='ui-menu-item']//a[contains(text(), '11094 - BODEGA 94 NEJAPA')]
2026-01-08 10:50:10,354 - INFO - Intentando con selector: //li[@role='menuitem']//a[contains(text(), '11094 - BODEGA 94 NEJAPA')]
2026-01-08 10:50:11,429 - INFO - Intentando con selector: //li[contains(@class, 'ui-menu-item')]//a[contains(text(), 'BODEGA 94 NEJAPA')]
2026-01-08 10:50:12,491 - INFO - Intentando con selector: //ul[contains(@class, 'ui-autocomplete')]//a[contains(text(), '11094')]
2026-01-08 10:50:13,535 - INFO - Intentando con selector: //a[@class='ui-corner-all'][contains(text(), '11094 - BODEGA 94 NEJAPA')]
2026-01-08 10:50:14,594 - INFO - Intentando con selector: /html/body/ul[4]/li/a
2026-01-08 10:50:15,711 - INFO - 🔄 Fallback: Usando flecha abajo + Enter...
2026-01-08 10:50:16,264 - INFO - ✓ Flecha abajo + Enter ejecutado
2026-01-08 10:50:17,295 - INFO - 🔍 Verificación final: Input='11094 - BODEGA 94 NEJAPA', Select='11094'
2026-01-08 10:50:17,296 - INFO - ✅ TRANSPORTE CONFIGURADO EXITOSAMENTE
2026-01-08 10:50:20,296 - INFO - Paso 8: Agregando instrucciones
2026-01-08 10:50:25,312 - WARNING - Error agregando instrucciones: Message: Unable to locate element: //*[@id='instructions']; For documentation on this error, please visit: https://www.selenium.dev/documentation/webdriver/troubleshooting/errors#nosuchelementexception
Stacktrace:
RemoteError@chrome://remote/content/shared/RemoteError.sys.mjs:8:8
WebDriverError@chrome://remote/content/shared/webdriver/Errors.sys.mjs:187:5
NoSuchElementError@chrome://remote/content/shared/webdriver/Errors.sys.mjs:505:5
element.find/</<@chrome://remote/content/marionette/element.sys.mjs:135:16

2026-01-08 10:50:25,312 - INFO - Paso 9: Enviando formulario de entrega
2026-01-08 10:50:30,321 - WARNING - Error enviando formulario: Message: Unable to locate element: /html/body/div[2]/form/div[2]/button; For documentation on this error, please visit: https://www.selenium.dev/documentation/webdriver/troubleshooting/errors#nosuchelementexception
Stacktrace:
RemoteError@chrome://remote/content/shared/RemoteError.sys.mjs:8:8
WebDriverError@chrome://remote/content/shared/webdriver/Errors.sys.mjs:187:5
NoSuchElementError@chrome://remote/content/shared/webdriver/Errors.sys.mjs:505:5
element.find/</<@chrome://remote/content/marionette/element.sys.mjs:135:16

2026-01-08 10:50:30,322 - WARNING - ⚠️ Error en despacho, continuando...
2026-01-08 10:50:30,323 - INFO - === PASO 11: FINALIZAR COTIZACIÓN ===
2026-01-08 10:50:30,323 - INFO - === FINALIZANDO COTIZACIÓN ===
2026-01-08 10:50:30,430 - INFO - Screenshot capturado: C2_17_antes_finalizar.png
2026-01-08 10:50:32,431 - INFO - PASO 1: Click en botón finalizar
2026-01-08 10:50:35,464 - INFO - ✓ Botón finalizar encontrado con: /html/body/div[2]/div[4]/div/div/div[3]/form[1]/button
2026-01-08 10:50:35,571 - INFO - Screenshot capturado: C2_18_antes_finalizar.png
2026-01-08 10:50:35,572 - INFO - 🔧 Preservando datos de sesión...
2026-01-08 10:50:35,590 - INFO - 📝 Sesión preservada - OrderID: undefined, SessionData: 
2026-01-08 10:50:35,628 - INFO - ✓ Click en botón finalizar exitoso
2026-01-08 10:50:38,637 - INFO - 🖨️ Elementos printer encontrados: 10
2026-01-08 10:50:38,663 - INFO -   Elemento 1: tag=form, id=printForm, class=
2026-01-08 10:50:38,682 - INFO -   Elemento 2: tag=div, id=, class=printingBox
2026-01-08 10:50:38,703 - INFO -   Elemento 3: tag=input, id=printerGroup, class=printerRadioButton btnFloatRight
2026-01-08 10:50:38,736 - INFO -   Elemento 4: tag=input, id=printerName0, class=
2026-01-08 10:50:38,766 - INFO -   Elemento 5: tag=input, id=printerLocation0, class=
2026-01-08 10:50:38,796 - INFO - 📋 Modales encontrados: 231
2026-01-08 10:50:38,828 - INFO -   Modal 1: tag=div, id=itemInquiryDialog, visible=False
2026-01-08 10:50:38,860 - INFO -   Modal 2: tag=div, id=, visible=False
2026-01-08 10:50:38,908 - INFO -   Modal 3: tag=div, id=, visible=False
2026-01-08 10:50:38,916 - INFO - 📝 Formularios encontrados: 60
2026-01-08 10:50:38,916 - INFO - 🔍 MONITOREANDO ESTADO POST-SAVE...
2026-01-08 10:50:39,922 - INFO - 📍 Segundo 1: URL = http://ursvtols8b3c:8080/engage-unicomer-web/saleOrder/saveAndPrint
2026-01-08 10:50:39,926 - INFO - 📄 Segundo 1: Título = Grupo Unicomer
2026-01-08 10:50:41,277 - INFO - 🔘 Segundo 1: Botones visibles = ['Search', 'Item Inquiry', 'Transaction Options', 'Save & Print', 'Save']
2026-01-08 10:50:41,294 - INFO - 🖨️ Segundo 1: Printer Group encontrado! Visible=True
2026-01-08 10:50:41,294 - INFO - ✅ PRINTER GROUP DISPONIBLE - Procediendo a hacer click...
2026-01-08 10:50:41,540 - INFO - ✓ Default Printer seleccionado: //*[@id='printerGroup']
2026-01-08 10:50:42,559 - INFO - 🖨️ Botón print encontrado: //button[@id='defaultSubmitPrintButton']
2026-01-08 10:50:42,575 - INFO - ✅ CLICK EN BOTÓN IMPRIMIR EXITOSO
2026-01-08 10:50:44,638 - INFO - ✅ CONFIRMACIÓN FINAL EXITOSA
2026-01-08 10:50:44,697 - INFO - Screenshot capturado: C2_21_print_completado.png
2026-01-08 10:50:44,698 - INFO - ✅ Finalización exitosa
2026-01-08 10:50:44,698 - INFO - === PASO 12: GENERAR REPORTE INDIVIDUAL ===
2026-01-08 10:50:44,698 - INFO - Generando reporte para cotización 2 con número 1160920625004N
2026-01-08 10:50:44,698 - INFO - Screenshots disponibles: 22
2026-01-08 10:50:44,699 - INFO - 🔄 Generando reporte para cotización 2: 1160920625004N
2026-01-08 10:50:44,835 - INFO - ✅ Excel actualizado - Cotización 2: 1160920625004N
2026-01-08 10:50:45,178 - INFO - Reporte ejecutivo generado: Reporte_cotizacion_1160920625004N.docx
2026-01-08 10:50:45,179 - INFO - Archivo verificado: 2044550 bytes
2026-01-08 10:50:45,180 - INFO - Reporte Word generado exitosamente para cotización 2
2026-01-08 10:50:45,180 - INFO - Iniciando limpieza de screenshots después de generar reporte
2026-01-08 10:50:45,183 - INFO - Screenshot eliminado: C2_02_dashboard.png
2026-01-08 10:50:45,185 - INFO - Screenshot eliminado: C2_04_formulario_orden.png
2026-01-08 10:50:45,186 - INFO - Screenshot eliminado: C2_07_pantalla_garantias_01.png
2026-01-08 10:50:45,189 - INFO - Screenshot eliminado: C2_08_garantia_procesada_01.png
2026-01-08 10:50:45,190 - INFO - Screenshot eliminado: C2_06_item_con_garantias_procesadas_01.png
2026-01-08 10:50:45,192 - INFO - Screenshot eliminado: C2_07_pantalla_garantias_02.png
2026-01-08 10:50:45,194 - INFO - Screenshot eliminado: C2_08_garantia_procesada_02.png
2026-01-08 10:50:45,196 - INFO - Screenshot eliminado: C2_06_item_con_garantias_procesadas_02.png
2026-01-08 10:50:45,200 - INFO - Screenshot eliminado: C2_07_pantalla_garantias_03.png
2026-01-08 10:50:45,202 - INFO - Screenshot eliminado: C2_08_garantia_procesada_03.png
2026-01-08 10:50:45,204 - INFO - Screenshot eliminado: C2_06_item_con_garantias_procesadas_03.png
2026-01-08 10:50:45,206 - INFO - Screenshot eliminado: C2_12_antes_enlazar_cliente.png
2026-01-08 10:50:45,208 - INFO - Screenshot eliminado: C2_13_formulario_cliente.png
2026-01-08 10:50:45,210 - INFO - Screenshot eliminado: C2_14_cliente_ingresado.png
2026-01-08 10:50:45,211 - INFO - Screenshot eliminado: C2_15_primer_next.png
2026-01-08 10:50:45,213 - INFO - Screenshot eliminado: C2_16_segundo_next.png
2026-01-08 10:50:45,216 - INFO - Screenshot eliminado: C2_17_antes_entrega_cliente.png
2026-01-08 10:50:45,219 - INFO - Screenshot eliminado: C2_18_menu_transaction_options.png
2026-01-08 10:50:45,220 - INFO - Screenshot eliminado: C2_19_formulario_entrega.png
2026-01-08 10:50:45,221 - INFO - Screenshot eliminado: C2_17_antes_finalizar.png
2026-01-08 10:50:45,222 - INFO - Screenshot eliminado: C2_18_antes_finalizar.png
2026-01-08 10:50:45,223 - INFO - Screenshot eliminado: C2_21_print_completado.png
2026-01-08 10:50:45,223 - INFO - 22 screenshots eliminados para esta cotización
2026-01-08 10:50:45,224 - INFO - Cotización 2 completada: 1160920625004N
2026-01-08 10:50:47,224 - INFO - 
🔄 PROCESANDO COTIZACIÓN 3/13: 3
2026-01-08 10:50:47,225 - INFO - === PASO 4: INICIAR ORDEN DE COMPRA ===
2026-01-08 10:50:47,226 - INFO - Buscando botón 'Comience una Orden de Compra'...
2026-01-08 10:50:47,292 - INFO - Screenshot capturado: C3_02_dashboard.png
2026-01-08 10:50:47,293 - INFO - Intentando selector 1: /html/body/div[2]/div[4]/div/div/div[1]/a[1]/input
2026-01-08 10:50:47,293 - INFO - Esperando que botón orden selector 1 sea visible (timeout: 300s, se reinicia con progreso)...
2026-01-08 10:50:47,316 - INFO - PROGRESO: botón orden selector 1 visible - REINICIANDO timeout
2026-01-08 10:50:47,334 - INFO - OK - botón orden selector 1 listo después de 0.0s
2026-01-08 10:50:47,897 - INFO - Click exitoso en botón orden selector 1
2026-01-08 10:50:48,984 - INFO - Screenshot capturado: C3_04_formulario_orden.png
2026-01-08 10:50:48,984 - INFO - Click realizado en botón orden
2026-01-08 10:50:48,984 - INFO - Preparando nueva cotización...
2026-01-08 10:50:54,001 - INFO - ✓ Storage del navegador limpiado
2026-01-08 10:50:54,006 - INFO - ✓ Página estabilizada para nueva cotización
2026-01-08 10:50:54,007 - INFO - ✓ Sistema listo para siguiente cotización automática
2026-01-08 10:50:55,007 - INFO - Configuración - Garantías: SI, Descuento: NO, Créditos: NO, Entrega: SI, Tipo Entrega: cliente llevará
2026-01-08 10:50:55,008 - INFO - === PASO 5: EXTRAER NÚMERO COTIZACIÓN ===
2026-01-08 10:50:55,009 - INFO - === EXTRAYENDO NÚMERO DE COTIZACIÓN INICIAL ===
2026-01-08 10:50:57,052 - INFO - Número encontrado con selector: li.quotationNumberTitle p:last-child
2026-01-08 10:50:57,052 - INFO - Número de cotización: 1160920625004S
2026-01-08 10:50:57,052 - INFO - Número base extraído: 1160920625004S
2026-01-08 10:50:57,053 - INFO - Número único generado: 1160920625004S_7052
2026-01-08 10:50:57,053 - INFO - === PASO 6: AGREGAR ITEMS ============================================================================
2026-01-08 10:50:57,053 - INFO - --- ITEM 1/3 ---
2026-01-08 10:50:57,054 - INFO - === MÓDULO 3: AGREGAR ITEM 1 ===
2026-01-08 10:50:57,055 - INFO - Código: 442943300005, Cantidad: 1
2026-01-08 10:50:57,055 - INFO - Esperando que campo búsqueda item 1 sea visible (timeout: 300s, se reinicia con progreso)...
2026-01-08 10:50:57,075 - INFO - PROGRESO: campo búsqueda item 1 visible - REINICIANDO timeout
2026-01-08 10:50:57,094 - INFO - OK - campo búsqueda item 1 listo después de 0.0s
2026-01-08 10:50:57,132 - INFO - Código 442943300005 ingresado en campo búsqueda
2026-01-08 10:50:57,156 - INFO - Enter enviado para búsqueda
2026-01-08 10:50:59,893 - INFO - Mensaje informativo (ignorado): Error
close
ERROR TO OBTAIN THE PARAMATER: permitirNoInventariadosSeguros...
2026-01-08 10:50:59,893 - INFO - Item 442943300005 procesado correctamente
2026-01-08 10:50:59,893 - INFO - === MÓDULO 4: GARANTÍAS ITEM 1 ===
2026-01-08 10:50:59,894 - INFO - Garantía: AGREGAR
2026-01-08 10:51:01,000 - INFO - Screenshot capturado: C3_07_pantalla_garantias_01.png
2026-01-08 10:51:07,061 - INFO - Botón Add encontrado: //button[contains(@class, 'btn-success') and contains(text(), 'Add')]
2026-01-08 10:51:07,085 - INFO - Click en Añadir garantía
2026-01-08 10:51:09,100 - INFO - Encontradas 6 opciones de garantía
2026-01-08 10:51:09,151 - INFO - Garantía seleccionada - precio: $337.25
2026-01-08 10:51:10,189 - INFO - Clic en botón final para garantía con precio
2026-01-08 10:51:11,291 - INFO - Screenshot capturado: C3_08_garantia_procesada_01.png
2026-01-08 10:51:12,388 - INFO - Screenshot capturado: C3_06_item_con_garantias_procesadas_01.png
2026-01-08 10:51:12,389 - INFO - Garantías procesadas para item 1
2026-01-08 10:51:12,391 - INFO - --- ITEM 2/3 ---
2026-01-08 10:51:12,391 - INFO - === MÓDULO 3: AGREGAR ITEM 2 ===
2026-01-08 10:51:12,391 - INFO - Código: 455740400014, Cantidad: 1
2026-01-08 10:51:12,392 - INFO - Esperando que campo búsqueda item 2 sea visible (timeout: 300s, se reinicia con progreso)...
2026-01-08 10:51:12,425 - INFO - PROGRESO: campo búsqueda item 2 visible - REINICIANDO timeout
2026-01-08 10:51:12,446 - INFO - OK - campo búsqueda item 2 listo después de 0.0s
2026-01-08 10:51:12,481 - INFO - Código 455740400014 ingresado en campo búsqueda
2026-01-08 10:51:12,503 - INFO - Enter enviado para búsqueda
2026-01-08 10:51:18,077 - INFO - Mensaje informativo (ignorado): Error
close
ERROR TO OBTAIN THE PARAMATER: permitirNoInventariadosSeguros...
2026-01-08 10:51:18,078 - INFO - Item 455740400014 procesado correctamente
2026-01-08 10:51:18,078 - INFO - === MÓDULO 4: GARANTÍAS ITEM 2 ===
2026-01-08 10:51:18,079 - INFO - Garantía: AGREGAR
2026-01-08 10:51:19,208 - INFO - Screenshot capturado: C3_07_pantalla_garantias_02.png
2026-01-08 10:51:25,260 - INFO - Botón Add encontrado: //button[contains(@class, 'btn-success') and contains(text(), 'Add')]
2026-01-08 10:51:25,293 - INFO - Click en Añadir garantía
2026-01-08 10:51:27,851 - INFO - Encontradas 6 opciones de garantía
2026-01-08 10:51:27,921 - INFO - Garantía seleccionada - precio: $142.25
2026-01-08 10:51:28,948 - INFO - Clic en botón final para garantía con precio
2026-01-08 10:51:30,039 - INFO - Screenshot capturado: C3_08_garantia_procesada_02.png
2026-01-08 10:51:31,101 - INFO - Screenshot capturado: C3_06_item_con_garantias_procesadas_02.png
2026-01-08 10:51:31,101 - INFO - Garantías procesadas para item 2
2026-01-08 10:51:31,102 - INFO - --- ITEM 3/3 ---
2026-01-08 10:51:31,103 - INFO - === MÓDULO 3: AGREGAR ITEM 3 ===
2026-01-08 10:51:31,103 - INFO - Código: 458484100011, Cantidad: 1
2026-01-08 10:51:31,103 - INFO - Esperando que campo búsqueda item 3 sea visible (timeout: 300s, se reinicia con progreso)...
2026-01-08 10:51:31,123 - INFO - PROGRESO: campo búsqueda item 3 visible - REINICIANDO timeout
2026-01-08 10:51:31,146 - INFO - OK - campo búsqueda item 3 listo después de 0.0s
2026-01-08 10:51:31,194 - INFO - Código 458484100011 ingresado en campo búsqueda
2026-01-08 10:51:31,216 - INFO - Enter enviado para búsqueda
2026-01-08 10:51:38,890 - INFO - Mensaje informativo (ignorado): Error
close
ERROR TO OBTAIN THE PARAMATER: permitirNoInventariadosSeguros...
2026-01-08 10:51:38,891 - INFO - Item 458484100011 procesado correctamente
2026-01-08 10:51:38,891 - INFO - === MÓDULO 4: GARANTÍAS ITEM 3 ===
2026-01-08 10:51:38,891 - INFO - Garantía: AGREGAR
2026-01-08 10:51:40,022 - INFO - Screenshot capturado: C3_07_pantalla_garantias_03.png
2026-01-08 10:51:46,077 - INFO - Botón Add encontrado: //button[contains(@class, 'btn-success') and contains(text(), 'Add')]
2026-01-08 10:51:46,105 - INFO - Click en Añadir garantía
2026-01-08 10:51:48,182 - INFO - Encontradas 6 opciones de garantía
2026-01-08 10:51:48,254 - INFO - Garantía seleccionada - precio: $54.75
2026-01-08 10:51:49,300 - INFO - Clic en botón final para garantía con precio
2026-01-08 10:51:50,442 - INFO - Screenshot capturado: C3_08_garantia_procesada_03.png
2026-01-08 10:51:51,523 - INFO - Screenshot capturado: C3_06_item_con_garantias_procesadas_03.png
2026-01-08 10:51:51,524 - INFO - Garantías procesadas para item 3
2026-01-08 10:51:51,524 - INFO - === PASO 7: ENLAZAR CUSTOMER ==========================================================================
2026-01-08 10:51:51,524 - INFO - === MÓDULO 5: ENLAZAR CUSTOMER ===
2026-01-08 10:51:51,614 - INFO - Screenshot capturado: C3_12_antes_enlazar_cliente.png
2026-01-08 10:51:56,668 - INFO - Enlace cliente encontrado: /html/body/div[2]/div[3]/div[28]/div[3]/h4/a
2026-01-08 10:51:56,708 - INFO - Click en enlace cliente
2026-01-08 10:51:59,810 - INFO - Screenshot capturado: C3_13_formulario_cliente.png
2026-01-08 10:52:01,149 - INFO - Cliente 057874256 ingresado
2026-01-08 10:52:02,273 - INFO - Screenshot capturado: C3_14_cliente_ingresado.png
2026-01-08 10:52:03,102 - INFO - Primer Next
2026-01-08 10:52:06,207 - INFO - Screenshot capturado: C3_15_primer_next.png
2026-01-08 10:52:11,480 - INFO - Segundo Next
2026-01-08 10:52:14,587 - INFO - Screenshot capturado: C3_16_segundo_next.png
2026-01-08 10:52:14,588 - INFO - Customer enlazado exitosamente
2026-01-08 10:52:14,589 - INFO - === PASO 8: CONFIGURAR ENTREGA ====================================================================
2026-01-08 10:52:14,591 - INFO - === MÓDULO 6: DESPACHO/ENTREGA ===
2026-01-08 10:52:14,592 - INFO - Despacho/Entrega: CONFIGURAR
2026-01-08 10:52:14,592 - INFO - Tipo de entrega: cliente llevará
2026-01-08 10:52:14,685 - INFO - Screenshot capturado: C3_17_antes_entrega_cliente.png
2026-01-08 10:52:14,686 - INFO - Paso 1: Buscando botón Transaction Options
2026-01-08 10:52:17,719 - INFO - ✓ Transaction Options encontrado con: transactionOptionsBtn
2026-01-08 10:52:17,732 - INFO - Click en Transaction Options exitoso
2026-01-08 10:52:20,842 - INFO - Screenshot capturado: C3_18_menu_transaction_options.png
2026-01-08 10:52:20,843 - INFO - Paso 2: Seleccionando opción de entrega
2026-01-08 10:52:20,923 - INFO - Opción de entrega seleccionada
2026-01-08 10:52:24,028 - INFO - Screenshot capturado: C3_19_formulario_entrega.png
2026-01-08 10:52:24,028 - INFO - Paso 3: Llenando datos del formulario
2026-01-08 10:52:24,114 - INFO - Nombre 1 ingresado: ELISEO AMILCAR LOPEZ + Enter
2026-01-08 10:52:25,169 - INFO - Nombre 2 ingresado: MARGARITA PORTILLO DE LOPEZ + Enter
2026-01-08 10:52:26,219 - INFO - ✓ Campo adicional (div[4]) ingresado: ELISEO LOPEZ + Enter
2026-01-08 10:52:27,220 - INFO - Paso 4: Configurando select MADRE
2026-01-08 10:52:27,474 - INFO - Select MADRE abierto
2026-01-08 10:52:29,281 - INFO - ✓ Opción MADRE seleccionada
2026-01-08 10:52:30,282 - INFO - Paso 4B: Configurando transportador (relationship)
2026-01-08 10:52:30,522 - INFO - ✓ Select TRANSPORTADOR abierto con: /html/body/div[2]/form/div[1]/div/div[2]/div[6]/span[2]/span/a
2026-01-08 10:52:31,781 - INFO - ✓ Opción TRANSPORTADOR seleccionada
2026-01-08 10:52:32,782 - INFO - Paso 5: Configurando tipo de entrega: cliente llevará
2026-01-08 10:52:33,054 - INFO - ✓ Select TIPO ENTREGA abierto
2026-01-08 10:52:34,294 - INFO - ✓ Tipo entrega seleccionado: Cliente llevará (Cliente Recoge)
2026-01-08 10:52:36,295 - INFO - Paso 6: Configurando lugar de salida (Bodega Nejapa)
2026-01-08 10:52:36,352 - INFO - ✓ Texto escrito: BODEGA 94 NEJAPA
2026-01-08 10:52:38,618 - INFO - ✓ Opción clickeada del dropdown: BODEGA 94 NEJAPA
2026-01-08 10:52:43,640 - INFO - ℹ️ No se requiere OK para lugar de salida
2026-01-08 10:52:45,641 - INFO - Paso 7: Configurando transporte (11094 - BODEGA 94 NEJAPA)
2026-01-08 10:52:47,668 - INFO - ✓ Caja de texto del transporte encontrada
2026-01-08 10:52:48,452 - INFO - ✓ Texto escrito: BODEGA 94 NEJAPA
2026-01-08 10:52:49,453 - INFO - -Buscando opción '11094 - BODEGA 94 NEJAPA' en dropdown...
2026-01-08 10:52:49,454 - INFO - Intentando con selector: //li[@class='ui-menu-item']//a[contains(text(), '11094 - BODEGA 94 NEJAPA')]
2026-01-08 10:52:50,507 - INFO - Intentando con selector: //li[@role='menuitem']//a[contains(text(), '11094 - BODEGA 94 NEJAPA')]
2026-01-08 10:52:51,566 - INFO - Intentando con selector: //li[contains(@class, 'ui-menu-item')]//a[contains(text(), 'BODEGA 94 NEJAPA')]
2026-01-08 10:52:52,619 - INFO - Intentando con selector: //ul[contains(@class, 'ui-autocomplete')]//a[contains(text(), '11094')]
2026-01-08 10:52:53,683 - INFO - Intentando con selector: //a[@class='ui-corner-all'][contains(text(), '11094 - BODEGA 94 NEJAPA')]
2026-01-08 10:52:54,745 - INFO - Intentando con selector: /html/body/ul[4]/li/a
2026-01-08 10:52:55,804 - INFO - 🔄 Fallback: Usando flecha abajo + Enter...
2026-01-08 10:52:56,364 - INFO - ✓ Flecha abajo + Enter ejecutado
2026-01-08 10:52:57,416 - INFO - 🔍 Verificación final: Input='11094 - BODEGA 94 NEJAPA', Select='11094'
2026-01-08 10:52:57,416 - INFO - ✅ TRANSPORTE CONFIGURADO EXITOSAMENTE
2026-01-08 10:53:00,417 - INFO - Paso 8: Agregando instrucciones
2026-01-08 10:53:05,437 - WARNING - Error agregando instrucciones: Message: Unable to locate element: //*[@id='instructions']; For documentation on this error, please visit: https://www.selenium.dev/documentation/webdriver/troubleshooting/errors#nosuchelementexception
Stacktrace:
RemoteError@chrome://remote/content/shared/RemoteError.sys.mjs:8:8
WebDriverError@chrome://remote/content/shared/webdriver/Errors.sys.mjs:187:5
NoSuchElementError@chrome://remote/content/shared/webdriver/Errors.sys.mjs:505:5
element.find/</<@chrome://remote/content/marionette/element.sys.mjs:135:16

2026-01-08 10:53:05,438 - INFO - Paso 9: Enviando formulario de entrega
2026-01-08 10:53:10,454 - WARNING - Error enviando formulario: Message: Unable to locate element: /html/body/div[2]/form/div[2]/button; For documentation on this error, please visit: https://www.selenium.dev/documentation/webdriver/troubleshooting/errors#nosuchelementexception
Stacktrace:
RemoteError@chrome://remote/content/shared/RemoteError.sys.mjs:8:8
WebDriverError@chrome://remote/content/shared/webdriver/Errors.sys.mjs:187:5
NoSuchElementError@chrome://remote/content/shared/webdriver/Errors.sys.mjs:505:5
element.find/</<@chrome://remote/content/marionette/element.sys.mjs:135:16

2026-01-08 10:53:10,455 - WARNING - ⚠️ Error en despacho, continuando...
2026-01-08 10:53:10,456 - INFO - === PASO 11: FINALIZAR COTIZACIÓN ===
2026-01-08 10:53:10,456 - INFO - === FINALIZANDO COTIZACIÓN ===
2026-01-08 10:53:10,553 - INFO - Screenshot capturado: C3_17_antes_finalizar.png
2026-01-08 10:53:12,554 - INFO - PASO 1: Click en botón finalizar
2026-01-08 10:53:15,576 - INFO - ✓ Botón finalizar encontrado con: /html/body/div[2]/div[4]/div/div/div[3]/form[1]/button
2026-01-08 10:53:15,662 - INFO - Screenshot capturado: C3_18_antes_finalizar.png
2026-01-08 10:53:15,663 - INFO - 🔧 Preservando datos de sesión...
2026-01-08 10:53:15,674 - INFO - 📝 Sesión preservada - OrderID: undefined, SessionData: 
2026-01-08 10:53:15,695 - INFO - ✓ Click en botón finalizar exitoso
2026-01-08 10:53:18,707 - INFO - 🖨️ Elementos printer encontrados: 10
2026-01-08 10:53:18,739 - INFO -   Elemento 1: tag=form, id=printForm, class=
2026-01-08 10:53:18,775 - INFO -   Elemento 2: tag=div, id=, class=printingBox
2026-01-08 10:53:18,818 - INFO -   Elemento 3: tag=input, id=printerGroup, class=printerRadioButton btnFloatRight
2026-01-08 10:53:18,878 - INFO -   Elemento 4: tag=input, id=printerName0, class=
2026-01-08 10:53:18,919 - INFO -   Elemento 5: tag=input, id=printerLocation0, class=
2026-01-08 10:53:18,931 - INFO - 📋 Modales encontrados: 231
2026-01-08 10:53:18,956 - INFO -   Modal 1: tag=div, id=itemInquiryDialog, visible=False
2026-01-08 10:53:18,989 - INFO -   Modal 2: tag=div, id=, visible=False
2026-01-08 10:53:19,025 - INFO -   Modal 3: tag=div, id=, visible=False
2026-01-08 10:53:19,032 - INFO - 📝 Formularios encontrados: 60
2026-01-08 10:53:19,033 - INFO - 🔍 MONITOREANDO ESTADO POST-SAVE...
2026-01-08 10:53:20,037 - INFO - 📍 Segundo 1: URL = http://ursvtols8b3c:8080/engage-unicomer-web/saleOrder/saveAndPrint
2026-01-08 10:53:20,043 - INFO - 📄 Segundo 1: Título = Grupo Unicomer
2026-01-08 10:53:21,787 - INFO - 🔘 Segundo 1: Botones visibles = ['Search', 'Item Inquiry', 'Transaction Options', 'Save & Print', 'Save']
2026-01-08 10:53:21,810 - INFO - 🖨️ Segundo 1: Printer Group encontrado! Visible=True
2026-01-08 10:53:21,811 - INFO - ✅ PRINTER GROUP DISPONIBLE - Procediendo a hacer click...
2026-01-08 10:53:22,063 - INFO - ✓ Default Printer seleccionado: //*[@id='printerGroup']
2026-01-08 10:53:23,093 - INFO - 🖨️ Botón print encontrado: //button[@id='defaultSubmitPrintButton']
2026-01-08 10:53:23,118 - INFO - ✅ CLICK EN BOTÓN IMPRIMIR EXITOSO
2026-01-08 10:53:25,166 - INFO - ✅ CONFIRMACIÓN FINAL EXITOSA
2026-01-08 10:53:25,295 - INFO - Screenshot capturado: C3_21_print_completado.png
2026-01-08 10:53:25,296 - INFO - ✅ Finalización exitosa
2026-01-08 10:53:25,297 - INFO - === PASO 12: GENERAR REPORTE INDIVIDUAL ===
2026-01-08 10:53:25,297 - INFO - Generando reporte para cotización 3 con número 1160920625004S
2026-01-08 10:53:25,298 - INFO - Screenshots disponibles: 22
2026-01-08 10:53:25,298 - INFO - 🔄 Generando reporte para cotización 3: 1160920625004S
2026-01-08 10:53:25,464 - INFO - ✅ Excel actualizado - Cotización 3: 1160920625004S
2026-01-08 10:53:25,848 - INFO - Reporte ejecutivo generado: Reporte_cotizacion_1160920625004S.docx
2026-01-08 10:53:25,848 - INFO - Archivo verificado: 2135572 bytes
2026-01-08 10:53:25,848 - INFO - Reporte Word generado exitosamente para cotización 3
2026-01-08 10:53:25,849 - INFO - Iniciando limpieza de screenshots después de generar reporte
2026-01-08 10:53:25,850 - INFO - Screenshot eliminado: C3_02_dashboard.png
2026-01-08 10:53:25,851 - INFO - Screenshot eliminado: C3_04_formulario_orden.png
2026-01-08 10:53:25,852 - INFO - Screenshot eliminado: C3_07_pantalla_garantias_01.png
2026-01-08 10:53:25,853 - INFO - Screenshot eliminado: C3_08_garantia_procesada_01.png
2026-01-08 10:53:25,854 - INFO - Screenshot eliminado: C3_06_item_con_garantias_procesadas_01.png
2026-01-08 10:53:25,856 - INFO - Screenshot eliminado: C3_07_pantalla_garantias_02.png
2026-01-08 10:53:25,857 - INFO - Screenshot eliminado: C3_08_garantia_procesada_02.png
2026-01-08 10:53:25,857 - INFO - Screenshot eliminado: C3_06_item_con_garantias_procesadas_02.png
2026-01-08 10:53:25,858 - INFO - Screenshot eliminado: C3_07_pantalla_garantias_03.png
2026-01-08 10:53:25,862 - INFO - Screenshot eliminado: C3_08_garantia_procesada_03.png
2026-01-08 10:53:25,864 - INFO - Screenshot eliminado: C3_06_item_con_garantias_procesadas_03.png
2026-01-08 10:53:25,865 - INFO - Screenshot eliminado: C3_12_antes_enlazar_cliente.png
2026-01-08 10:53:25,866 - INFO - Screenshot eliminado: C3_13_formulario_cliente.png
2026-01-08 10:53:25,867 - INFO - Screenshot eliminado: C3_14_cliente_ingresado.png
2026-01-08 10:53:25,868 - INFO - Screenshot eliminado: C3_15_primer_next.png
2026-01-08 10:53:25,869 - INFO - Screenshot eliminado: C3_16_segundo_next.png
2026-01-08 10:53:25,870 - INFO - Screenshot eliminado: C3_17_antes_entrega_cliente.png
2026-01-08 10:53:25,871 - INFO - Screenshot eliminado: C3_18_menu_transaction_options.png
2026-01-08 10:53:25,872 - INFO - Screenshot eliminado: C3_19_formulario_entrega.png
2026-01-08 10:53:25,872 - INFO - Screenshot eliminado: C3_17_antes_finalizar.png
2026-01-08 10:53:25,873 - INFO - Screenshot eliminado: C3_18_antes_finalizar.png
2026-01-08 10:53:25,875 - INFO - Screenshot eliminado: C3_21_print_completado.png
2026-01-08 10:53:25,875 - INFO - 22 screenshots eliminados para esta cotización
2026-01-08 10:53:25,875 - INFO - Cotización 3 completada: 1160920625004S
2026-01-08 10:53:27,876 - INFO - 
🔄 PROCESANDO COTIZACIÓN 4/13: 4
2026-01-08 10:53:27,877 - INFO - === PASO 4: INICIAR ORDEN DE COMPRA ===
2026-01-08 10:53:27,877 - INFO - Buscando botón 'Comience una Orden de Compra'...
2026-01-08 10:53:27,989 - INFO - Screenshot capturado: C4_02_dashboard.png
2026-01-08 10:53:27,990 - INFO - Intentando selector 1: /html/body/div[2]/div[4]/div/div/div[1]/a[1]/input
2026-01-08 10:53:27,991 - INFO - Esperando que botón orden selector 1 sea visible (timeout: 300s, se reinicia con progreso)...
2026-01-08 10:53:28,019 - INFO - PROGRESO: botón orden selector 1 visible - REINICIANDO timeout
2026-01-08 10:53:28,038 - INFO - OK - botón orden selector 1 listo después de 0.0s
2026-01-08 10:53:28,590 - INFO - Click exitoso en botón orden selector 1
2026-01-08 10:53:29,707 - INFO - Screenshot capturado: C4_04_formulario_orden.png
2026-01-08 10:53:29,710 - INFO - Click realizado en botón orden
2026-01-08 10:53:29,710 - INFO - Preparando nueva cotización...
2026-01-08 10:53:34,726 - INFO - ✓ Storage del navegador limpiado
2026-01-08 10:53:34,731 - INFO - ✓ Página estabilizada para nueva cotización
2026-01-08 10:53:34,732 - INFO - ✓ Sistema listo para siguiente cotización automática
2026-01-08 10:53:35,733 - INFO - Configuración - Garantías: SI, Descuento: NO, Créditos: NO, Entrega: SI, Tipo Entrega: cliente llevará
2026-01-08 10:53:35,734 - INFO - === PASO 5: EXTRAER NÚMERO COTIZACIÓN ===
2026-01-08 10:53:35,734 - INFO - === EXTRAYENDO NÚMERO DE COTIZACIÓN INICIAL ===
2026-01-08 10:53:37,778 - INFO - Número encontrado con selector: li.quotationNumberTitle p:last-child
2026-01-08 10:53:37,778 - INFO - Número de cotización: 1160920625004X
2026-01-08 10:53:37,779 - INFO - Número base extraído: 1160920625004X
2026-01-08 10:53:37,780 - INFO - Número único generado: 1160920625004X_7779
2026-01-08 10:53:37,780 - INFO - === PASO 6: AGREGAR ITEMS ============================================================================
2026-01-08 10:53:37,781 - INFO - --- ITEM 1/3 ---
2026-01-08 10:53:37,781 - INFO - === MÓDULO 3: AGREGAR ITEM 1 ===
2026-01-08 10:53:37,782 - INFO - Código: 461772000016, Cantidad: 1
2026-01-08 10:53:37,782 - INFO - Esperando que campo búsqueda item 1 sea visible (timeout: 300s, se reinicia con progreso)...
2026-01-08 10:53:37,811 - INFO - PROGRESO: campo búsqueda item 1 visible - REINICIANDO timeout
2026-01-08 10:53:37,840 - INFO - OK - campo búsqueda item 1 listo después de 0.0s
2026-01-08 10:53:37,887 - INFO - Código 461772000016 ingresado en campo búsqueda
2026-01-08 10:53:37,928 - INFO - Enter enviado para búsqueda
2026-01-08 10:53:40,184 - INFO - Mensaje informativo (ignorado): Error
close
ERROR TO OBTAIN THE PARAMATER: permitirNoInventariadosSeguros...
2026-01-08 10:53:40,184 - INFO - Item 461772000016 procesado correctamente
2026-01-08 10:53:40,185 - INFO - === MÓDULO 4: GARANTÍAS ITEM 1 ===
2026-01-08 10:53:40,185 - INFO - Garantía: AGREGAR
2026-01-08 10:53:41,326 - INFO - Screenshot capturado: C4_07_pantalla_garantias_01.png
2026-01-08 10:53:47,375 - INFO - Botón Add encontrado: //button[contains(@class, 'btn-success') and contains(text(), 'Add')]
2026-01-08 10:53:47,407 - INFO - Click en Añadir garantía
2026-01-08 10:53:49,778 - INFO - Encontradas 7 opciones de garantía
2026-01-08 10:53:49,790 - INFO - Precio $0.00 encontrado - buscando botón Void
2026-01-08 10:53:49,820 - INFO - Clic en botón Void para garantía $0.00
2026-01-08 10:53:49,901 - INFO - Screenshot capturado: C4_08_garantia_void_01.png
2026-01-08 10:53:50,985 - INFO - Screenshot capturado: C4_06_item_con_garantias_procesadas_01.png
2026-01-08 10:53:50,985 - INFO - Garantías procesadas para item 1
2026-01-08 10:53:50,986 - INFO - --- ITEM 2/3 ---
2026-01-08 10:53:50,986 - INFO - === MÓDULO 3: AGREGAR ITEM 2 ===
2026-01-08 10:53:50,986 - INFO - Código: 450879300006, Cantidad: 1
2026-01-08 10:53:50,987 - INFO - Esperando que campo búsqueda item 2 sea visible (timeout: 300s, se reinicia con progreso)...
2026-01-08 10:53:51,019 - INFO - PROGRESO: campo búsqueda item 2 visible - REINICIANDO timeout
2026-01-08 10:53:51,052 - INFO - OK - campo búsqueda item 2 listo después de 0.0s
2026-01-08 10:53:51,081 - INFO - Código 450879300006 ingresado en campo búsqueda
2026-01-08 10:53:51,104 - INFO - Enter enviado para búsqueda
2026-01-08 10:53:55,609 - INFO - Mensaje informativo (ignorado): Error
close
ERROR TO OBTAIN THE PARAMATER: permitirNoInventariadosSeguros...
2026-01-08 10:53:55,610 - INFO - Item 450879300006 procesado correctamente
2026-01-08 10:53:55,610 - INFO - === MÓDULO 4: GARANTÍAS ITEM 2 ===
2026-01-08 10:53:55,611 - INFO - Garantía: AGREGAR
2026-01-08 10:53:56,727 - INFO - Screenshot capturado: C4_07_pantalla_garantias_02.png
2026-01-08 10:54:02,765 - INFO - Botón Add encontrado: //button[contains(@class, 'btn-success') and contains(text(), 'Add')]
2026-01-08 10:54:02,794 - INFO - Click en Añadir garantía
2026-01-08 10:54:04,848 - INFO - Encontradas 6 opciones de garantía
2026-01-08 10:54:04,910 - INFO - Garantía seleccionada - precio: $77.97
2026-01-08 10:54:05,935 - INFO - Clic en botón final para garantía con precio
2026-01-08 10:54:07,071 - INFO - Screenshot capturado: C4_08_garantia_procesada_02.png
2026-01-08 10:54:08,161 - INFO - Screenshot capturado: C4_06_item_con_garantias_procesadas_02.png
2026-01-08 10:54:08,162 - INFO - Garantías procesadas para item 2
2026-01-08 10:54:08,163 - INFO - --- ITEM 3/3 ---
2026-01-08 10:54:08,164 - INFO - === MÓDULO 3: AGREGAR ITEM 3 ===
2026-01-08 10:54:08,164 - INFO - Código: 462708100008, Cantidad: 1
2026-01-08 10:54:08,164 - INFO - Esperando que campo búsqueda item 3 sea visible (timeout: 300s, se reinicia con progreso)...
2026-01-08 10:54:08,192 - INFO - PROGRESO: campo búsqueda item 3 visible - REINICIANDO timeout
2026-01-08 10:54:08,217 - INFO - OK - campo búsqueda item 3 listo después de 0.0s
2026-01-08 10:54:08,253 - INFO - Código 462708100008 ingresado en campo búsqueda
2026-01-08 10:54:08,283 - INFO - Enter enviado para búsqueda
2026-01-08 10:54:13,509 - INFO -  Popup cerrado
2026-01-08 10:54:13,548 - INFO - Item 462708100008 procesado correctamente
2026-01-08 10:54:13,551 - INFO - === MÓDULO 4: GARANTÍAS ITEM 3 ===
2026-01-08 10:54:13,552 - INFO - Garantía: AGREGAR
2026-01-08 10:54:14,667 - INFO - Screenshot capturado: C4_07_pantalla_garantias_03.png
2026-01-08 10:54:35,731 - INFO - No se detectó pantalla de garantías - continuando sin agregar
2026-01-08 10:54:35,732 - INFO - === PASO 7: ENLAZAR CUSTOMER ==========================================================================
2026-01-08 10:54:35,733 - INFO - === MÓDULO 5: ENLAZAR CUSTOMER ===
2026-01-08 10:54:35,797 - INFO - Screenshot capturado: C4_12_antes_enlazar_cliente.png
2026-01-08 10:54:40,834 - INFO - Enlace cliente encontrado: /html/body/div[2]/div[3]/div[28]/div[3]/h4/a
2026-01-08 10:54:40,855 - INFO - Click en enlace cliente
2026-01-08 10:54:43,953 - INFO - Screenshot capturado: C4_13_formulario_cliente.png
2026-01-08 10:54:45,254 - INFO - Cliente 057874256 ingresado
2026-01-08 10:54:46,371 - INFO - Screenshot capturado: C4_14_cliente_ingresado.png
2026-01-08 10:54:46,966 - INFO - Primer Next
2026-01-08 10:54:50,071 - INFO - Screenshot capturado: C4_15_primer_next.png
2026-01-08 10:54:54,967 - INFO - Segundo Next
2026-01-08 10:54:58,055 - INFO - Screenshot capturado: C4_16_segundo_next.png
2026-01-08 10:54:58,056 - INFO - Customer enlazado exitosamente
2026-01-08 10:54:58,056 - INFO - === PASO 8: CONFIGURAR ENTREGA ====================================================================
2026-01-08 10:54:58,057 - INFO - === MÓDULO 6: DESPACHO/ENTREGA ===
2026-01-08 10:54:58,057 - INFO - Despacho/Entrega: CONFIGURAR
2026-01-08 10:54:58,057 - INFO - Tipo de entrega: cliente llevará
2026-01-08 10:54:58,143 - INFO - Screenshot capturado: C4_17_antes_entrega_cliente.png
2026-01-08 10:54:58,143 - INFO - Paso 1: Buscando botón Transaction Options
2026-01-08 10:55:01,177 - INFO - ✓ Transaction Options encontrado con: transactionOptionsBtn
2026-01-08 10:55:01,196 - INFO - Click en Transaction Options exitoso
2026-01-08 10:55:04,282 - INFO - Screenshot capturado: C4_18_menu_transaction_options.png
2026-01-08 10:55:04,283 - INFO - Paso 2: Seleccionando opción de entrega
2026-01-08 10:55:04,329 - INFO - Opción de entrega seleccionada
2026-01-08 10:55:07,414 - INFO - Screenshot capturado: C4_19_formulario_entrega.png
2026-01-08 10:55:07,414 - INFO - Paso 3: Llenando datos del formulario
2026-01-08 10:55:07,485 - INFO - Nombre 1 ingresado: ELISEO AMILCAR LOPEZ + Enter
2026-01-08 10:55:08,568 - INFO - Nombre 2 ingresado: MARGARITA PORTILLO DE LOPEZ + Enter
2026-01-08 10:55:09,611 - INFO - ✓ Campo adicional (div[4]) ingresado: ELISEO LOPEZ + Enter
2026-01-08 10:55:10,612 - INFO - Paso 4: Configurando select MADRE
2026-01-08 10:55:10,867 - INFO - Select MADRE abierto
2026-01-08 10:55:12,635 - INFO - ✓ Opción MADRE seleccionada
2026-01-08 10:55:13,636 - INFO - Paso 4B: Configurando transportador (relationship)
2026-01-08 10:55:13,930 - INFO - ✓ Select TRANSPORTADOR abierto con: /html/body/div[2]/form/div[1]/div/div[2]/div[6]/span[2]/span/a
2026-01-08 10:55:15,207 - INFO - ✓ Opción TRANSPORTADOR seleccionada
2026-01-08 10:55:16,208 - INFO - Paso 5: Configurando tipo de entrega: cliente llevará
2026-01-08 10:55:16,494 - INFO - ✓ Select TIPO ENTREGA abierto
2026-01-08 10:55:17,752 - INFO - ✓ Tipo entrega seleccionado: Cliente llevará (Cliente Recoge)
2026-01-08 10:55:19,753 - INFO - Paso 6: Configurando lugar de salida (Bodega Nejapa)
2026-01-08 10:55:19,807 - INFO - ✓ Texto escrito: BODEGA 94 NEJAPA
2026-01-08 10:55:22,101 - INFO - ✓ Opción clickeada del dropdown: BODEGA 94 NEJAPA
2026-01-08 10:55:27,121 - INFO - ℹ️ No se requiere OK para lugar de salida
2026-01-08 10:55:29,122 - INFO - Paso 7: Configurando transporte (11094 - BODEGA 94 NEJAPA)
2026-01-08 10:55:31,149 - INFO - ✓ Caja de texto del transporte encontrada
2026-01-08 10:55:31,937 - INFO - ✓ Texto escrito: BODEGA 94 NEJAPA
2026-01-08 10:55:32,938 - INFO - -Buscando opción '11094 - BODEGA 94 NEJAPA' en dropdown...
2026-01-08 10:55:32,938 - INFO - Intentando con selector: //li[@class='ui-menu-item']//a[contains(text(), '11094 - BODEGA 94 NEJAPA')]
2026-01-08 10:55:33,996 - INFO - Intentando con selector: //li[@role='menuitem']//a[contains(text(), '11094 - BODEGA 94 NEJAPA')]
2026-01-08 10:55:35,057 - INFO - Intentando con selector: //li[contains(@class, 'ui-menu-item')]//a[contains(text(), 'BODEGA 94 NEJAPA')]
2026-01-08 10:55:36,110 - INFO - Intentando con selector: //ul[contains(@class, 'ui-autocomplete')]//a[contains(text(), '11094')]
2026-01-08 10:55:37,159 - INFO - Intentando con selector: //a[@class='ui-corner-all'][contains(text(), '11094 - BODEGA 94 NEJAPA')]
2026-01-08 10:55:38,203 - INFO - Intentando con selector: /html/body/ul[4]/li/a
2026-01-08 10:55:39,258 - INFO - 🔄 Fallback: Usando flecha abajo + Enter...
2026-01-08 10:55:39,820 - INFO - ✓ Flecha abajo + Enter ejecutado
2026-01-08 10:55:40,872 - INFO - 🔍 Verificación final: Input='11094 - BODEGA 94 NEJAPA', Select='11094'
2026-01-08 10:55:40,874 - INFO - ✅ TRANSPORTE CONFIGURADO EXITOSAMENTE
2026-01-08 10:55:43,875 - INFO - Paso 8: Agregando instrucciones
2026-01-08 10:55:48,893 - WARNING - Error agregando instrucciones: Message: Unable to locate element: //*[@id='instructions']; For documentation on this error, please visit: https://www.selenium.dev/documentation/webdriver/troubleshooting/errors#nosuchelementexception
Stacktrace:
RemoteError@chrome://remote/content/shared/RemoteError.sys.mjs:8:8
WebDriverError@chrome://remote/content/shared/webdriver/Errors.sys.mjs:187:5
NoSuchElementError@chrome://remote/content/shared/webdriver/Errors.sys.mjs:505:5
element.find/</<@chrome://remote/content/marionette/element.sys.mjs:135:16

2026-01-08 10:55:48,894 - INFO - Paso 9: Enviando formulario de entrega
2026-01-08 10:55:53,911 - WARNING - Error enviando formulario: Message: Unable to locate element: /html/body/div[2]/form/div[2]/button; For documentation on this error, please visit: https://www.selenium.dev/documentation/webdriver/troubleshooting/errors#nosuchelementexception
Stacktrace:
RemoteError@chrome://remote/content/shared/RemoteError.sys.mjs:8:8
WebDriverError@chrome://remote/content/shared/webdriver/Errors.sys.mjs:187:5
NoSuchElementError@chrome://remote/content/shared/webdriver/Errors.sys.mjs:505:5
element.find/</<@chrome://remote/content/marionette/element.sys.mjs:135:16

2026-01-08 10:55:53,911 - WARNING - ⚠️ Error en despacho, continuando...
2026-01-08 10:55:53,912 - INFO - === PASO 11: FINALIZAR COTIZACIÓN ===
2026-01-08 10:55:53,912 - INFO - === FINALIZANDO COTIZACIÓN ===
2026-01-08 10:55:54,026 - INFO - Screenshot capturado: C4_17_antes_finalizar.png
2026-01-08 10:55:56,027 - INFO - PASO 1: Click en botón finalizar
2026-01-08 10:55:59,052 - INFO - ✓ Botón finalizar encontrado con: /html/body/div[2]/div[4]/div/div/div[3]/form[1]/button
2026-01-08 10:55:59,146 - INFO - Screenshot capturado: C4_18_antes_finalizar.png
2026-01-08 10:55:59,146 - INFO - 🔧 Preservando datos de sesión...
2026-01-08 10:55:59,157 - INFO - 📝 Sesión preservada - OrderID: undefined, SessionData: 
2026-01-08 10:55:59,181 - INFO - ✓ Click en botón finalizar exitoso
2026-01-08 10:56:02,192 - INFO - 🖨️ Elementos printer encontrados: 10
2026-01-08 10:56:02,222 - INFO -   Elemento 1: tag=form, id=printForm, class=
2026-01-08 10:56:02,246 - INFO -   Elemento 2: tag=div, id=, class=printingBox
2026-01-08 10:56:02,267 - INFO -   Elemento 3: tag=input, id=printerGroup, class=printerRadioButton btnFloatRight
2026-01-08 10:56:02,287 - INFO -   Elemento 4: tag=input, id=printerName0, class=
2026-01-08 10:56:02,312 - INFO -   Elemento 5: tag=input, id=printerLocation0, class=
2026-01-08 10:56:02,325 - INFO - 📋 Modales encontrados: 225
2026-01-08 10:56:02,347 - INFO -   Modal 1: tag=div, id=itemInquiryDialog, visible=False
2026-01-08 10:56:02,375 - INFO -   Modal 2: tag=div, id=, visible=False
2026-01-08 10:56:02,414 - INFO -   Modal 3: tag=div, id=, visible=False
2026-01-08 10:56:02,424 - INFO - 📝 Formularios encontrados: 60
2026-01-08 10:56:02,425 - INFO - 🔍 MONITOREANDO ESTADO POST-SAVE...
2026-01-08 10:56:03,432 - INFO - 📍 Segundo 1: URL = http://ursvtols8b3c:8080/engage-unicomer-web/saleOrder/saveAndPrint
2026-01-08 10:56:03,436 - INFO - 📄 Segundo 1: Título = Grupo Unicomer
2026-01-08 10:56:05,079 - INFO - 🔘 Segundo 1: Botones visibles = ['Search', 'Item Inquiry', 'Transaction Options', 'Save & Print', 'Save']
2026-01-08 10:56:05,101 - INFO - 🖨️ Segundo 1: Printer Group encontrado! Visible=True
2026-01-08 10:56:05,101 - INFO - ✅ PRINTER GROUP DISPONIBLE - Procediendo a hacer click...
2026-01-08 10:56:05,353 - INFO - ✓ Default Printer seleccionado: //*[@id='printerGroup']
2026-01-08 10:56:06,380 - INFO - 🖨️ Botón print encontrado: //button[@id='defaultSubmitPrintButton']
2026-01-08 10:56:06,414 - INFO - ✅ CLICK EN BOTÓN IMPRIMIR EXITOSO
2026-01-08 10:56:08,471 - INFO - ✅ CONFIRMACIÓN FINAL EXITOSA
2026-01-08 10:56:08,595 - INFO - Screenshot capturado: C4_21_print_completado.png
2026-01-08 10:56:08,596 - INFO - ✅ Finalización exitosa
2026-01-08 10:56:08,596 - INFO - === PASO 12: GENERAR REPORTE INDIVIDUAL ===
2026-01-08 10:56:08,597 - INFO - Generando reporte para cotización 4 con número 1160920625004X
2026-01-08 10:56:08,597 - INFO - Screenshots disponibles: 20
2026-01-08 10:56:08,598 - INFO - 🔄 Generando reporte para cotización 4: 1160920625004X
2026-01-08 10:56:08,708 - INFO - ✅ Excel actualizado - Cotización 4: 1160920625004X
2026-01-08 10:56:09,018 - INFO - Reporte ejecutivo generado: Reporte_cotizacion_1160920625004X.docx
2026-01-08 10:56:09,018 - INFO - Archivo verificado: 1808155 bytes
2026-01-08 10:56:09,018 - INFO - Reporte Word generado exitosamente para cotización 4
2026-01-08 10:56:09,019 - INFO - Iniciando limpieza de screenshots después de generar reporte
2026-01-08 10:56:09,020 - INFO - Screenshot eliminado: C4_02_dashboard.png
2026-01-08 10:56:09,021 - INFO - Screenshot eliminado: C4_04_formulario_orden.png
2026-01-08 10:56:09,023 - INFO - Screenshot eliminado: C4_07_pantalla_garantias_01.png
2026-01-08 10:56:09,025 - INFO - Screenshot eliminado: C4_08_garantia_void_01.png
2026-01-08 10:56:09,027 - INFO - Screenshot eliminado: C4_06_item_con_garantias_procesadas_01.png
2026-01-08 10:56:09,028 - INFO - Screenshot eliminado: C4_07_pantalla_garantias_02.png
2026-01-08 10:56:09,029 - INFO - Screenshot eliminado: C4_08_garantia_procesada_02.png
2026-01-08 10:56:09,031 - INFO - Screenshot eliminado: C4_06_item_con_garantias_procesadas_02.png
2026-01-08 10:56:09,033 - INFO - Screenshot eliminado: C4_07_pantalla_garantias_03.png
2026-01-08 10:56:09,034 - INFO - Screenshot eliminado: C4_12_antes_enlazar_cliente.png
2026-01-08 10:56:09,035 - INFO - Screenshot eliminado: C4_13_formulario_cliente.png
2026-01-08 10:56:09,038 - INFO - Screenshot eliminado: C4_14_cliente_ingresado.png
2026-01-08 10:56:09,043 - INFO - Screenshot eliminado: C4_15_primer_next.png
2026-01-08 10:56:09,045 - INFO - Screenshot eliminado: C4_16_segundo_next.png
2026-01-08 10:56:09,046 - INFO - Screenshot eliminado: C4_17_antes_entrega_cliente.png
2026-01-08 10:56:09,047 - INFO - Screenshot eliminado: C4_18_menu_transaction_options.png
2026-01-08 10:56:09,048 - INFO - Screenshot eliminado: C4_19_formulario_entrega.png
2026-01-08 10:56:09,049 - INFO - Screenshot eliminado: C4_17_antes_finalizar.png
2026-01-08 10:56:09,050 - INFO - Screenshot eliminado: C4_18_antes_finalizar.png
2026-01-08 10:56:09,051 - INFO - Screenshot eliminado: C4_21_print_completado.png
2026-01-08 10:56:09,051 - INFO - 20 screenshots eliminados para esta cotización
2026-01-08 10:56:09,051 - INFO - Cotización 4 completada: 1160920625004X
2026-01-08 10:56:11,052 - INFO - 
🔄 PROCESANDO COTIZACIÓN 5/13: 5
2026-01-08 10:56:11,052 - INFO - === PASO 4: INICIAR ORDEN DE COMPRA ===
2026-01-08 10:56:11,052 - INFO - Buscando botón 'Comience una Orden de Compra'...
2026-01-08 10:56:11,150 - INFO - Screenshot capturado: C5_02_dashboard.png
2026-01-08 10:56:11,150 - INFO - Intentando selector 1: /html/body/div[2]/div[4]/div/div/div[1]/a[1]/input
2026-01-08 10:56:11,151 - INFO - Esperando que botón orden selector 1 sea visible (timeout: 300s, se reinicia con progreso)...
2026-01-08 10:56:11,171 - INFO - PROGRESO: botón orden selector 1 visible - REINICIANDO timeout
2026-01-08 10:56:11,209 - INFO - OK - botón orden selector 1 listo después de 0.0s
2026-01-08 10:56:11,783 - INFO - Click exitoso en botón orden selector 1
2026-01-08 10:56:12,895 - INFO - Screenshot capturado: C5_04_formulario_orden.png
2026-01-08 10:56:12,897 - INFO - Click realizado en botón orden
2026-01-08 10:56:12,898 - INFO - Preparando nueva cotización...
2026-01-08 10:56:17,909 - INFO - ✓ Storage del navegador limpiado
2026-01-08 10:56:17,914 - INFO - ✓ Página estabilizada para nueva cotización
2026-01-08 10:56:17,914 - INFO - ✓ Sistema listo para siguiente cotización automática
2026-01-08 10:56:18,915 - INFO - Configuración - Garantías: SI, Descuento: NO, Créditos: NO, Entrega: SI, Tipo Entrega: cliente llevará
2026-01-08 10:56:18,915 - INFO - === PASO 5: EXTRAER NÚMERO COTIZACIÓN ===
2026-01-08 10:56:18,916 - INFO - === EXTRAYENDO NÚMERO DE COTIZACIÓN INICIAL ===
2026-01-08 10:56:20,954 - INFO - Número encontrado con selector: li.quotationNumberTitle p:last-child
2026-01-08 10:56:20,955 - INFO - Número de cotización: 1160920625004Z
2026-01-08 10:56:20,955 - INFO - Número base extraído: 1160920625004Z
2026-01-08 10:56:20,955 - INFO - Número único generado: 1160920625004Z_955
2026-01-08 10:56:20,955 - INFO - === PASO 6: AGREGAR ITEMS ============================================================================
2026-01-08 10:56:20,955 - INFO - --- ITEM 1/1 ---
2026-01-08 10:56:20,956 - INFO - === MÓDULO 3: AGREGAR ITEM 1 ===
2026-01-08 10:56:20,956 - INFO - Código: 471107400015, Cantidad: 1
2026-01-08 10:56:20,956 - INFO - Esperando que campo búsqueda item 1 sea visible (timeout: 300s, se reinicia con progreso)...
2026-01-08 10:56:20,978 - INFO - PROGRESO: campo búsqueda item 1 visible - REINICIANDO timeout
2026-01-08 10:56:21,000 - INFO - OK - campo búsqueda item 1 listo después de 0.0s
2026-01-08 10:56:21,057 - INFO - Código 471107400015 ingresado en campo búsqueda
2026-01-08 10:56:21,090 - INFO - Enter enviado para búsqueda
2026-01-08 10:56:24,299 - INFO - Mensaje informativo (ignorado): Error
close
ERROR TO OBTAIN THE PARAMATER: permitirNoInventariadosSeguros...
2026-01-08 10:56:24,299 - INFO - Item 471107400015 procesado correctamente
2026-01-08 10:56:24,300 - INFO - === MÓDULO 4: GARANTÍAS ITEM 1 ===
2026-01-08 10:56:24,300 - INFO - Garantía: AGREGAR
2026-01-08 10:56:25,451 - INFO - Screenshot capturado: C5_07_pantalla_garantias_01.png
2026-01-08 10:56:31,490 - INFO - Botón Add encontrado: //button[contains(@class, 'btn-success') and contains(text(), 'Add')]
2026-01-08 10:56:31,537 - INFO - Click en Añadir garantía
2026-01-08 10:56:33,575 - INFO - Encontradas 4 opciones de garantía
2026-01-08 10:56:33,602 - INFO - Precio $0.00 encontrado - buscando botón Void
2026-01-08 10:56:33,626 - INFO - Clic en botón Void para garantía $0.00
2026-01-08 10:56:33,708 - INFO - Screenshot capturado: C5_08_garantia_void_01.png
2026-01-08 10:56:34,825 - INFO - Screenshot capturado: C5_06_item_con_garantias_procesadas_01.png
2026-01-08 10:56:34,825 - INFO - Garantías procesadas para item 1
2026-01-08 10:56:34,826 - INFO - === PASO 7: ENLAZAR CUSTOMER ==========================================================================
2026-01-08 10:56:34,826 - INFO - === MÓDULO 5: ENLAZAR CUSTOMER ===
2026-01-08 10:56:34,924 - INFO - Screenshot capturado: C5_12_antes_enlazar_cliente.png
2026-01-08 10:56:39,960 - INFO - Enlace cliente encontrado: /html/body/div[2]/div[3]/div[28]/div[3]/h4/a
2026-01-08 10:56:39,972 - INFO - Click en enlace cliente
2026-01-08 10:56:43,071 - INFO - Screenshot capturado: C5_13_formulario_cliente.png
2026-01-08 10:57:18,175 - ERROR - No se encontró campo de cliente
2026-01-08 10:57:18,176 - ERROR -  Error enlazando customer
2026-01-08 10:57:18,176 - INFO - 
🔄 PROCESANDO COTIZACIÓN 6/13: 6
2026-01-08 10:57:18,176 - INFO - === PASO 4: INICIAR ORDEN DE COMPRA ===
2026-01-08 10:57:18,177 - INFO - Buscando botón 'Comience una Orden de Compra'...
2026-01-08 10:57:18,292 - INFO - Screenshot capturado: C6_02_dashboard.png
2026-01-08 10:57:18,293 - INFO - Intentando selector 1: /html/body/div[2]/div[4]/div/div/div[1]/a[1]/input
2026-01-08 10:57:18,294 - INFO - Esperando que botón orden selector 1 sea visible (timeout: 300s, se reinicia con progreso)...
2026-01-08 10:57:23,809 - INFO - Esperando botón orden selector 1... Sin progreso: 0s, Total: 0s, Queda: 300s
2026-01-08 10:58:24,468 - INFO - Esperando botón orden selector 1... Sin progreso: 61s, Total: 61s, Queda: 239s
2026-01-08 11:00:09,225 - INFO - Esperando botón orden selector 1... Sin progreso: 165s, Total: 165s, Queda: 135s
2026-01-08 11:01:54,009 - INFO - Esperando botón orden selector 1... Sin progreso: 270s, Total: 270s, Queda: 30s
2026-01-08 11:02:24,319 - WARNING - Sin progreso en botón orden selector 1 por 300s - QUITANDO elemento y continuando
2026-01-08 11:02:24,320 - INFO - Total transcurrido: 306.0s
2026-01-08 11:02:24,320 - WARNING - QUITANDO: botón orden selector 1 - Sin progreso por 300s, continuando sin él
2026-01-08 11:02:24,321 - INFO - Selector 1 quitado por falta de progreso, probando siguiente...
2026-01-08 11:02:24,321 - ERROR - Ningún selector de botón orden funcionó - todos fueron quitados por timeout
2026-01-08 11:02:24,322 - WARNING - No se pudo iniciar orden de compra para cotización 6 - continuando con siguiente
2026-01-08 11:02:24,322 - INFO - 
🔄 PROCESANDO COTIZACIÓN 7/13: 7
2026-01-08 11:02:24,323 - INFO - === PASO 4: INICIAR ORDEN DE COMPRA ===
2026-01-08 11:02:24,323 - INFO - Buscando botón 'Comience una Orden de Compra'...
2026-01-08 11:02:24,382 - INFO - Screenshot capturado: C7_02_dashboard.png
2026-01-08 11:02:24,383 - INFO - Intentando selector 1: /html/body/div[2]/div[4]/div/div/div[1]/a[1]/input
2026-01-08 11:02:24,383 - INFO - Esperando que botón orden selector 1 sea visible (timeout: 300s, se reinicia con progreso)...
2026-01-08 11:02:26,080 - INFO - PROGRESO: botón orden selector 1 visible - REINICIANDO timeout
2026-01-08 11:02:26,100 - INFO - OK - botón orden selector 1 listo después de 0.0s
2026-01-08 11:02:26,628 - INFO - Click exitoso en botón orden selector 1
2026-01-08 11:02:27,684 - INFO - Screenshot capturado: C7_04_formulario_orden.png
2026-01-08 11:02:27,684 - INFO - Click realizado en botón orden
2026-01-08 11:02:27,685 - INFO - Preparando nueva cotización...
2026-01-08 11:02:32,700 - INFO - ✓ Storage del navegador limpiado
2026-01-08 11:02:32,705 - INFO - ✓ Página estabilizada para nueva cotización
2026-01-08 11:02:32,705 - INFO - ✓ Sistema listo para siguiente cotización automática
2026-01-08 11:02:33,707 - INFO - Configuración - Garantías: SI, Descuento: NO, Créditos: NO, Entrega: SI, Tipo Entrega: cliente llevará
2026-01-08 11:02:33,707 - INFO - === PASO 5: EXTRAER NÚMERO COTIZACIÓN ===
2026-01-08 11:02:33,708 - INFO - === EXTRAYENDO NÚMERO DE COTIZACIÓN INICIAL ===
2026-01-08 11:02:35,772 - INFO - Número encontrado con selector: li.quotationNumberTitle p:last-child
2026-01-08 11:02:35,773 - INFO - Número de cotización: 11609206250050
2026-01-08 11:02:35,773 - INFO - Número base extraído: 11609206250050
2026-01-08 11:02:35,774 - INFO - Número único generado: 11609206250050_5773
2026-01-08 11:02:35,774 - INFO - === PASO 6: AGREGAR ITEMS ============================================================================
2026-01-08 11:02:35,775 - INFO - --- ITEM 1/1 ---
2026-01-08 11:02:35,776 - INFO - === MÓDULO 3: AGREGAR ITEM 1 ===
2026-01-08 11:02:35,776 - INFO - Código: 462984400014, Cantidad: 1
2026-01-08 11:02:35,777 - INFO - Esperando que campo búsqueda item 1 sea visible (timeout: 300s, se reinicia con progreso)...
2026-01-08 11:02:35,814 - INFO - PROGRESO: campo búsqueda item 1 visible - REINICIANDO timeout
2026-01-08 11:02:35,838 - INFO - OK - campo búsqueda item 1 listo después de 0.0s
2026-01-08 11:02:35,906 - INFO - Código 462984400014 ingresado en campo búsqueda
2026-01-08 11:02:35,931 - INFO - Enter enviado para búsqueda
2026-01-08 11:02:43,267 - INFO - Mensaje informativo (ignorado): Error
close
ERROR TO OBTAIN THE PARAMATER: permitirNoInventariadosSeguros...
2026-01-08 11:02:43,267 - INFO - Item 462984400014 procesado correctamente
2026-01-08 11:02:43,268 - INFO - === MÓDULO 4: GARANTÍAS ITEM 1 ===
2026-01-08 11:02:43,268 - INFO - Garantía: AGREGAR
2026-01-08 11:02:44,414 - INFO - Screenshot capturado: C7_07_pantalla_garantias_01.png
2026-01-08 11:02:50,470 - INFO - Botón Add encontrado: //button[contains(@class, 'btn-success') and contains(text(), 'Add')]
2026-01-08 11:02:50,498 - INFO - Click en Añadir garantía
2026-01-08 11:02:55,594 - INFO - Encontradas 1 opciones de garantía
2026-01-08 11:02:55,684 - INFO - Garantía seleccionada - precio: $40.71
2026-01-08 11:03:02,715 - WARNING - No se pudo hacer clic en botón final: Message: Unable to locate element: /html/body/div[2]/div[5]/div/div/a/button; For documentation on this error, please visit: https://www.selenium.dev/documentation/webdriver/troubleshooting/errors#nosuchelementexception
Stacktrace:
RemoteError@chrome://remote/content/shared/RemoteError.sys.mjs:8:8
WebDriverError@chrome://remote/content/shared/webdriver/Errors.sys.mjs:187:5
NoSuchElementError@chrome://remote/content/shared/webdriver/Errors.sys.mjs:505:5
element.find/</<@chrome://remote/content/marionette/element.sys.mjs:135:16

2026-01-08 11:03:02,814 - INFO - Screenshot capturado: C7_08_garantia_procesada_01.png
2026-01-08 11:03:03,932 - INFO - Screenshot capturado: C7_06_item_con_garantias_procesadas_01.png
2026-01-08 11:03:03,932 - INFO - Garantías procesadas para item 1
2026-01-08 11:03:03,933 - INFO - === PASO 7: ENLAZAR CUSTOMER ==========================================================================
2026-01-08 11:03:03,933 - INFO - === MÓDULO 5: ENLAZAR CUSTOMER ===
2026-01-08 11:03:04,015 - INFO - Screenshot capturado: C7_12_antes_enlazar_cliente.png
2026-01-08 11:03:09,057 - INFO - Enlace cliente encontrado: /html/body/div[2]/div[3]/div[28]/div[3]/h4/a
2026-01-08 11:03:09,086 - INFO - Click en enlace cliente
2026-01-08 11:03:12,185 - INFO - Screenshot capturado: C7_13_formulario_cliente.png
2026-01-08 11:03:13,516 - INFO - Cliente 057874256 ingresado
2026-01-08 11:03:14,628 - INFO - Screenshot capturado: C7_14_cliente_ingresado.png
2026-01-08 11:03:15,682 - INFO - Primer Next
2026-01-08 11:03:18,818 - INFO - Screenshot capturado: C7_15_primer_next.png
2026-01-08 11:03:23,007 - INFO - Segundo Next
2026-01-08 11:03:26,115 - INFO - Screenshot capturado: C7_16_segundo_next.png
2026-01-08 11:03:26,116 - INFO - Customer enlazado exitosamente
2026-01-08 11:03:26,117 - INFO - === PASO 8: CONFIGURAR ENTREGA ====================================================================
2026-01-08 11:03:26,118 - INFO - === MÓDULO 6: DESPACHO/ENTREGA ===
2026-01-08 11:03:26,118 - INFO - Despacho/Entrega: CONFIGURAR
2026-01-08 11:03:26,120 - INFO - Tipo de entrega: cliente llevará
2026-01-08 11:03:26,227 - INFO - Screenshot capturado: C7_17_antes_entrega_cliente.png
2026-01-08 11:03:26,228 - INFO - Paso 1: Buscando botón Transaction Options
2026-01-08 11:03:29,253 - INFO - ✓ Transaction Options encontrado con: transactionOptionsBtn
2026-01-08 11:03:29,286 - INFO - Click en Transaction Options exitoso
2026-01-08 11:03:32,380 - INFO - Screenshot capturado: C7_18_menu_transaction_options.png
2026-01-08 11:03:32,380 - INFO - Paso 2: Seleccionando opción de entrega
2026-01-08 11:03:32,439 - INFO - Opción de entrega seleccionada
2026-01-08 11:03:35,543 - INFO - Screenshot capturado: C7_19_formulario_entrega.png
2026-01-08 11:03:35,544 - INFO - Paso 3: Llenando datos del formulario
2026-01-08 11:03:35,628 - INFO - Nombre 1 ingresado: ELISEO AMILCAR LOPEZ + Enter
2026-01-08 11:03:36,668 - INFO - Nombre 2 ingresado: MARGARITA PORTILLO DE LOPEZ + Enter
2026-01-08 11:03:37,714 - INFO - ✓ Campo adicional (div[4]) ingresado: ELISEO LOPEZ + Enter
2026-01-08 11:03:38,715 - INFO - Paso 4: Configurando select MADRE
2026-01-08 11:03:38,983 - INFO - Select MADRE abierto
2026-01-08 11:03:40,771 - INFO - ✓ Opción MADRE seleccionada
2026-01-08 11:03:41,772 - INFO - Paso 4B: Configurando transportador (relationship)
2026-01-08 11:03:42,015 - INFO - ✓ Select TRANSPORTADOR abierto con: /html/body/div[2]/form/div[1]/div/div[2]/div[6]/span[2]/span/a
2026-01-08 11:03:43,262 - INFO - ✓ Opción TRANSPORTADOR seleccionada
2026-01-08 11:03:44,263 - INFO - Paso 5: Configurando tipo de entrega: cliente llevará
2026-01-08 11:03:44,520 - INFO - ✓ Select TIPO ENTREGA abierto
2026-01-08 11:03:45,770 - INFO - ✓ Tipo entrega seleccionado: Cliente llevará (Cliente Recoge)
2026-01-08 11:03:47,771 - INFO - Paso 6: Configurando lugar de salida (Bodega Nejapa)
2026-01-08 11:03:47,824 - INFO - ✓ Texto escrito: BODEGA 94 NEJAPA
2026-01-08 11:03:50,075 - INFO - ✓ Opción clickeada del dropdown: BODEGA 94 NEJAPA
2026-01-08 11:03:55,088 - INFO - ℹ️ No se requiere OK para lugar de salida
2026-01-08 11:03:57,089 - INFO - Paso 7: Configurando transporte (11094 - BODEGA 94 NEJAPA)
2026-01-08 11:03:59,142 - INFO - ✓ Caja de texto del transporte encontrada
2026-01-08 11:04:00,029 - INFO - ✓ Texto escrito: BODEGA 94 NEJAPA
2026-01-08 11:04:01,030 - INFO - -Buscando opción '11094 - BODEGA 94 NEJAPA' en dropdown...
2026-01-08 11:04:01,030 - INFO - Intentando con selector: //li[@class='ui-menu-item']//a[contains(text(), '11094 - BODEGA 94 NEJAPA')]
2026-01-08 11:04:02,079 - INFO - Intentando con selector: //li[@role='menuitem']//a[contains(text(), '11094 - BODEGA 94 NEJAPA')]
2026-01-08 11:04:03,144 - INFO - Intentando con selector: //li[contains(@class, 'ui-menu-item')]//a[contains(text(), 'BODEGA 94 NEJAPA')]
2026-01-08 11:04:04,198 - INFO - Intentando con selector: //ul[contains(@class, 'ui-autocomplete')]//a[contains(text(), '11094')]
2026-01-08 11:04:05,252 - INFO - Intentando con selector: //a[@class='ui-corner-all'][contains(text(), '11094 - BODEGA 94 NEJAPA')]
2026-01-08 11:04:06,298 - INFO - Intentando con selector: /html/body/ul[4]/li/a
2026-01-08 11:04:07,366 - INFO - 🔄 Fallback: Usando flecha abajo + Enter...
2026-01-08 11:04:07,949 - INFO - ✓ Flecha abajo + Enter ejecutado
2026-01-08 11:04:08,976 - INFO - 🔍 Verificación final: Input='11094 - BODEGA 94 NEJAPA', Select='11094'
2026-01-08 11:04:08,977 - INFO - ✅ TRANSPORTE CONFIGURADO EXITOSAMENTE
2026-01-08 11:04:11,978 - INFO - Paso 8: Agregando instrucciones
2026-01-08 11:04:16,988 - WARNING - Error agregando instrucciones: Message: Unable to locate element: //*[@id='instructions']; For documentation on this error, please visit: https://www.selenium.dev/documentation/webdriver/troubleshooting/errors#nosuchelementexception
Stacktrace:
RemoteError@chrome://remote/content/shared/RemoteError.sys.mjs:8:8
WebDriverError@chrome://remote/content/shared/webdriver/Errors.sys.mjs:187:5
NoSuchElementError@chrome://remote/content/shared/webdriver/Errors.sys.mjs:505:5
element.find/</<@chrome://remote/content/marionette/element.sys.mjs:135:16

2026-01-08 11:04:16,990 - INFO - Paso 9: Enviando formulario de entrega
2026-01-08 11:04:22,005 - WARNING - Error enviando formulario: Message: Unable to locate element: /html/body/div[2]/form/div[2]/button; For documentation on this error, please visit: https://www.selenium.dev/documentation/webdriver/troubleshooting/errors#nosuchelementexception
Stacktrace:
RemoteError@chrome://remote/content/shared/RemoteError.sys.mjs:8:8
WebDriverError@chrome://remote/content/shared/webdriver/Errors.sys.mjs:187:5
NoSuchElementError@chrome://remote/content/shared/webdriver/Errors.sys.mjs:505:5
element.find/</<@chrome://remote/content/marionette/element.sys.mjs:135:16

2026-01-08 11:04:22,006 - WARNING - ⚠️ Error en despacho, continuando...
2026-01-08 11:04:22,006 - INFO - === PASO 11: FINALIZAR COTIZACIÓN ===
2026-01-08 11:04:22,007 - INFO - === FINALIZANDO COTIZACIÓN ===
2026-01-08 11:04:22,092 - INFO - Screenshot capturado: C7_17_antes_finalizar.png
2026-01-08 11:04:24,093 - INFO - PASO 1: Click en botón finalizar
2026-01-08 11:04:27,148 - INFO - ✓ Botón finalizar encontrado con: /html/body/div[2]/div[4]/div/div/div[3]/form[1]/button
2026-01-08 11:04:27,245 - INFO - Screenshot capturado: C7_18_antes_finalizar.png
2026-01-08 11:04:27,246 - INFO - 🔧 Preservando datos de sesión...
2026-01-08 11:04:27,269 - INFO - 📝 Sesión preservada - OrderID: undefined, SessionData: 
2026-01-08 11:04:27,314 - INFO - ✓ Click en botón finalizar exitoso
2026-01-08 11:04:30,325 - INFO - 🖨️ Elementos printer encontrados: 10
2026-01-08 11:04:30,361 - INFO -   Elemento 1: tag=form, id=printForm, class=
2026-01-08 11:04:30,392 - INFO -   Elemento 2: tag=div, id=, class=printingBox
2026-01-08 11:04:30,432 - INFO -   Elemento 3: tag=input, id=printerGroup, class=printerRadioButton btnFloatRight
2026-01-08 11:04:30,470 - INFO -   Elemento 4: tag=input, id=printerName0, class=
2026-01-08 11:04:30,516 - INFO -   Elemento 5: tag=input, id=printerLocation0, class=
2026-01-08 11:04:30,533 - INFO - 📋 Modales encontrados: 159
2026-01-08 11:04:30,557 - INFO -   Modal 1: tag=div, id=itemInquiryDialog, visible=False
2026-01-08 11:04:30,580 - INFO -   Modal 2: tag=div, id=, visible=False
2026-01-08 11:04:30,599 - INFO -   Modal 3: tag=div, id=, visible=False
2026-01-08 11:04:30,605 - INFO - 📝 Formularios encontrados: 42
2026-01-08 11:04:30,605 - INFO - 🔍 MONITOREANDO ESTADO POST-SAVE...
2026-01-08 11:04:31,615 - INFO - 📍 Segundo 1: URL = http://ursvtols8b3c:8080/engage-unicomer-web/saleOrder/saveAndPrint
2026-01-08 11:04:31,624 - INFO - 📄 Segundo 1: Título = Grupo Unicomer
2026-01-08 11:04:32,792 - INFO - 🔘 Segundo 1: Botones visibles = ['Search', 'Item Inquiry', 'Transaction Options', 'Save & Print', 'Save']
2026-01-08 11:04:32,813 - INFO - 🖨️ Segundo 1: Printer Group encontrado! Visible=True
2026-01-08 11:04:32,814 - INFO - ✅ PRINTER GROUP DISPONIBLE - Procediendo a hacer click...
2026-01-08 11:04:33,073 - INFO - ✓ Default Printer seleccionado: //*[@id='printerGroup']
2026-01-08 11:04:34,104 - INFO - 🖨️ Botón print encontrado: //button[@id='defaultSubmitPrintButton']
2026-01-08 11:04:34,127 - INFO - ✅ CLICK EN BOTÓN IMPRIMIR EXITOSO
2026-01-08 11:04:36,235 - INFO - ✅ CONFIRMACIÓN FINAL EXITOSA
2026-01-08 11:04:36,318 - INFO - Screenshot capturado: C7_21_print_completado.png
2026-01-08 11:04:36,318 - INFO - ✅ Finalización exitosa
2026-01-08 11:04:36,318 - INFO - === PASO 12: GENERAR REPORTE INDIVIDUAL ===
2026-01-08 11:04:36,318 - INFO - Generando reporte para cotización 7 con número 11609206250050
2026-01-08 11:04:36,318 - INFO - Screenshots disponibles: 24
2026-01-08 11:04:36,319 - INFO - 🔄 Generando reporte para cotización 7: 11609206250050
2026-01-08 11:04:36,437 - INFO - ✅ Excel actualizado - Cotización 7: 11609206250050
2026-01-08 11:04:37,094 - INFO - Reporte ejecutivo generado: Reporte_cotizacion_11609206250050.docx
2026-01-08 11:04:37,095 - INFO - Archivo verificado: 1696838 bytes
2026-01-08 11:04:37,095 - INFO - Reporte Word generado exitosamente para cotización 7
2026-01-08 11:04:37,096 - INFO - Iniciando limpieza de screenshots después de generar reporte
2026-01-08 11:04:37,097 - INFO - Screenshot eliminado: C5_02_dashboard.png
2026-01-08 11:04:37,098 - INFO - Screenshot eliminado: C5_04_formulario_orden.png
2026-01-08 11:04:37,100 - INFO - Screenshot eliminado: C5_07_pantalla_garantias_01.png
2026-01-08 11:04:37,101 - INFO - Screenshot eliminado: C5_08_garantia_void_01.png
2026-01-08 11:04:37,103 - INFO - Screenshot eliminado: C5_06_item_con_garantias_procesadas_01.png
2026-01-08 11:04:37,104 - INFO - Screenshot eliminado: C5_12_antes_enlazar_cliente.png
2026-01-08 11:04:37,106 - INFO - Screenshot eliminado: C5_13_formulario_cliente.png
2026-01-08 11:04:37,107 - INFO - Screenshot eliminado: C6_02_dashboard.png
2026-01-08 11:04:37,110 - INFO - Screenshot eliminado: C7_02_dashboard.png
2026-01-08 11:04:37,113 - INFO - Screenshot eliminado: C7_04_formulario_orden.png
2026-01-08 11:04:37,114 - INFO - Screenshot eliminado: C7_07_pantalla_garantias_01.png
2026-01-08 11:04:37,115 - INFO - Screenshot eliminado: C7_08_garantia_procesada_01.png
2026-01-08 11:04:37,116 - INFO - Screenshot eliminado: C7_06_item_con_garantias_procesadas_01.png
2026-01-08 11:04:37,118 - INFO - Screenshot eliminado: C7_12_antes_enlazar_cliente.png
2026-01-08 11:04:37,119 - INFO - Screenshot eliminado: C7_13_formulario_cliente.png
2026-01-08 11:04:37,122 - INFO - Screenshot eliminado: C7_14_cliente_ingresado.png
2026-01-08 11:04:37,125 - INFO - Screenshot eliminado: C7_15_primer_next.png
2026-01-08 11:04:37,129 - INFO - Screenshot eliminado: C7_16_segundo_next.png
2026-01-08 11:04:37,130 - INFO - Screenshot eliminado: C7_17_antes_entrega_cliente.png
2026-01-08 11:04:37,132 - INFO - Screenshot eliminado: C7_18_menu_transaction_options.png
2026-01-08 11:04:37,133 - INFO - Screenshot eliminado: C7_19_formulario_entrega.png
2026-01-08 11:04:37,134 - INFO - Screenshot eliminado: C7_17_antes_finalizar.png
2026-01-08 11:04:37,137 - INFO - Screenshot eliminado: C7_18_antes_finalizar.png
2026-01-08 11:04:37,141 - INFO - Screenshot eliminado: C7_21_print_completado.png
2026-01-08 11:04:37,145 - INFO - 24 screenshots eliminados para esta cotización
2026-01-08 11:04:37,147 - INFO - Cotización 7 completada: 11609206250050
2026-01-08 11:04:39,149 - INFO - 
🔄 PROCESANDO COTIZACIÓN 8/13: 8
2026-01-08 11:04:39,150 - INFO - === PASO 4: INICIAR ORDEN DE COMPRA ===
2026-01-08 11:04:39,151 - INFO - Buscando botón 'Comience una Orden de Compra'...
2026-01-08 11:04:39,251 - INFO - Screenshot capturado: C8_02_dashboard.png
2026-01-08 11:04:39,252 - INFO - Intentando selector 1: /html/body/div[2]/div[4]/div/div/div[1]/a[1]/input
2026-01-08 11:04:39,252 - INFO - Esperando que botón orden selector 1 sea visible (timeout: 300s, se reinicia con progreso)...
2026-01-08 11:04:39,272 - INFO - PROGRESO: botón orden selector 1 visible - REINICIANDO timeout
2026-01-08 11:04:39,297 - INFO - OK - botón orden selector 1 listo después de 0.0s
2026-01-08 11:04:39,831 - INFO - Click exitoso en botón orden selector 1
2026-01-08 11:04:40,931 - INFO - Screenshot capturado: C8_04_formulario_orden.png
2026-01-08 11:04:40,931 - INFO - Click realizado en botón orden
2026-01-08 11:04:40,932 - INFO - Preparando nueva cotización...
2026-01-08 11:04:45,950 - INFO - ✓ Storage del navegador limpiado
2026-01-08 11:04:45,956 - INFO - ✓ Página estabilizada para nueva cotización
2026-01-08 11:04:45,957 - INFO - ✓ Sistema listo para siguiente cotización automática
2026-01-08 11:04:46,958 - INFO - Configuración - Garantías: SI, Descuento: NO, Créditos: NO, Entrega: SI, Tipo Entrega: cliente llevará
2026-01-08 11:04:46,958 - INFO - === PASO 5: EXTRAER NÚMERO COTIZACIÓN ===
2026-01-08 11:04:46,959 - INFO - === EXTRAYENDO NÚMERO DE COTIZACIÓN INICIAL ===
2026-01-08 11:04:49,001 - INFO - Número encontrado con selector: li.quotationNumberTitle p:last-child
2026-01-08 11:04:49,002 - INFO - Número de cotización: 11609206250052
2026-01-08 11:04:49,002 - INFO - Número base extraído: 11609206250052
2026-01-08 11:04:49,002 - INFO - Número único generado: 11609206250052_9002
2026-01-08 11:04:49,003 - INFO - === PASO 6: AGREGAR ITEMS ============================================================================
2026-01-08 11:04:49,003 - INFO - --- ITEM 1/1 ---
2026-01-08 11:04:49,003 - INFO - === MÓDULO 3: AGREGAR ITEM 1 ===
2026-01-08 11:04:49,004 - INFO - Código: 462552400019, Cantidad: 1
2026-01-08 11:04:49,004 - INFO - Esperando que campo búsqueda item 1 sea visible (timeout: 300s, se reinicia con progreso)...
2026-01-08 11:04:49,032 - INFO - PROGRESO: campo búsqueda item 1 visible - REINICIANDO timeout
2026-01-08 11:04:49,054 - INFO - OK - campo búsqueda item 1 listo después de 0.0s
2026-01-08 11:04:49,113 - INFO - Código 462552400019 ingresado en campo búsqueda
2026-01-08 11:04:49,152 - INFO - Enter enviado para búsqueda
2026-01-08 11:04:51,226 - INFO - Mensaje informativo (ignorado): Error
close
ERROR TO OBTAIN THE PARAMATER: permitirNoInventariadosSeguros...
2026-01-08 11:04:51,227 - INFO - Item 462552400019 procesado correctamente
2026-01-08 11:04:51,227 - INFO - === MÓDULO 4: GARANTÍAS ITEM 1 ===
2026-01-08 11:04:51,228 - INFO - Garantía: AGREGAR
2026-01-08 11:04:52,358 - INFO - Screenshot capturado: C8_07_pantalla_garantias_01.png
2026-01-08 11:04:58,398 - INFO - Botón Add encontrado: //button[contains(@class, 'btn-success') and contains(text(), 'Add')]
2026-01-08 11:04:58,421 - INFO - Click en Añadir garantía
2026-01-08 11:05:00,454 - INFO - Encontradas 6 opciones de garantía
2026-01-08 11:05:00,474 - INFO - Precio $0.00 encontrado - buscando botón Void
2026-01-08 11:05:00,499 - INFO - Clic en botón Void para garantía $0.00
2026-01-08 11:05:00,585 - INFO - Screenshot capturado: C8_08_garantia_void_01.png
2026-01-08 11:05:01,686 - INFO - Screenshot capturado: C8_06_item_con_garantias_procesadas_01.png
2026-01-08 11:05:01,687 - INFO - Garantías procesadas para item 1
2026-01-08 11:05:01,687 - INFO - === PASO 7: ENLAZAR CUSTOMER ==========================================================================
2026-01-08 11:05:01,688 - INFO - === MÓDULO 5: ENLAZAR CUSTOMER ===
2026-01-08 11:05:01,776 - INFO - Screenshot capturado: C8_12_antes_enlazar_cliente.png
2026-01-08 11:05:06,822 - INFO - Enlace cliente encontrado: /html/body/div[2]/div[3]/div[28]/div[3]/h4/a
2026-01-08 11:05:06,843 - INFO - Click en enlace cliente
2026-01-08 11:05:09,945 - INFO - Screenshot capturado: C8_13_formulario_cliente.png
2026-01-08 11:05:11,254 - INFO - Cliente 057874256 ingresado
2026-01-08 11:05:12,386 - INFO - Screenshot capturado: C8_14_cliente_ingresado.png
2026-01-08 11:05:14,176 - INFO - Primer Next
2026-01-08 11:05:17,299 - INFO - Screenshot capturado: C8_15_primer_next.png
2026-01-08 11:05:18,038 - INFO - Segundo Next
2026-01-08 11:05:21,199 - INFO - Screenshot capturado: C8_16_segundo_next.png
2026-01-08 11:05:21,200 - INFO - Customer enlazado exitosamente
2026-01-08 11:05:21,200 - INFO - === PASO 8: CONFIGURAR ENTREGA ====================================================================
2026-01-08 11:05:21,201 - INFO - === MÓDULO 6: DESPACHO/ENTREGA ===
2026-01-08 11:05:21,201 - INFO - Despacho/Entrega: CONFIGURAR
2026-01-08 11:05:21,202 - INFO - Tipo de entrega: cliente llevará
2026-01-08 11:05:21,316 - INFO - Screenshot capturado: C8_17_antes_entrega_cliente.png
2026-01-08 11:05:21,317 - INFO - Paso 1: Buscando botón Transaction Options
2026-01-08 11:05:49,402 - ERROR - Error configurando entrega: Transaction Options button no encontrado
2026-01-08 11:05:49,403 - WARNING - ⚠️ Error en despacho, continuando...
2026-01-08 11:05:49,403 - INFO - === PASO 11: FINALIZAR COTIZACIÓN ===
2026-01-08 11:05:49,404 - INFO - === FINALIZANDO COTIZACIÓN ===
2026-01-08 11:05:49,536 - INFO - Screenshot capturado: C8_17_antes_finalizar.png
2026-01-08 11:05:51,537 - INFO - PASO 1: Click en botón finalizar
2026-01-08 11:06:45,385 - ERROR - Error en paso 1 - finalizar: No se encontró botón finalizar
2026-01-08 11:06:45,386 - INFO - === DEBUG: ELEMENTOS DISPONIBLES ===
2026-01-08 11:06:45,498 - INFO - Screenshot capturado: C8_debug_estado_actual.png
2026-01-08 11:06:45,504 - INFO - Botones encontrados: 27
2026-01-08 11:06:45,575 - INFO -   Btn 0: '' class='close' visible=False enabled=True
2026-01-08 11:06:45,627 - INFO -   Btn 1: '' class='btn' visible=False enabled=True
2026-01-08 11:06:45,669 - INFO -   Btn 2: '' class='btn' visible=False enabled=True
2026-01-08 11:06:45,733 - INFO -   Btn 3: '' class='' visible=False enabled=True
2026-01-08 11:06:45,775 - INFO -   Btn 4: 'Map' class='' visible=True enabled=True
2026-01-08 11:06:45,834 - INFO -   Btn 5: 'Satellite' class='' visible=True enabled=True
2026-01-08 11:06:45,885 - INFO -   Btn 6: '' class='gm-control-active gm-fullscreen-control' visible=True enabled=True
2026-01-08 11:06:45,924 - INFO -   Btn 7: '' class='gm-control-active' visible=False enabled=True
2026-01-08 11:06:45,955 - INFO -   Btn 8: '' class='gm-control-active' visible=False enabled=True
2026-01-08 11:06:45,995 - INFO -   Btn 9: '' class='gm-tilt gm-control-active' visible=False enabled=True
2026-01-08 11:06:46,033 - INFO -   Btn 10: '' class='gm-control-active' visible=True enabled=True
2026-01-08 11:06:46,072 - INFO -   Btn 11: '' class='gm-control-active' visible=False enabled=True
2026-01-08 11:06:46,111 - INFO -   Btn 12: '' class='gm-control-active' visible=False enabled=True
2026-01-08 11:06:46,145 - INFO -   Btn 13: '' class='gm-control-active' visible=False enabled=True
2026-01-08 11:06:46,179 - INFO -   Btn 14: '' class='gm-control-active' visible=False enabled=True
2026-01-08 11:06:46,185 - INFO - Inputs encontrados: 35
2026-01-08 11:06:46,239 - INFO -   Input 0: value='' type='hidden' visible=False enabled=True
2026-01-08 11:06:46,286 - INFO -   Input 1: value='' type='hidden' visible=False enabled=True
2026-01-08 11:06:46,319 - INFO -   Input 2: value='' type='hidden' visible=False enabled=True
2026-01-08 11:06:46,346 - INFO -   Input 3: value='' type='hidden' visible=False enabled=True
2026-01-08 11:06:46,384 - INFO -   Input 4: value='' type='hidden' visible=False enabled=True
2026-01-08 11:06:46,418 - INFO -   Input 5: value='' type='hidden' visible=False enabled=True
2026-01-08 11:06:46,453 - INFO -   Input 6: value='' type='hidden' visible=False enabled=True
2026-01-08 11:06:46,479 - INFO -   Input 7: value='' type='hidden' visible=False enabled=True
2026-01-08 11:06:46,510 - INFO -   Input 8: value='' type='hidden' visible=False enabled=True
2026-01-08 11:06:46,540 - INFO -   Input 9: value='' type='hidden' visible=False enabled=True
2026-01-08 11:06:46,582 - INFO -   Input 10: value='' type='hidden' visible=False enabled=True
2026-01-08 11:06:46,611 - INFO -   Input 11: value='' type='hidden' visible=False enabled=True
2026-01-08 11:06:46,643 - INFO -   Input 12: value='' type='hidden' visible=False enabled=True
2026-01-08 11:06:46,687 - INFO -   Input 13: value='' type='hidden' visible=False enabled=True
2026-01-08 11:06:46,729 - INFO -   Input 14: value='' type='hidden' visible=False enabled=True
2026-01-08 11:06:46,738 - INFO - Enlaces encontrados: 18
2026-01-08 11:06:47,074 - WARNING - ⚠️ Error en finalización: ERROR_PASO1_1767892007, pero continuando con reporte
2026-01-08 11:06:47,074 - INFO - === PASO 12: GENERAR REPORTE INDIVIDUAL ===
2026-01-08 11:06:47,075 - INFO - Generando reporte para cotización 8 con número 11609206250052
2026-01-08 11:06:47,075 - INFO - Screenshots disponibles: 13
2026-01-08 11:06:47,076 - INFO - 🔄 Generando reporte para cotización 8: 11609206250052
2026-01-08 11:06:47,171 - INFO - ✅ Excel actualizado - Cotización 8: 11609206250052
2026-01-08 11:06:47,370 - INFO - Reporte ejecutivo generado: Reporte_cotizacion_11609206250052.docx
2026-01-08 11:06:47,370 - INFO - Archivo verificado: 974773 bytes
2026-01-08 11:06:47,371 - INFO - Reporte Word generado exitosamente para cotización 8
2026-01-08 11:06:47,371 - INFO - Iniciando limpieza de screenshots después de generar reporte
2026-01-08 11:06:47,372 - INFO - Screenshot eliminado: C8_02_dashboard.png
2026-01-08 11:06:47,374 - INFO - Screenshot eliminado: C8_04_formulario_orden.png
2026-01-08 11:06:47,374 - INFO - Screenshot eliminado: C8_07_pantalla_garantias_01.png
2026-01-08 11:06:47,376 - INFO - Screenshot eliminado: C8_08_garantia_void_01.png
2026-01-08 11:06:47,377 - INFO - Screenshot eliminado: C8_06_item_con_garantias_procesadas_01.png
2026-01-08 11:06:47,378 - INFO - Screenshot eliminado: C8_12_antes_enlazar_cliente.png
2026-01-08 11:06:47,380 - INFO - Screenshot eliminado: C8_13_formulario_cliente.png
2026-01-08 11:06:47,381 - INFO - Screenshot eliminado: C8_14_cliente_ingresado.png
2026-01-08 11:06:47,382 - INFO - Screenshot eliminado: C8_15_primer_next.png
2026-01-08 11:06:47,383 - INFO - Screenshot eliminado: C8_16_segundo_next.png
2026-01-08 11:06:47,384 - INFO - Screenshot eliminado: C8_17_antes_entrega_cliente.png
2026-01-08 11:06:47,385 - INFO - Screenshot eliminado: C8_17_antes_finalizar.png
2026-01-08 11:06:47,386 - INFO - Screenshot eliminado: C8_debug_estado_actual.png
2026-01-08 11:06:47,386 - INFO - 13 screenshots eliminados para esta cotización
2026-01-08 11:06:47,386 - INFO - Cotización 8 completada: 11609206250052
2026-01-08 11:06:49,387 - INFO - 
🔄 PROCESANDO COTIZACIÓN 9/13: 9
2026-01-08 11:06:49,387 - INFO - === PASO 4: INICIAR ORDEN DE COMPRA ===
2026-01-08 11:06:49,388 - INFO - Buscando botón 'Comience una Orden de Compra'...
2026-01-08 11:06:49,513 - INFO - Screenshot capturado: C9_02_dashboard.png
2026-01-08 11:06:49,514 - INFO - Intentando selector 1: /html/body/div[2]/div[4]/div/div/div[1]/a[1]/input
2026-01-08 11:06:49,515 - INFO - Esperando que botón orden selector 1 sea visible (timeout: 300s, se reinicia con progreso)...
2026-01-08 11:06:55,034 - INFO - Esperando botón orden selector 1... Sin progreso: 0s, Total: 0s, Queda: 300s
2026-01-08 11:07:55,701 - INFO - Esperando botón orden selector 1... Sin progreso: 61s, Total: 61s, Queda: 239s
2026-01-08 11:09:40,484 - INFO - Esperando botón orden selector 1... Sin progreso: 165s, Total: 165s, Queda: 135s
2026-01-08 11:11:25,239 - INFO - Esperando botón orden selector 1... Sin progreso: 270s, Total: 270s, Queda: 30s
2026-01-08 11:11:52,805 - WARNING - Sin progreso en botón orden selector 1 por 300s - QUITANDO elemento y continuando
2026-01-08 11:11:52,805 - INFO - Total transcurrido: 303.3s
2026-01-08 11:11:52,805 - WARNING - QUITANDO: botón orden selector 1 - Sin progreso por 300s, continuando sin él
2026-01-08 11:11:52,806 - INFO - Selector 1 quitado por falta de progreso, probando siguiente...
2026-01-08 11:11:52,806 - ERROR - Ningún selector de botón orden funcionó - todos fueron quitados por timeout
2026-01-08 11:11:52,807 - WARNING - No se pudo iniciar orden de compra para cotización 9 - continuando con siguiente
2026-01-08 11:11:52,807 - INFO - 
🔄 PROCESANDO COTIZACIÓN 10/13: 10
2026-01-08 11:11:52,807 - INFO - === PASO 4: INICIAR ORDEN DE COMPRA ===
2026-01-08 11:11:52,808 - INFO - Buscando botón 'Comience una Orden de Compra'...
2026-01-08 11:11:52,915 - INFO - Screenshot capturado: C10_02_dashboard.png
2026-01-08 11:11:52,915 - INFO - Intentando selector 1: /html/body/div[2]/div[4]/div/div/div[1]/a[1]/input
2026-01-08 11:11:52,915 - INFO - Esperando que botón orden selector 1 sea visible (timeout: 300s, se reinicia con progreso)...
2026-01-08 11:11:58,430 - INFO - Esperando botón orden selector 1... Sin progreso: 0s, Total: 0s, Queda: 300s
2026-01-08 11:12:59,091 - INFO - Esperando botón orden selector 1... Sin progreso: 61s, Total: 61s, Queda: 239s
2026-01-08 11:14:43,890 - INFO - Esperando botón orden selector 1... Sin progreso: 165s, Total: 165s, Queda: 135s
2026-01-08 11:16:28,657 - INFO - Esperando botón orden selector 1... Sin progreso: 270s, Total: 270s, Queda: 30s
2026-01-08 11:16:47,691 - ERROR - Error inesperado verificando visibilidad de botón orden selector 1: Message: TypeError: browsingContext.currentWindowGlobal is null
Stacktrace:
getMarionetteCommandsActorProxy/get/<@chrome://remote/content/marionette/actors/MarionetteCommandsParent.sys.mjs:311:17
observe@resource://gre/modules/AsyncShutdown.sys.mjs:575:17

2026-01-08 11:16:47,691 - WARNING - QUITANDO: botón orden selector 1 - Sin progreso por 300s, continuando sin él
2026-01-08 11:16:47,691 - INFO - Selector 1 quitado por falta de progreso, probando siguiente...
2026-01-08 11:16:47,692 - ERROR - Ningún selector de botón orden funcionó - todos fueron quitados por timeout
2026-01-08 11:16:47,692 - WARNING - No se pudo iniciar orden de compra para cotización 10 - continuando con siguiente
2026-01-08 11:16:47,692 - INFO - 
🔄 PROCESANDO COTIZACIÓN 11/13: 11
2026-01-08 11:16:47,693 - INFO - === PASO 4: INICIAR ORDEN DE COMPRA ===
2026-01-08 11:16:47,693 - INFO - Buscando botón 'Comience una Orden de Compra'...
2026-01-08 11:16:47,711 - ERROR - Error capturando screenshot 02_dashboard.png: Message: WebDriver session does not exist, or is not active; For documentation on this error, please visit: https://www.selenium.dev/documentation/webdriver/troubleshooting/errors#invalidsessionidexception
Stacktrace:
RemoteError@chrome://remote/content/shared/RemoteError.sys.mjs:8:8
WebDriverError@chrome://remote/content/shared/webdriver/Errors.sys.mjs:187:5
InvalidSessionIDError@chrome://remote/content/shared/webdriver/Errors.sys.mjs:442:5
assert.that/<@chrome://remote/content/shared/webdriver/Assert.sys.mjs:485:13
assert.session@chrome://remote/content/shared/webdriver/Assert.sys.mjs:37:4
despatch@chrome://remote/content/marionette/server.sys.mjs:317:19
execute@chrome://remote/content/marionette/server.sys.mjs:291:16
onPacket/<@chrome://remote/content/marionette/server.sys.mjs:264:20
onPacket@chrome://remote/content/marionette/server.sys.mjs:265:9
_onJSONObjectReady/<@chrome://remote/content/marionette/transport.sys.mjs:496:20

2026-01-08 11:16:47,712 - INFO - Intentando selector 1: /html/body/div[2]/div[4]/div/div/div[1]/a[1]/input
2026-01-08 11:16:47,712 - INFO - Esperando que botón orden selector 1 sea visible (timeout: 300s, se reinicia con progreso)...
2026-01-08 11:16:47,718 - ERROR - Error inesperado verificando visibilidad de botón orden selector 1: Message: WebDriver session does not exist, or is not active; For documentation on this error, please visit: https://www.selenium.dev/documentation/webdriver/troubleshooting/errors#invalidsessionidexception
Stacktrace:
RemoteError@chrome://remote/content/shared/RemoteError.sys.mjs:8:8
WebDriverError@chrome://remote/content/shared/webdriver/Errors.sys.mjs:187:5
InvalidSessionIDError@chrome://remote/content/shared/webdriver/Errors.sys.mjs:442:5
assert.that/<@chrome://remote/content/shared/webdriver/Assert.sys.mjs:485:13
assert.session@chrome://remote/content/shared/webdriver/Assert.sys.mjs:37:4
despatch@chrome://remote/content/marionette/server.sys.mjs:317:19
execute@chrome://remote/content/marionette/server.sys.mjs:291:16
onPacket/<@chrome://remote/content/marionette/server.sys.mjs:264:20
onPacket@chrome://remote/content/marionette/server.sys.mjs:265:9
_onJSONObjectReady/<@chrome://remote/content/marionette/transport.sys.mjs:496:20

2026-01-08 11:16:47,719 - WARNING - QUITANDO: botón orden selector 1 - Sin progreso por 300s, continuando sin él
2026-01-08 11:16:47,719 - INFO - Selector 1 quitado por falta de progreso, probando siguiente...
2026-01-08 11:16:47,719 - ERROR - Ningún selector de botón orden funcionó - todos fueron quitados por timeout
2026-01-08 11:16:47,719 - WARNING - No se pudo iniciar orden de compra para cotización 11 - continuando con siguiente
2026-01-08 11:16:47,720 - INFO - 
🔄 PROCESANDO COTIZACIÓN 12/13: 12
2026-01-08 11:16:47,720 - INFO - === PASO 4: INICIAR ORDEN DE COMPRA ===
2026-01-08 11:16:47,720 - INFO - Buscando botón 'Comience una Orden de Compra'...
2026-01-08 11:16:47,726 - ERROR - Error capturando screenshot 02_dashboard.png: Message: WebDriver session does not exist, or is not active; For documentation on this error, please visit: https://www.selenium.dev/documentation/webdriver/troubleshooting/errors#invalidsessionidexception
Stacktrace:
RemoteError@chrome://remote/content/shared/RemoteError.sys.mjs:8:8
WebDriverError@chrome://remote/content/shared/webdriver/Errors.sys.mjs:187:5
InvalidSessionIDError@chrome://remote/content/shared/webdriver/Errors.sys.mjs:442:5
assert.that/<@chrome://remote/content/shared/webdriver/Assert.sys.mjs:485:13
assert.session@chrome://remote/content/shared/webdriver/Assert.sys.mjs:37:4
despatch@chrome://remote/content/marionette/server.sys.mjs:317:19
execute@chrome://remote/content/marionette/server.sys.mjs:291:16
onPacket/<@chrome://remote/content/marionette/server.sys.mjs:264:20
onPacket@chrome://remote/content/marionette/server.sys.mjs:265:9
_onJSONObjectReady/<@chrome://remote/content/marionette/transport.sys.mjs:496:20

2026-01-08 11:16:47,727 - INFO - Intentando selector 1: /html/body/div[2]/div[4]/div/div/div[1]/a[1]/input
2026-01-08 11:16:47,727 - INFO - Esperando que botón orden selector 1 sea visible (timeout: 300s, se reinicia con progreso)...
2026-01-08 11:16:47,917 - ERROR - Error inesperado verificando visibilidad de botón orden selector 1: Message: Failed to decode response from marionette

2026-01-08 11:16:47,917 - WARNING - QUITANDO: botón orden selector 1 - Sin progreso por 300s, continuando sin él
2026-01-08 11:16:47,918 - INFO - Selector 1 quitado por falta de progreso, probando siguiente...
2026-01-08 11:16:47,919 - ERROR - Ningún selector de botón orden funcionó - todos fueron quitados por timeout
2026-01-08 11:16:47,919 - WARNING - No se pudo iniciar orden de compra para cotización 12 - continuando con siguiente
2026-01-08 11:16:47,920 - INFO - 
🔄 PROCESANDO COTIZACIÓN 13/13: 13
2026-01-08 11:16:47,920 - INFO - === PASO 4: INICIAR ORDEN DE COMPRA ===
2026-01-08 11:16:47,920 - INFO - Buscando botón 'Comience una Orden de Compra'...
2026-01-08 11:16:47,922 - ERROR - Error capturando screenshot 02_dashboard.png: Message: Tried to run command without establishing a connection; For documentation on this error, please visit: https://www.selenium.dev/documentation/webdriver/troubleshooting/errors#invalidsessionidexception

2026-01-08 11:16:47,922 - INFO - Intentando selector 1: /html/body/div[2]/div[4]/div/div/div[1]/a[1]/input
2026-01-08 11:16:47,923 - INFO - Esperando que botón orden selector 1 sea visible (timeout: 300s, se reinicia con progreso)...
2026-01-08 11:16:47,924 - ERROR - Error inesperado verificando visibilidad de botón orden selector 1: Message: Tried to run command without establishing a connection; For documentation on this error, please visit: https://www.selenium.dev/documentation/webdriver/troubleshooting/errors#invalidsessionidexception

2026-01-08 11:16:47,924 - WARNING - QUITANDO: botón orden selector 1 - Sin progreso por 300s, continuando sin él
2026-01-08 11:16:47,924 - INFO - Selector 1 quitado por falta de progreso, probando siguiente...
2026-01-08 11:16:47,925 - ERROR - Ningún selector de botón orden funcionó - todos fueron quitados por timeout
2026-01-08 11:16:47,925 - WARNING - No se pudo iniciar orden de compra para cotización 13 - continuando con siguiente
2026-01-08 11:16:47,925 - INFO - === PASO 13: CREAR REPORTES FINALES ===
2026-01-08 11:16:47,925 - INFO - === REPORTE FINAL ===
2026-01-08 11:16:47,925 - INFO - Excel ya fue actualizado individualmente por cotización
2026-01-08 11:16:47,926 - INFO - Reportes Word ya fueron generados individualmente
2026-01-08 11:16:47,929 - INFO - Reportes encontrados: 6
2026-01-08 11:16:47,930 - INFO - === RESUMEN FINAL ===
2026-01-08 11:16:47,930 - INFO -  PROCESO MODULAR COMPLETADO
2026-01-08 11:16:47,930 - INFO - Cotizaciones procesadas: 6
2026-01-08 11:16:47,930 - INFO - Excel: productos_avanzado.xlsx
2026-01-08 11:16:47,931 - INFO - 📑 Word: ['Reporte_cotizacion_1160920625004L.docx', 'Reporte_cotizacion_1160920625004N.docx', 'Reporte_cotizacion_1160920625004S.docx', 'Reporte_cotizacion_1160920625004X.docx', 'Reporte_cotizacion_11609206250050.docx', 'Reporte_cotizacion_11609206250052.docx']
2026-01-08 11:16:47,931 - INFO - Navegador abierto por 60 segundos...
2026-01-08 11:16:49,932 - INFO - Limpiando recursos...
2026-01-08 11:16:49,933 - INFO - Eliminando screenshots residuales...
2026-01-08 11:16:49,935 - INFO - 2 screenshots residuales eliminados
2026-01-08 11:16:52,271 - INFO - Navegador cerrado
2026-01-08 11:16:52,272 - INFO - Limpieza de recursos completada
2026-01-08 11:16:52,272 - INFO - === AUTOMATIZACIÓN FINALIZADA ===
