2026-03-11 14:22:01,850 - INFO - Log guardándose en: logs\automatizacion_20260311.log
2026-03-11 14:22:01,850 - INFO -  === AUTOMATIZACIÓN MODULAR INICIADA ===
2026-03-11 14:22:01,850 - INFO - Archivo: productos_avanzado.xlsx
2026-03-11 14:22:01,851 - INFO - === PASO 1: LECTURA EXCEL ===
2026-03-11 14:22:01,851 - INFO - === MÓDULO 1: LECTURA EXCEL ===
2026-03-11 14:22:01,851 - INFO - Archivo: productos_avanzado.xlsx
2026-03-11 14:22:01,977 - INFO - Columnas encontradas: ['cotizacion_id', 'codigo', 'descripcion', 'cantidad', 'con_garantia', 'descuento_empleado', 'con_creditos', 'entrega_cliente', 'COTIZACION', 'ESTADO', 'FECHA_PROCESADO', 'ARCHIVO_WORD', 'tipo_entrega', 'Unnamed: 13']
2026-03-11 14:22:02,000 - INFO - Se encontraron 13 cotizaciones
2026-03-11 14:22:02,001 - INFO - Cotización 1: 2 productos
2026-03-11 14:22:02,001 - INFO - Cotización 2: 3 productos
2026-03-11 14:22:02,002 - INFO - Cotización 3: 3 productos
2026-03-11 14:22:02,002 - INFO - Cotización 4: 3 productos
2026-03-11 14:22:02,002 - INFO - Cotización 5: 1 productos
2026-03-11 14:22:02,002 - INFO - Cotización 6: 1 productos
2026-03-11 14:22:02,003 - INFO - Cotización 7: 1 productos
2026-03-11 14:22:02,003 - INFO - Cotización 8: 1 productos
2026-03-11 14:22:02,003 - INFO - Cotización 9: 1 productos
2026-03-11 14:22:02,004 - INFO - Cotización 10: 3 productos
2026-03-11 14:22:02,004 - INFO - Cotización 11: 1 productos
2026-03-11 14:22:02,004 - INFO - Cotización 12: 4 productos
2026-03-11 14:22:02,004 - INFO - Cotización 13: 6 productos
2026-03-11 14:22:02,005 - INFO - === PASO 2: INICIALIZAR NAVEGADOR ===
2026-03-11 14:22:09,968 - INFO - Navegador Firefox inicializado con configuración limpia
2026-03-11 14:22:09,969 - INFO - === PASO 3: INICIAR SESIÓN ===
2026-03-11 14:22:09,969 - INFO - === MÓDULO 2: INICIO SESIÓN ===
2026-03-11 14:22:19,152 - INFO - Accediendo a: http://ursvtols8b3c:8080/engage-unicomer-web/
2026-03-11 14:22:19,237 - INFO - Credenciales ingresadas
2026-03-11 14:22:22,565 - INFO - Formulario enviado
2026-03-11 14:22:24,672 - INFO - Screenshot capturado: 01_login_resultado.png
2026-03-11 14:22:24,682 - INFO - Login exitoso - URL cambió
2026-03-11 14:22:24,683 - INFO - 
🔄 PROCESANDO COTIZACIÓN 1/13: 1
2026-03-11 14:22:24,684 - INFO - === PASO 4: INICIAR ORDEN DE COMPRA ===
2026-03-11 14:22:24,685 - INFO - Buscando botón 'Comience una Orden de Compra'...
2026-03-11 14:22:24,745 - INFO - Screenshot capturado: C1_02_dashboard.png
2026-03-11 14:22:24,745 - INFO - Intentando selector 1: /html/body/div[2]/div[4]/div/div/div[1]/a[1]/input
2026-03-11 14:22:24,746 - INFO - Esperando que botón orden selector 1 sea visible (timeout: 300s, se reinicia con progreso)...
2026-03-11 14:22:25,063 - INFO - PROGRESO: botón orden selector 1 visible - REINICIANDO timeout
2026-03-11 14:22:25,082 - INFO - OK - botón orden selector 1 listo después de 0.0s
2026-03-11 14:22:25,648 - INFO - Click exitoso en botón orden selector 1
2026-03-11 14:22:26,716 - INFO - Screenshot capturado: C1_04_formulario_orden.png
2026-03-11 14:22:26,716 - INFO - Click realizado en botón orden
2026-03-11 14:22:26,716 - INFO - Configuración - Garantías: SI, Descuento: NO, Créditos: NO, Entrega: NO, Tipo Entrega: cliente llevará
2026-03-11 14:22:26,717 - INFO - === PASO 5: EXTRAER NÚMERO COTIZACIÓN ===
2026-03-11 14:22:26,717 - INFO - === EXTRAYENDO NÚMERO DE COTIZACIÓN INICIAL ===
2026-03-11 14:22:28,759 - INFO - Número encontrado con selector: li.quotationNumberTitle p:last-child
2026-03-11 14:22:28,760 - INFO - Número de cotización: 1160921526000C
2026-03-11 14:22:28,760 - INFO - Número base extraído: 1160921526000C
2026-03-11 14:22:28,761 - INFO - Número único generado: 1160921526000C_8760
2026-03-11 14:22:28,761 - INFO - === PASO 6: AGREGAR ITEMS ============================================================================
2026-03-11 14:22:28,761 - INFO - --- ITEM 1/2 ---
2026-03-11 14:22:28,761 - INFO - === MÓDULO 3: AGREGAR ITEM 1 ===
2026-03-11 14:22:28,762 - INFO - Código: 461431200016, Cantidad: 1
2026-03-11 14:22:28,762 - INFO - Esperando que campo búsqueda item 1 sea visible (timeout: 300s, se reinicia con progreso)...
2026-03-11 14:22:28,781 - INFO - PROGRESO: campo búsqueda item 1 visible - REINICIANDO timeout
2026-03-11 14:22:28,801 - INFO - OK - campo búsqueda item 1 listo después de 0.0s
2026-03-11 14:22:28,854 - INFO - Código 461431200016 ingresado en campo búsqueda
2026-03-11 14:22:28,871 - INFO - Enter enviado para búsqueda
2026-03-11 14:22:32,473 - INFO - Mensaje informativo (ignorado): Error
close
ERROR TO OBTAIN THE PARAMATER: permitirNoInventariadosSeguros...
2026-03-11 14:22:32,474 - INFO - Item 461431200016 procesado correctamente
2026-03-11 14:22:32,474 - INFO - === MÓDULO 4: GARANTÍAS ITEM 1 ===
2026-03-11 14:22:32,475 - INFO - Garantía: AGREGAR
2026-03-11 14:22:33,547 - INFO - Screenshot capturado: C1_07_pantalla_garantias_01.png
2026-03-11 14:22:39,578 - INFO - Botón Add encontrado: //button[contains(@class, 'btn-success') and contains(text(), 'Add')]
2026-03-11 14:22:39,594 - INFO - Click en Añadir garantía
2026-03-11 14:22:46,622 - WARNING - Error en tabla garantías: Message: Unable to locate element: //div[@class='principalContainer']//table[@class='table table-bordered']; For documentation on this error, please visit: https://www.selenium.dev/documentation/webdriver/troubleshooting/errors#nosuchelementexception
Stacktrace:
RemoteError@chrome://remote/content/shared/RemoteError.sys.mjs:8:8
WebDriverError@chrome://remote/content/shared/webdriver/Errors.sys.mjs:187:5
NoSuchElementError@chrome://remote/content/shared/webdriver/Errors.sys.mjs:505:5
element.find/</<@chrome://remote/content/marionette/element.sys.mjs:135:16
, usando No Thanks
2026-03-11 14:22:51,667 - INFO -  Click en No Thanks
2026-03-11 14:22:52,721 - INFO - Screenshot capturado: C1_06_item_con_garantias_procesadas_01.png
2026-03-11 14:22:52,722 - INFO - Garantías procesadas para item 1
2026-03-11 14:22:52,722 - INFO - --- ITEM 2/2 ---
2026-03-11 14:22:52,722 - INFO - === MÓDULO 3: AGREGAR ITEM 2 ===
2026-03-11 14:22:52,723 - INFO - Código: 439766400005, Cantidad: 1
2026-03-11 14:22:52,723 - INFO - Esperando que campo búsqueda item 2 sea visible (timeout: 300s, se reinicia con progreso)...
2026-03-11 14:22:52,766 - INFO - PROGRESO: campo búsqueda item 2 visible - REINICIANDO timeout
2026-03-11 14:22:52,785 - INFO - OK - campo búsqueda item 2 listo después de 0.0s
2026-03-11 14:22:52,842 - INFO - Código 439766400005 ingresado en campo búsqueda
2026-03-11 14:22:52,884 - INFO - Enter enviado para búsqueda
2026-03-11 14:23:03,909 - INFO - Item 439766400005 procesado correctamente
2026-03-11 14:23:03,910 - INFO - === MÓDULO 4: GARANTÍAS ITEM 2 ===
2026-03-11 14:23:03,911 - INFO - Garantía: AGREGAR
2026-03-11 14:23:04,973 - INFO - Screenshot capturado: C1_07_pantalla_garantias_02.png
2026-03-11 14:23:13,009 - INFO - Botón Add encontrado: //button[contains(@class, 'btn-success') and contains(text(), 'Add')]
2026-03-11 14:23:13,020 - INFO - Click en Añadir garantía
2026-03-11 14:23:16,921 - INFO - Encontradas 10 opciones de garantía
2026-03-11 14:23:16,937 - INFO - Precio $0.00 encontrado - buscando botón Void
2026-03-11 14:23:17,032 - INFO - Clic en botón Void para garantía $0.00
2026-03-11 14:23:17,091 - INFO - Screenshot capturado: C1_08_garantia_void_02.png
2026-03-11 14:23:18,145 - INFO - Screenshot capturado: C1_06_item_con_garantias_procesadas_02.png
2026-03-11 14:23:18,146 - INFO - Garantías procesadas para item 2
2026-03-11 14:23:18,146 - INFO - === PASO 7: ENLAZAR CUSTOMER ==========================================================================
2026-03-11 14:23:18,146 - INFO - === MÓDULO 5: ENLAZAR CUSTOMER ===
2026-03-11 14:23:18,193 - INFO - Screenshot capturado: C1_12_antes_enlazar_cliente.png
2026-03-11 14:23:23,259 - INFO - Enlace cliente encontrado: /html/body/div[2]/div[3]/div[28]/div[3]/h4/a
2026-03-11 14:23:23,280 - INFO - Click en enlace cliente
2026-03-11 14:23:26,335 - INFO - Screenshot capturado: C1_13_formulario_cliente.png
2026-03-11 14:23:27,626 - INFO - Cliente 057874256 ingresado
2026-03-11 14:23:28,680 - INFO - Screenshot capturado: C1_14_cliente_ingresado.png
2026-03-11 14:23:32,717 - INFO - Primer Next
2026-03-11 14:23:35,803 - INFO - Screenshot capturado: C1_15_primer_next.png
2026-03-11 14:23:35,840 - ERROR - Error en módulo enlazar customer: Message: Element <button id="nextButton" class="btn btn-success" type="submit"> is not clickable at point (1210,720) because another element <div class="modal-backdrop fade in"> obscures it; For documentation on this error, please visit: https://www.selenium.dev/documentation/webdriver/troubleshooting/errors#elementclickinterceptedexception
Stacktrace:
RemoteError@chrome://remote/content/shared/RemoteError.sys.mjs:8:8
WebDriverError@chrome://remote/content/shared/webdriver/Errors.sys.mjs:187:5
ElementClickInterceptedError@chrome://remote/content/shared/webdriver/Errors.sys.mjs:331:5
webdriverClickElement@chrome://remote/content/marionette/interaction.sys.mjs:162:11
interaction.clickElement@chrome://remote/content/marionette/interaction.sys.mjs:121:11
clickElement@chrome://remote/content/marionette/actors/MarionetteCommandsChild.sys.mjs:214:29
receiveMessage@chrome://remote/content/marionette/actors/MarionetteCommandsChild.sys.mjs:97:31

2026-03-11 14:23:35,840 - ERROR -  Error enlazando customer
2026-03-11 14:23:35,841 - INFO - 
🔄 PROCESANDO COTIZACIÓN 2/13: 2
2026-03-11 14:23:35,841 - INFO - === PASO 4: INICIAR ORDEN DE COMPRA ===
2026-03-11 14:23:35,843 - INFO - Buscando botón 'Comience una Orden de Compra'...
2026-03-11 14:23:35,901 - INFO - Screenshot capturado: C2_02_dashboard.png
2026-03-11 14:23:35,901 - INFO - Intentando selector 1: /html/body/div[2]/div[4]/div/div/div[1]/a[1]/input
2026-03-11 14:23:35,902 - INFO - Esperando que botón orden selector 1 sea visible (timeout: 300s, se reinicia con progreso)...
2026-03-11 14:23:41,417 - INFO - Esperando botón orden selector 1... Sin progreso: 0s, Total: 0s, Queda: 300s
2026-03-11 14:25:13,037 - ERROR - Error inesperado verificando visibilidad de botón orden selector 1: ('Connection aborted.', ConnectionResetError(10054, 'Se ha forzado la interrupción de una conexión existente por el host remoto', None, 10054, None))
2026-03-11 14:25:13,037 - WARNING - QUITANDO: botón orden selector 1 - Sin progreso por 300s, continuando sin él
2026-03-11 14:25:13,037 - INFO - Selector 1 quitado por falta de progreso, probando siguiente...
2026-03-11 14:25:13,038 - ERROR - Ningún selector de botón orden funcionó - todos fueron quitados por timeout
2026-03-11 14:25:13,038 - WARNING - No se pudo iniciar orden de compra para cotización 2 - continuando con siguiente
2026-03-11 14:25:13,038 - INFO - 
🔄 PROCESANDO COTIZACIÓN 3/13: 3
2026-03-11 14:25:13,038 - INFO - === PASO 4: INICIAR ORDEN DE COMPRA ===
2026-03-11 14:25:13,038 - INFO - Buscando botón 'Comience una Orden de Compra'...
2026-03-11 14:27:11,457 - INFO - Log guardándose en: logs\automatizacion_20260311.log
2026-03-11 14:27:11,457 - INFO -  === AUTOMATIZACIÓN MODULAR INICIADA ===
2026-03-11 14:27:11,457 - INFO - Archivo: productos_avanzado.xlsx
2026-03-11 14:27:11,458 - INFO - === PASO 1: LECTURA EXCEL ===
2026-03-11 14:27:11,458 - INFO - === MÓDULO 1: LECTURA EXCEL ===
2026-03-11 14:27:11,458 - INFO - Archivo: productos_avanzado.xlsx
2026-03-11 14:27:11,487 - INFO - Columnas encontradas: ['cotizacion_id', 'codigo', 'descripcion', 'cantidad', 'con_garantia', 'descuento_empleado', 'con_creditos', 'entrega_cliente', 'COTIZACION', 'ESTADO', 'FECHA_PROCESADO', 'ARCHIVO_WORD', 'tipo_entrega', 'Unnamed: 13']
2026-03-11 14:27:11,495 - INFO - Se encontraron 13 cotizaciones
2026-03-11 14:27:11,495 - INFO - Cotización 1: 2 productos
2026-03-11 14:27:11,496 - INFO - Cotización 2: 3 productos
2026-03-11 14:27:11,496 - INFO - Cotización 3: 3 productos
2026-03-11 14:27:11,496 - INFO - Cotización 4: 3 productos
2026-03-11 14:27:11,496 - INFO - Cotización 5: 1 productos
2026-03-11 14:27:11,496 - INFO - Cotización 6: 1 productos
2026-03-11 14:27:11,497 - INFO - Cotización 7: 1 productos
2026-03-11 14:27:11,497 - INFO - Cotización 8: 1 productos
2026-03-11 14:27:11,497 - INFO - Cotización 9: 1 productos
2026-03-11 14:27:11,497 - INFO - Cotización 10: 3 productos
2026-03-11 14:27:11,497 - INFO - Cotización 11: 1 productos
2026-03-11 14:27:11,498 - INFO - Cotización 12: 4 productos
2026-03-11 14:27:11,498 - INFO - Cotización 13: 6 productos
2026-03-11 14:27:11,498 - INFO - === PASO 2: INICIALIZAR NAVEGADOR ===
2026-03-11 14:27:17,606 - INFO - Navegador Firefox inicializado con configuración limpia
2026-03-11 14:27:17,607 - INFO - === PASO 3: INICIAR SESIÓN ===
2026-03-11 14:27:17,608 - INFO - === MÓDULO 2: INICIO SESIÓN ===
2026-03-11 14:27:22,847 - INFO - Accediendo a: http://urgtorbs6dlk:8080/engage-unicomer-web/
2026-03-11 14:27:22,936 - INFO - Credenciales ingresadas
2026-03-11 14:27:27,818 - INFO - Formulario enviado
2026-03-11 14:27:29,885 - INFO - Screenshot capturado: 01_login_resultado.png
2026-03-11 14:27:29,893 - INFO - Login exitoso - URL cambió
2026-03-11 14:27:29,893 - INFO - 
🔄 PROCESANDO COTIZACIÓN 1/13: 1
2026-03-11 14:27:29,894 - INFO - === PASO 4: INICIAR ORDEN DE COMPRA ===
2026-03-11 14:27:29,894 - INFO - Buscando botón 'Comience una Orden de Compra'...
2026-03-11 14:27:29,947 - INFO - Screenshot capturado: C1_02_dashboard.png
2026-03-11 14:27:29,948 - INFO - Intentando selector 1: /html/body/div[2]/div[4]/div/div/div[1]/a[1]/input
2026-03-11 14:27:29,948 - INFO - Esperando que botón orden selector 1 sea visible (timeout: 300s, se reinicia con progreso)...
2026-03-11 14:27:29,989 - INFO - PROGRESO: botón orden selector 1 visible - REINICIANDO timeout
2026-03-11 14:27:30,014 - INFO - OK - botón orden selector 1 listo después de 0.0s
2026-03-11 14:27:30,543 - INFO - Click exitoso en botón orden selector 1
2026-03-11 14:27:31,599 - INFO - Screenshot capturado: C1_04_formulario_orden.png
2026-03-11 14:27:31,600 - INFO - Click realizado en botón orden
2026-03-11 14:27:31,600 - INFO - Configuración - Garantías: NO, Descuento: NO, Créditos: NO, Entrega: SI, Tipo Entrega: cliente llevará
2026-03-11 14:27:31,600 - INFO - === PASO 5: EXTRAER NÚMERO COTIZACIÓN ===
2026-03-11 14:27:31,601 - INFO - === EXTRAYENDO NÚMERO DE COTIZACIÓN INICIAL ===
2026-03-11 14:28:08,905 - INFO - Búsqueda exhaustiva de número de cotización...
2026-03-11 14:29:23,830 - INFO - Log guardándose en: logs\automatizacion_20260311.log
2026-03-11 14:29:23,831 - INFO -  === AUTOMATIZACIÓN MODULAR INICIADA ===
2026-03-11 14:29:23,831 - INFO - Archivo: productos_avanzado.xlsx
2026-03-11 14:29:23,831 - INFO - === PASO 1: LECTURA EXCEL ===
2026-03-11 14:29:23,832 - INFO - === MÓDULO 1: LECTURA EXCEL ===
2026-03-11 14:29:23,832 - INFO - Archivo: productos_avanzado.xlsx
2026-03-11 14:29:23,869 - INFO - Columnas encontradas: ['cotizacion_id', 'codigo', 'descripcion', 'cantidad', 'con_garantia', 'descuento_empleado', 'con_creditos', 'entrega_cliente', 'COTIZACION', 'ESTADO', 'FECHA_PROCESADO', 'ARCHIVO_WORD', 'tipo_entrega', 'Unnamed: 13']
2026-03-11 14:29:23,878 - INFO - Se encontraron 13 cotizaciones
2026-03-11 14:29:23,878 - INFO - Cotización 1: 2 productos
2026-03-11 14:29:23,878 - INFO - Cotización 2: 3 productos
2026-03-11 14:29:23,879 - INFO - Cotización 3: 3 productos
2026-03-11 14:29:23,880 - INFO - Cotización 4: 3 productos
2026-03-11 14:29:23,880 - INFO - Cotización 5: 1 productos
2026-03-11 14:29:23,880 - INFO - Cotización 6: 1 productos
2026-03-11 14:29:23,880 - INFO - Cotización 7: 1 productos
2026-03-11 14:29:23,881 - INFO - Cotización 8: 1 productos
2026-03-11 14:29:23,881 - INFO - Cotización 9: 1 productos
2026-03-11 14:29:23,881 - INFO - Cotización 10: 3 productos
2026-03-11 14:29:23,881 - INFO - Cotización 11: 1 productos
2026-03-11 14:29:23,881 - INFO - Cotización 12: 4 productos
2026-03-11 14:29:23,881 - INFO - Cotización 13: 6 productos
2026-03-11 14:29:23,882 - INFO - === PASO 2: INICIALIZAR NAVEGADOR ===
2026-03-11 14:29:30,044 - INFO - Navegador Firefox inicializado con configuración limpia
2026-03-11 14:29:30,044 - INFO - === PASO 3: INICIAR SESIÓN ===
2026-03-11 14:29:30,045 - INFO - === MÓDULO 2: INICIO SESIÓN ===
2026-03-11 14:29:33,358 - INFO - Accediendo a: http://ursvtols8b3c:8080/engage-unicomer-web/
2026-03-11 14:29:33,427 - INFO - Credenciales ingresadas
2026-03-11 14:29:34,826 - INFO - Formulario enviado
2026-03-11 14:29:36,892 - INFO - Screenshot capturado: 01_login_resultado.png
2026-03-11 14:29:36,901 - INFO - Login exitoso - URL cambió
2026-03-11 14:29:36,902 - INFO - 
🔄 PROCESANDO COTIZACIÓN 1/13: 1
2026-03-11 14:29:36,902 - INFO - === PASO 4: INICIAR ORDEN DE COMPRA ===
2026-03-11 14:29:36,903 - INFO - Buscando botón 'Comience una Orden de Compra'...
2026-03-11 14:29:36,956 - INFO - Screenshot capturado: C1_02_dashboard.png
2026-03-11 14:29:36,957 - INFO - Intentando selector 1: /html/body/div[2]/div[4]/div/div/div[1]/a[1]/input
2026-03-11 14:29:36,957 - INFO - Esperando que botón orden selector 1 sea visible (timeout: 300s, se reinicia con progreso)...
2026-03-11 14:29:36,992 - INFO - PROGRESO: botón orden selector 1 visible - REINICIANDO timeout
2026-03-11 14:29:37,020 - INFO - OK - botón orden selector 1 listo después de 0.0s
2026-03-11 14:29:37,565 - INFO - Click exitoso en botón orden selector 1
2026-03-11 14:29:38,607 - INFO - Screenshot capturado: C1_04_formulario_orden.png
2026-03-11 14:29:38,607 - INFO - Click realizado en botón orden
2026-03-11 14:29:38,608 - INFO - Configuración - Garantías: NO, Descuento: NO, Créditos: NO, Entrega: SI, Tipo Entrega: cliente llevará
2026-03-11 14:29:38,608 - INFO - === PASO 5: EXTRAER NÚMERO COTIZACIÓN ===
2026-03-11 14:29:38,608 - INFO - === EXTRAYENDO NÚMERO DE COTIZACIÓN INICIAL ===
2026-03-11 14:29:40,659 - INFO - Número encontrado con selector: li.quotationNumberTitle p:last-child
2026-03-11 14:29:40,660 - INFO - Número de cotización: 11609217260005
2026-03-11 14:29:40,660 - INFO - Número base extraído: 11609217260005
2026-03-11 14:29:40,662 - INFO - Número único generado: 11609217260005_660
2026-03-11 14:29:40,663 - INFO - === PASO 6: AGREGAR ITEMS ============================================================================
2026-03-11 14:29:40,663 - INFO - --- ITEM 1/2 ---
2026-03-11 14:29:40,664 - INFO - === MÓDULO 3: AGREGAR ITEM 1 ===
2026-03-11 14:29:40,665 - INFO - Código: 461431200016, Cantidad: 1
2026-03-11 14:29:40,665 - INFO - Esperando que campo búsqueda item 1 sea visible (timeout: 300s, se reinicia con progreso)...
2026-03-11 14:29:40,699 - INFO - PROGRESO: campo búsqueda item 1 visible - REINICIANDO timeout
2026-03-11 14:29:40,724 - INFO - OK - campo búsqueda item 1 listo después de 0.0s
2026-03-11 14:29:40,773 - INFO - Código 461431200016 ingresado en campo búsqueda
2026-03-11 14:29:40,793 - INFO - Enter enviado para búsqueda
2026-03-11 14:29:43,145 - INFO - Item 461431200016 procesado correctamente
2026-03-11 14:29:43,146 - INFO - === MÓDULO 4: GARANTÍAS ITEM 1 ===
2026-03-11 14:29:43,147 - INFO - Garantía: RECHAZAR
2026-03-11 14:29:44,234 - INFO - Screenshot capturado: C1_07_pantalla_garantias_01.png
2026-03-11 14:29:50,278 - INFO - Botón No Thanks encontrado - rechazando garantía
2026-03-11 14:29:50,307 - INFO - Click en No Thanks
2026-03-11 14:29:51,365 - INFO - Screenshot capturado: C1_06_item_con_garantias_procesadas_01.png
2026-03-11 14:29:51,365 - INFO - Garantías procesadas para item 1
2026-03-11 14:29:51,366 - INFO - --- ITEM 2/2 ---
2026-03-11 14:29:51,366 - INFO - === MÓDULO 3: AGREGAR ITEM 2 ===
2026-03-11 14:29:51,366 - INFO - Código: 439766400005, Cantidad: 1
2026-03-11 14:29:51,367 - INFO - Esperando que campo búsqueda item 2 sea visible (timeout: 300s, se reinicia con progreso)...
2026-03-11 14:29:51,390 - INFO - PROGRESO: campo búsqueda item 2 visible - REINICIANDO timeout
2026-03-11 14:29:51,418 - INFO - OK - campo búsqueda item 2 listo después de 0.0s
2026-03-11 14:29:51,466 - INFO - Código 439766400005 ingresado en campo búsqueda
2026-03-11 14:29:51,480 - INFO - Enter enviado para búsqueda
2026-03-11 14:29:54,232 - INFO - Item 439766400005 procesado correctamente
2026-03-11 14:29:54,233 - INFO - === MÓDULO 4: GARANTÍAS ITEM 2 ===
2026-03-11 14:29:54,233 - INFO - Garantía: RECHAZAR
2026-03-11 14:29:55,296 - INFO - Screenshot capturado: C1_07_pantalla_garantias_02.png
2026-03-11 14:30:01,337 - INFO - Botón No Thanks encontrado - rechazando garantía
2026-03-11 14:30:01,360 - INFO - Click en No Thanks
2026-03-11 14:30:02,411 - INFO - Screenshot capturado: C1_06_item_con_garantias_procesadas_02.png
2026-03-11 14:30:02,411 - INFO - Garantías procesadas para item 2
2026-03-11 14:30:02,412 - INFO - === PASO 7: ENLAZAR CUSTOMER ==========================================================================
2026-03-11 14:30:02,412 - INFO - === MÓDULO 5: ENLAZAR CUSTOMER ===
2026-03-11 14:30:02,462 - INFO - Screenshot capturado: C1_12_antes_enlazar_cliente.png
2026-03-11 14:30:07,503 - INFO - Enlace cliente encontrado: /html/body/div[2]/div[3]/div[28]/div[3]/h4/a
2026-03-11 14:30:07,520 - INFO - Click en enlace cliente
2026-03-11 14:30:10,571 - INFO - Screenshot capturado: C1_13_formulario_cliente.png
2026-03-11 14:30:11,866 - INFO - Cliente 057874256 ingresado
2026-03-11 14:30:12,918 - INFO - Screenshot capturado: C1_14_cliente_ingresado.png
2026-03-11 14:30:14,776 - INFO - Primer Next
2026-03-11 14:30:17,850 - INFO - Screenshot capturado: C1_15_primer_next.png
2026-03-11 14:30:21,832 - INFO - Segundo Next
2026-03-11 14:30:24,886 - INFO - Screenshot capturado: C1_16_segundo_next.png
2026-03-11 14:30:24,887 - INFO - Customer enlazado exitosamente
2026-03-11 14:30:24,888 - INFO - === PASO 8: CONFIGURAR ENTREGA ====================================================================
2026-03-11 14:30:24,888 - INFO - === MÓDULO 6: DESPACHO/ENTREGA ===
2026-03-11 14:30:24,888 - INFO - Despacho/Entrega: CONFIGURAR
2026-03-11 14:30:24,889 - INFO - Tipo de entrega: cliente llevará
2026-03-11 14:30:24,934 - INFO - Screenshot capturado: C1_17_antes_entrega_cliente.png
2026-03-11 14:30:24,934 - INFO - Paso 1: Buscando botón Transaction Options
2026-03-11 14:30:27,961 - INFO - ✓ Transaction Options encontrado con: transactionOptionsBtn
2026-03-11 14:30:28,004 - INFO - Click en Transaction Options exitoso
2026-03-11 14:30:31,060 - INFO - Screenshot capturado: C1_18_menu_transaction_options.png
2026-03-11 14:30:31,060 - INFO - Paso 2: Seleccionando opción de entrega
2026-03-11 14:30:31,097 - INFO - Opción de entrega seleccionada
2026-03-11 14:30:34,154 - INFO - Screenshot capturado: C1_19_formulario_entrega.png
2026-03-11 14:30:34,154 - INFO - Paso 3: Llenando datos del formulario
2026-03-11 14:30:34,295 - INFO - Nombre 1 ingresado: ELISEO AMILCAR LOPEZ + Enter
2026-03-11 14:30:35,380 - INFO - Nombre 2 ingresado: MARGARITA PORTILLO DE LOPEZ + Enter
2026-03-11 14:30:36,454 - INFO - ✓ Campo adicional (div[4]) ingresado: ELISEO LOPEZ + Enter
2026-03-11 14:30:37,455 - INFO - Paso 4: Configurando select MADRE
2026-03-11 14:30:37,728 - INFO - Select MADRE abierto
2026-03-11 14:30:39,517 - INFO - ✓ Opción MADRE seleccionada
2026-03-11 14:30:40,519 - INFO - Paso 4B: Configurando transportador (relationship)
2026-03-11 14:30:40,806 - INFO - ✓ Select TRANSPORTADOR abierto con: /html/body/div[2]/form/div[1]/div/div[2]/div[6]/span[2]/span/a
2026-03-11 14:30:42,078 - INFO - ✓ Opción TRANSPORTADOR seleccionada
2026-03-11 14:30:43,079 - INFO - Paso 5: Configurando tipo de entrega: cliente llevará
2026-03-11 14:30:43,366 - INFO - ✓ Select TIPO ENTREGA abierto
2026-03-11 14:30:44,628 - INFO - ✓ Tipo entrega seleccionado: Cliente llevará (Cliente Recoge)
2026-03-11 14:30:46,629 - INFO - Paso 6: Configurando lugar de salida (Bodega Nejapa)
2026-03-11 14:30:46,713 - INFO - ✓ Texto escrito: BODEGA 94 NEJAPA
2026-03-11 14:30:48,976 - INFO - ✓ Opción clickeada del dropdown: BODEGA 94 NEJAPA
2026-03-11 14:30:53,997 - INFO - ℹ️ No se requiere OK para lugar de salida
2026-03-11 14:30:55,998 - INFO - Paso 7: Configurando transporte (11094 - BODEGA 94 NEJAPA)
2026-03-11 14:30:58,028 - INFO - ✓ Caja de texto del transporte encontrada
2026-03-11 14:30:58,863 - INFO - ✓ Texto escrito: BODEGA 94 NEJAPA
2026-03-11 14:30:59,864 - INFO - -Buscando opción '11094 - BODEGA 94 NEJAPA' en dropdown...
2026-03-11 14:30:59,865 - INFO - Intentando con selector: //li[@class='ui-menu-item']//a[contains(text(), '11094 - BODEGA 94 NEJAPA')]
2026-03-11 14:31:00,936 - INFO - Intentando con selector: //li[@role='menuitem']//a[contains(text(), '11094 - BODEGA 94 NEJAPA')]
2026-03-11 14:31:01,989 - INFO - Intentando con selector: //li[contains(@class, 'ui-menu-item')]//a[contains(text(), 'BODEGA 94 NEJAPA')]
2026-03-11 14:31:03,052 - INFO - Intentando con selector: //ul[contains(@class, 'ui-autocomplete')]//a[contains(text(), '11094')]
2026-03-11 14:31:04,115 - INFO - Intentando con selector: //a[@class='ui-corner-all'][contains(text(), '11094 - BODEGA 94 NEJAPA')]
2026-03-11 14:31:05,178 - INFO - Intentando con selector: /html/body/ul[4]/li/a
2026-03-11 14:31:06,235 - INFO - 🔄 Fallback: Usando flecha abajo + Enter...
2026-03-11 14:31:06,783 - INFO - ✓ Flecha abajo + Enter ejecutado
2026-03-11 14:31:07,815 - INFO - 🔍 Verificación final: Input='11094 - BODEGA 94 NEJAPA', Select='11094'
2026-03-11 14:31:07,816 - INFO - ✅ TRANSPORTE CONFIGURADO EXITOSAMENTE
2026-03-11 14:31:10,817 - INFO - Paso 8: Agregando instrucciones
2026-03-11 14:31:10,897 - INFO - Instrucciones agregadas
2026-03-11 14:31:10,897 - INFO - Paso 9: Enviando formulario de entrega
2026-03-11 14:31:11,204 - INFO - Formulario de entrega enviado
2026-03-11 14:31:14,206 - WARNING - ⚠️ Error en despacho, continuando...
2026-03-11 14:31:14,207 - INFO - === PASO 11: FINALIZAR COTIZACIÓN ===
2026-03-11 14:31:14,207 - INFO - === FINALIZANDO COTIZACIÓN ===
2026-03-11 14:31:14,268 - INFO - Screenshot capturado: C1_17_antes_finalizar.png
2026-03-11 14:31:16,269 - INFO - PASO 1: Click en botón finalizar
2026-03-11 14:31:34,328 - INFO - ✓ Botón finalizar encontrado con: //button[contains(@class, 'btn-success') and contains(text(), 'Save')]
2026-03-11 14:31:34,385 - INFO - Screenshot capturado: C1_18_antes_finalizar.png
2026-03-11 14:31:34,386 - INFO - 🔧 Preservando datos de sesión...
2026-03-11 14:31:34,398 - INFO - 📝 Sesión preservada - OrderID: undefined, SessionData: 
2026-03-11 14:31:34,407 - INFO - ✓ Click en botón finalizar exitoso
2026-03-11 14:31:42,432 - INFO - 📋 Modales encontrados: 10
2026-03-11 14:31:42,459 - INFO -   Modal 1: tag=div, id=, visible=False
2026-03-11 14:31:42,485 - INFO -   Modal 2: tag=div, id=, visible=False
2026-03-11 14:31:42,506 - INFO -   Modal 3: tag=span, id=ui-dialog-title-errorDialog, visible=False
2026-03-11 14:31:42,510 - INFO - 📝 Formularios encontrados: 1
2026-03-11 14:31:42,511 - INFO - 🔍 MONITOREANDO ESTADO POST-SAVE...
2026-03-11 14:31:43,518 - INFO - 📍 Segundo 1: URL = http://ursvtols8b3c:8080/engage-unicomer-web/delivery/addDeliveryInfo
2026-03-11 14:31:43,524 - INFO - 📄 Segundo 1: Título = Grupo Unicomer
2026-03-11 14:31:43,588 - INFO - 🔘 Segundo 1: Botones visibles = ['Save', 'Cancel']
2026-03-11 14:31:48,613 - INFO - 🖨️ Segundo 1: Printer Group NO encontrado
2026-03-11 14:31:48,622 - INFO - 🐛 Segundo 1: JS Console disponible
2026-03-11 14:31:48,639 - INFO - 💾 Segundo 1: Session=undefined, Local=undefined
2026-03-11 14:31:49,646 - INFO - 📍 Segundo 2: URL = http://ursvtols8b3c:8080/engage-unicomer-web/delivery/addDeliveryInfo
2026-03-11 14:31:49,651 - INFO - 📄 Segundo 2: Título = Grupo Unicomer
2026-03-11 14:31:49,710 - INFO - 🔘 Segundo 2: Botones visibles = ['Save', 'Cancel']
2026-03-11 14:31:54,723 - INFO - 🖨️ Segundo 2: Printer Group NO encontrado
2026-03-11 14:31:54,731 - INFO - 🐛 Segundo 2: JS Console disponible
2026-03-11 14:31:54,749 - INFO - 💾 Segundo 2: Session=undefined, Local=undefined
2026-03-11 14:31:55,758 - INFO - 📍 Segundo 3: URL = http://ursvtols8b3c:8080/engage-unicomer-web/delivery/addDeliveryInfo
2026-03-11 14:31:55,764 - INFO - 📄 Segundo 3: Título = Grupo Unicomer
2026-03-11 14:31:55,818 - INFO - 🔘 Segundo 3: Botones visibles = ['Save', 'Cancel']
2026-03-11 14:32:00,832 - INFO - 🖨️ Segundo 3: Printer Group NO encontrado
2026-03-11 14:32:00,840 - INFO - 🐛 Segundo 3: JS Console disponible
2026-03-11 14:32:00,859 - INFO - 💾 Segundo 3: Session=undefined, Local=undefined
2026-03-11 14:32:01,866 - INFO - 📍 Segundo 4: URL = http://ursvtols8b3c:8080/engage-unicomer-web/delivery/addDeliveryInfo
2026-03-11 14:32:01,871 - INFO - 📄 Segundo 4: Título = Grupo Unicomer
2026-03-11 14:32:01,926 - INFO - 🔘 Segundo 4: Botones visibles = ['Save', 'Cancel']
2026-03-11 14:32:06,945 - INFO - 🖨️ Segundo 4: Printer Group NO encontrado
2026-03-11 14:32:06,953 - INFO - 🐛 Segundo 4: JS Console disponible
2026-03-11 14:32:06,973 - INFO - 💾 Segundo 4: Session=undefined, Local=undefined
2026-03-11 14:32:07,983 - INFO - 📍 Segundo 5: URL = http://ursvtols8b3c:8080/engage-unicomer-web/delivery/addDeliveryInfo
2026-03-11 14:32:07,986 - INFO - 📄 Segundo 5: Título = Grupo Unicomer
2026-03-11 14:32:08,050 - INFO - 🔘 Segundo 5: Botones visibles = ['Save', 'Cancel']
2026-03-11 14:32:13,057 - INFO - 🖨️ Segundo 5: Printer Group NO encontrado
2026-03-11 14:32:13,065 - INFO - 🐛 Segundo 5: JS Console disponible
2026-03-11 14:32:13,080 - INFO - 💾 Segundo 5: Session=undefined, Local=undefined
2026-03-11 14:32:14,088 - INFO - 📍 Segundo 6: URL = http://ursvtols8b3c:8080/engage-unicomer-web/delivery/addDeliveryInfo
2026-03-11 14:32:14,094 - INFO - 📄 Segundo 6: Título = Grupo Unicomer
2026-03-11 14:32:14,149 - INFO - 🔘 Segundo 6: Botones visibles = ['Save', 'Cancel']
2026-03-11 14:32:19,170 - INFO - 🖨️ Segundo 6: Printer Group NO encontrado
2026-03-11 14:32:19,179 - INFO - 🐛 Segundo 6: JS Console disponible
2026-03-11 14:32:19,203 - INFO - 💾 Segundo 6: Session=undefined, Local=undefined
2026-03-11 14:32:20,209 - INFO - 📍 Segundo 7: URL = http://ursvtols8b3c:8080/engage-unicomer-web/delivery/addDeliveryInfo
2026-03-11 14:32:20,214 - INFO - 📄 Segundo 7: Título = Grupo Unicomer
2026-03-11 14:32:20,265 - INFO - 🔘 Segundo 7: Botones visibles = ['Save', 'Cancel']
2026-03-11 14:32:26,004 - INFO - 🖨️ Segundo 7: Printer Group NO encontrado
2026-03-11 14:32:26,014 - INFO - 🐛 Segundo 7: JS Console disponible
2026-03-11 14:32:26,032 - INFO - 💾 Segundo 7: Session=undefined, Local=undefined
2026-03-11 14:32:27,043 - INFO - 📍 Segundo 8: URL = http://ursvtols8b3c:8080/engage-unicomer-web/delivery/addDeliveryInfo
2026-03-11 14:32:27,048 - INFO - 📄 Segundo 8: Título = Grupo Unicomer
2026-03-11 14:32:27,093 - INFO - 🔘 Segundo 8: Botones visibles = ['Save', 'Cancel']
2026-03-11 14:32:32,126 - INFO - 🖨️ Segundo 8: Printer Group NO encontrado
2026-03-11 14:32:32,151 - INFO - 🐛 Segundo 8: JS Console disponible
2026-03-11 14:32:32,164 - INFO - 💾 Segundo 8: Session=undefined, Local=undefined
2026-03-11 14:32:33,171 - INFO - 📍 Segundo 9: URL = http://ursvtols8b3c:8080/engage-unicomer-web/delivery/addDeliveryInfo
2026-03-11 14:32:33,177 - INFO - 📄 Segundo 9: Título = Grupo Unicomer
2026-03-11 14:32:33,495 - INFO - 🔘 Segundo 9: Botones visibles = ['Map', 'Satellite', 'Keyboard shortcuts', 'Save', 'Cancel']
2026-03-11 14:32:38,507 - INFO - 🖨️ Segundo 9: Printer Group NO encontrado
2026-03-11 14:32:38,519 - INFO - 🐛 Segundo 9: JS Console disponible
2026-03-11 14:32:38,534 - INFO - 💾 Segundo 9: Session=undefined, Local=undefined
2026-03-11 14:32:39,541 - INFO - 📍 Segundo 10: URL = http://ursvtols8b3c:8080/engage-unicomer-web/delivery/addDeliveryInfo
2026-03-11 14:32:39,546 - INFO - 📄 Segundo 10: Título = Grupo Unicomer
2026-03-11 14:32:39,858 - INFO - 🔘 Segundo 10: Botones visibles = ['Map', 'Satellite', 'Keyboard shortcuts', 'Save', 'Cancel']
2026-03-11 14:32:44,880 - INFO - 🖨️ Segundo 10: Printer Group NO encontrado
2026-03-11 14:32:44,890 - INFO - 🐛 Segundo 10: JS Console disponible
2026-03-11 14:32:44,905 - INFO - 💾 Segundo 10: Session=undefined, Local=undefined
2026-03-11 14:32:44,905 - INFO - 🏁 FIN DE MONITOREO POST-SAVE
2026-03-11 14:32:44,906 - INFO - 🔄 Buscando botón Save en página delivery/search...
2026-03-11 14:32:44,933 - INFO - 🎯 BOTÓN SAVE ENCONTRADO EN DELIVERY/SEARCH - Haciendo click...
2026-03-11 14:32:45,181 - INFO - ✅ Click en botón Save delivery exitoso
2026-03-11 14:33:00,722 - INFO - ℹ️ Printer Group no apareció después del Save delivery
2026-03-11 14:33:00,723 - INFO - Esto puede ser normal - el Save delivery ya se ejecutó
2026-03-11 14:33:00,724 - INFO - 🔄 Verificación final del Printer Group...
2026-03-11 14:33:08,743 - INFO - ℹ️ Printer Group no apareció en verificación final
2026-03-11 14:33:08,744 - INFO - 💡 Esto puede ser normal - el Save ya se ejecutó
2026-03-11 14:33:08,745 - INFO - ⏳ Esperando procesamiento completo del Save...
2026-03-11 14:33:10,755 - INFO - PASO 2: Esperando redirección automática del servidor...
2026-03-11 14:33:10,762 - INFO - 📍 URL antes del submit: http://ursvtols8b3c:8080/engage-unicomer-web/delivery/addDeliveryInfo
2026-03-11 14:33:11,775 - INFO - ⏱️ Segundo 1: URL=http://ursvtols8b3c:8080/engage-unicomer-web/delivery/addDeliveryInfo, Título=Grupo Unicomer
2026-03-11 14:33:11,831 - INFO - ✅ Indicador de éxito encontrado: 'success'
2026-03-11 14:33:11,906 - INFO - Screenshot capturado: C1_20_exito_detectado.png
2026-03-11 14:33:11,907 - INFO - ✅ Finalización exitosa
2026-03-11 14:33:11,907 - INFO - === PASO 12: GENERAR REPORTE INDIVIDUAL ===
2026-03-11 14:33:11,908 - INFO - Generando reporte para cotización 1 con número 11609217260005
2026-03-11 14:33:11,908 - INFO - Screenshots disponibles: 18
2026-03-11 14:33:11,909 - INFO - 🔄 Generando reporte para cotización 1: 11609217260005
2026-03-11 14:33:12,371 - INFO - ✅ Excel actualizado - Cotización 1: 11609217260005
2026-03-11 14:33:12,819 - INFO - Reporte ejecutivo generado: Reporte_cotizacion_11609217260005.docx
2026-03-11 14:33:12,820 - INFO - Archivo verificado: 1608537 bytes
2026-03-11 14:33:12,821 - INFO - Reporte Word generado exitosamente para cotización 1
2026-03-11 14:33:12,821 - INFO - Iniciando limpieza de screenshots después de generar reporte
2026-03-11 14:33:12,823 - INFO - Screenshot eliminado: 01_login_resultado.png
2026-03-11 14:33:12,825 - INFO - Screenshot eliminado: C1_02_dashboard.png
2026-03-11 14:33:12,826 - INFO - Screenshot eliminado: C1_04_formulario_orden.png
2026-03-11 14:33:12,828 - INFO - Screenshot eliminado: C1_07_pantalla_garantias_01.png
2026-03-11 14:33:12,829 - INFO - Screenshot eliminado: C1_06_item_con_garantias_procesadas_01.png
2026-03-11 14:33:12,831 - INFO - Screenshot eliminado: C1_07_pantalla_garantias_02.png
2026-03-11 14:33:12,833 - INFO - Screenshot eliminado: C1_06_item_con_garantias_procesadas_02.png
2026-03-11 14:33:12,834 - INFO - Screenshot eliminado: C1_12_antes_enlazar_cliente.png
2026-03-11 14:33:12,836 - INFO - Screenshot eliminado: C1_13_formulario_cliente.png
2026-03-11 14:33:12,839 - INFO - Screenshot eliminado: C1_14_cliente_ingresado.png
2026-03-11 14:33:12,842 - INFO - Screenshot eliminado: C1_15_primer_next.png
2026-03-11 14:33:12,844 - INFO - Screenshot eliminado: C1_16_segundo_next.png
2026-03-11 14:33:12,845 - INFO - Screenshot eliminado: C1_17_antes_entrega_cliente.png
2026-03-11 14:33:12,846 - INFO - Screenshot eliminado: C1_18_menu_transaction_options.png
2026-03-11 14:33:12,847 - INFO - Screenshot eliminado: C1_19_formulario_entrega.png
2026-03-11 14:33:12,848 - INFO - Screenshot eliminado: C1_17_antes_finalizar.png
2026-03-11 14:33:12,850 - INFO - Screenshot eliminado: C1_18_antes_finalizar.png
2026-03-11 14:33:12,851 - INFO - Screenshot eliminado: C1_20_exito_detectado.png
2026-03-11 14:33:12,851 - INFO - 18 screenshots eliminados para esta cotización
2026-03-11 14:33:12,851 - INFO - Cotización 1 completada: 11609217260005
2026-03-11 14:33:14,852 - INFO - 
🔄 PROCESANDO COTIZACIÓN 2/13: 2
2026-03-11 14:33:14,854 - INFO - === PASO 4: INICIAR ORDEN DE COMPRA ===
2026-03-11 14:33:14,855 - INFO - Buscando botón 'Comience una Orden de Compra'...
2026-03-11 14:33:14,971 - INFO - Screenshot capturado: C2_02_dashboard.png
2026-03-11 14:33:14,972 - INFO - Intentando selector 1: /html/body/div[2]/div[4]/div/div/div[1]/a[1]/input
2026-03-11 14:33:14,972 - INFO - Esperando que botón orden selector 1 sea visible (timeout: 300s, se reinicia con progreso)...
2026-03-11 14:33:20,486 - INFO - Esperando botón orden selector 1... Sin progreso: 0s, Total: 0s, Queda: 300s
2026-03-11 14:34:35,905 - INFO - Esperando botón orden selector 1... Sin progreso: 75s, Total: 75s, Queda: 225s
2026-03-11 14:35:28,283 - INFO - PROGRESO: botón orden selector 1 existe - REINICIANDO timeout
2026-03-11 14:35:28,304 - INFO - PROGRESO: botón orden selector 1 visible - REINICIANDO timeout
2026-03-11 14:35:28,325 - INFO - OK - botón orden selector 1 listo después de 130.6s
2026-03-11 14:35:28,859 - INFO - Click exitoso en botón orden selector 1
2026-03-11 14:35:29,935 - INFO - Screenshot capturado: C2_04_formulario_orden.png
2026-03-11 14:35:29,935 - INFO - Click realizado en botón orden
2026-03-11 14:35:29,936 - INFO - Preparando nueva cotización...
2026-03-11 14:35:34,959 - INFO - ✓ Storage del navegador limpiado
2026-03-11 14:35:34,964 - INFO - ✓ Página estabilizada para nueva cotización
2026-03-11 14:35:34,964 - INFO - ✓ Sistema listo para siguiente cotización automática
2026-03-11 14:35:35,965 - INFO - Configuración - Garantías: NO, Descuento: NO, Créditos: NO, Entrega: SI, Tipo Entrega: cliente llevará
2026-03-11 14:35:35,965 - INFO - === PASO 5: EXTRAER NÚMERO COTIZACIÓN ===
2026-03-11 14:35:35,966 - INFO - === EXTRAYENDO NÚMERO DE COTIZACIÓN INICIAL ===
2026-03-11 14:35:38,044 - INFO - Número encontrado con selector: li.quotationNumberTitle p:last-child
2026-03-11 14:35:38,045 - INFO - Número de cotización: 11609217260006
2026-03-11 14:35:38,045 - INFO - Número base extraído: 11609217260006
2026-03-11 14:35:38,045 - INFO - Número único generado: 11609217260006_8045
2026-03-11 14:35:38,046 - INFO - === PASO 6: AGREGAR ITEMS ============================================================================
2026-03-11 14:35:38,047 - INFO - --- ITEM 1/3 ---
2026-03-11 14:35:38,047 - INFO - === MÓDULO 3: AGREGAR ITEM 1 ===
2026-03-11 14:35:38,048 - INFO - Código: 462801600016, Cantidad: 1
2026-03-11 14:35:38,049 - INFO - Esperando que campo búsqueda item 1 sea visible (timeout: 300s, se reinicia con progreso)...
2026-03-11 14:35:38,078 - INFO - PROGRESO: campo búsqueda item 1 visible - REINICIANDO timeout
2026-03-11 14:35:38,096 - INFO - OK - campo búsqueda item 1 listo después de 0.0s
2026-03-11 14:35:38,129 - INFO - Código 462801600016 ingresado en campo búsqueda
2026-03-11 14:35:38,156 - INFO - Enter enviado para búsqueda
2026-03-11 14:35:41,304 - INFO - Mensaje informativo (ignorado): Error
close
ERROR TO OBTAIN THE PARAMATER: permitirNoInventariadosSeguros...
2026-03-11 14:35:41,305 - INFO - Item 462801600016 procesado correctamente
2026-03-11 14:35:41,305 - INFO - === MÓDULO 4: GARANTÍAS ITEM 1 ===
2026-03-11 14:35:41,306 - INFO - Garantía: RECHAZAR
2026-03-11 14:35:42,400 - INFO - Screenshot capturado: C2_07_pantalla_garantias_01.png
2026-03-11 14:35:48,440 - INFO - Botón No Thanks encontrado - rechazando garantía
2026-03-11 14:35:48,467 - INFO - Click en No Thanks
2026-03-11 14:35:49,555 - INFO - Screenshot capturado: C2_06_item_con_garantias_procesadas_01.png
2026-03-11 14:35:49,555 - INFO - Garantías procesadas para item 1
2026-03-11 14:35:49,556 - INFO - --- ITEM 2/3 ---
2026-03-11 14:35:49,556 - INFO - === MÓDULO 3: AGREGAR ITEM 2 ===
2026-03-11 14:35:49,557 - INFO - Código: 456497500019, Cantidad: 1
2026-03-11 14:35:49,557 - INFO - Esperando que campo búsqueda item 2 sea visible (timeout: 300s, se reinicia con progreso)...
2026-03-11 14:35:49,582 - INFO - PROGRESO: campo búsqueda item 2 visible - REINICIANDO timeout
2026-03-11 14:35:49,601 - INFO - OK - campo búsqueda item 2 listo después de 0.0s
2026-03-11 14:35:49,620 - INFO - Código 456497500019 ingresado en campo búsqueda
2026-03-11 14:35:49,681 - INFO - Enter enviado para búsqueda
2026-03-11 14:35:54,745 - INFO - Mensaje informativo (ignorado): Error
close
ERROR TO OBTAIN THE PARAMATER: permitirNoInventariadosSeguros...
2026-03-11 14:35:54,745 - INFO - Item 456497500019 procesado correctamente
2026-03-11 14:35:54,745 - INFO - === MÓDULO 4: GARANTÍAS ITEM 2 ===
2026-03-11 14:35:54,746 - INFO - Garantía: RECHAZAR
2026-03-11 14:35:55,819 - INFO - Screenshot capturado: C2_07_pantalla_garantias_02.png
2026-03-11 14:36:01,862 - INFO - Botón No Thanks encontrado - rechazando garantía
2026-03-11 14:36:01,892 - INFO - Click en No Thanks
2026-03-11 14:36:02,994 - INFO - Screenshot capturado: C2_06_item_con_garantias_procesadas_02.png
2026-03-11 14:36:02,994 - INFO - Garantías procesadas para item 2
2026-03-11 14:36:02,995 - INFO - --- ITEM 3/3 ---
2026-03-11 14:36:02,996 - INFO - === MÓDULO 3: AGREGAR ITEM 3 ===
2026-03-11 14:36:02,996 - INFO - Código: 461964100012, Cantidad: 1
2026-03-11 14:36:02,997 - INFO - Esperando que campo búsqueda item 3 sea visible (timeout: 300s, se reinicia con progreso)...
2026-03-11 14:36:03,032 - INFO - PROGRESO: campo búsqueda item 3 visible - REINICIANDO timeout
2026-03-11 14:36:03,050 - INFO - OK - campo búsqueda item 3 listo después de 0.0s
2026-03-11 14:36:03,097 - INFO - Código 461964100012 ingresado en campo búsqueda
2026-03-11 14:36:03,122 - INFO - Enter enviado para búsqueda
2026-03-11 14:36:07,077 - INFO - Mensaje informativo (ignorado): Error
close
ERROR TO OBTAIN THE PARAMATER: permitirNoInventariadosSeguros...
2026-03-11 14:36:07,077 - INFO - Item 461964100012 procesado correctamente
2026-03-11 14:36:07,078 - INFO - === MÓDULO 4: GARANTÍAS ITEM 3 ===
2026-03-11 14:36:07,078 - INFO - Garantía: RECHAZAR
2026-03-11 14:36:08,141 - INFO - Screenshot capturado: C2_07_pantalla_garantias_03.png
2026-03-11 14:36:14,170 - INFO - Botón No Thanks encontrado - rechazando garantía
2026-03-11 14:36:14,203 - INFO - Click en No Thanks
2026-03-11 14:36:15,275 - INFO - Screenshot capturado: C2_06_item_con_garantias_procesadas_03.png
2026-03-11 14:36:15,275 - INFO - Garantías procesadas para item 3
2026-03-11 14:36:15,276 - INFO - === PASO 7: ENLAZAR CUSTOMER ==========================================================================
2026-03-11 14:36:15,276 - INFO - === MÓDULO 5: ENLAZAR CUSTOMER ===
2026-03-11 14:36:15,337 - INFO - Screenshot capturado: C2_12_antes_enlazar_cliente.png
2026-03-11 14:36:20,377 - INFO - Enlace cliente encontrado: /html/body/div[2]/div[3]/div[28]/div[3]/h4/a
2026-03-11 14:36:20,408 - INFO - Click en enlace cliente
2026-03-11 14:36:23,490 - INFO - Screenshot capturado: C2_13_formulario_cliente.png
2026-03-11 14:36:24,759 - INFO - Cliente 057874256 ingresado
2026-03-11 14:36:25,840 - INFO - Screenshot capturado: C2_14_cliente_ingresado.png
2026-03-11 14:36:27,291 - INFO - Primer Next
2026-03-11 14:36:30,377 - INFO - Screenshot capturado: C2_15_primer_next.png
2026-03-11 14:36:34,699 - INFO - Segundo Next
2026-03-11 14:36:37,779 - INFO - Screenshot capturado: C2_16_segundo_next.png
2026-03-11 14:36:37,779 - INFO - Customer enlazado exitosamente
2026-03-11 14:36:37,779 - INFO - === PASO 8: CONFIGURAR ENTREGA ====================================================================
2026-03-11 14:36:37,780 - INFO - === MÓDULO 6: DESPACHO/ENTREGA ===
2026-03-11 14:36:37,780 - INFO - Despacho/Entrega: CONFIGURAR
2026-03-11 14:36:37,781 - INFO - Tipo de entrega: cliente llevará
2026-03-11 14:36:37,840 - INFO - Screenshot capturado: C2_17_antes_entrega_cliente.png
2026-03-11 14:36:37,840 - INFO - Paso 1: Buscando botón Transaction Options
2026-03-11 14:36:40,881 - INFO - ✓ Transaction Options encontrado con: transactionOptionsBtn
2026-03-11 14:36:40,900 - INFO - Click en Transaction Options exitoso
2026-03-11 14:36:43,982 - INFO - Screenshot capturado: C2_18_menu_transaction_options.png
2026-03-11 14:36:43,982 - INFO - Paso 2: Seleccionando opción de entrega
2026-03-11 14:36:44,012 - INFO - Opción de entrega seleccionada
2026-03-11 14:36:47,093 - INFO - Screenshot capturado: C2_19_formulario_entrega.png
2026-03-11 14:36:47,094 - INFO - Paso 3: Llenando datos del formulario
2026-03-11 14:36:47,143 - INFO - Nombre 1 ingresado: ELISEO AMILCAR LOPEZ + Enter
2026-03-11 14:36:48,187 - INFO - Nombre 2 ingresado: MARGARITA PORTILLO DE LOPEZ + Enter
2026-03-11 14:36:49,236 - INFO - ✓ Campo adicional (div[4]) ingresado: ELISEO LOPEZ + Enter
2026-03-11 14:36:50,237 - INFO - Paso 4: Configurando select MADRE
2026-03-11 14:36:50,493 - INFO - Select MADRE abierto
2026-03-11 14:36:52,264 - INFO - ✓ Opción MADRE seleccionada
2026-03-11 14:36:53,264 - INFO - Paso 4B: Configurando transportador (relationship)
2026-03-11 14:36:53,521 - INFO - ✓ Select TRANSPORTADOR abierto con: /html/body/div[2]/form/div[1]/div/div[2]/div[6]/span[2]/span/a
2026-03-11 14:36:54,774 - INFO - ✓ Opción TRANSPORTADOR seleccionada
2026-03-11 14:36:55,775 - INFO - Paso 5: Configurando tipo de entrega: cliente llevará
2026-03-11 14:36:56,023 - INFO - ✓ Select TIPO ENTREGA abierto
2026-03-11 14:36:57,276 - INFO - ✓ Tipo entrega seleccionado: Cliente llevará (Cliente Recoge)
2026-03-11 14:36:59,277 - INFO - Paso 6: Configurando lugar de salida (Bodega Nejapa)
2026-03-11 14:36:59,353 - INFO - ✓ Texto escrito: BODEGA 94 NEJAPA
2026-03-11 14:37:01,594 - INFO - ✓ Opción clickeada del dropdown: BODEGA 94 NEJAPA
2026-03-11 14:37:06,617 - INFO - ℹ️ No se requiere OK para lugar de salida
2026-03-11 14:37:08,619 - INFO - Paso 7: Configurando transporte (11094 - BODEGA 94 NEJAPA)
2026-03-11 14:37:10,658 - INFO - ✓ Caja de texto del transporte encontrada
2026-03-11 14:37:11,440 - INFO - ✓ Texto escrito: BODEGA 94 NEJAPA
2026-03-11 14:37:12,441 - INFO - -Buscando opción '11094 - BODEGA 94 NEJAPA' en dropdown...
2026-03-11 14:37:12,442 - INFO - Intentando con selector: //li[@class='ui-menu-item']//a[contains(text(), '11094 - BODEGA 94 NEJAPA')]
2026-03-11 14:37:13,499 - INFO - Intentando con selector: //li[@role='menuitem']//a[contains(text(), '11094 - BODEGA 94 NEJAPA')]
2026-03-11 14:37:14,569 - INFO - Intentando con selector: //li[contains(@class, 'ui-menu-item')]//a[contains(text(), 'BODEGA 94 NEJAPA')]
2026-03-11 14:37:15,634 - INFO - Intentando con selector: //ul[contains(@class, 'ui-autocomplete')]//a[contains(text(), '11094')]
2026-03-11 14:37:16,695 - INFO - Intentando con selector: //a[@class='ui-corner-all'][contains(text(), '11094 - BODEGA 94 NEJAPA')]
2026-03-11 14:37:17,751 - INFO - Intentando con selector: /html/body/ul[4]/li/a
2026-03-11 14:37:18,816 - INFO - 🔄 Fallback: Usando flecha abajo + Enter...
2026-03-11 14:37:19,380 - INFO - ✓ Flecha abajo + Enter ejecutado
2026-03-11 14:37:20,409 - WARNING - Error verificando transporte: Message: The element with the reference cc9586cc-c5c5-4a5a-9d63-e1503d40caed is stale; either its node document is not the active document, or it is no longer connected to the DOM; For documentation on this error, please visit: https://www.selenium.dev/documentation/webdriver/troubleshooting/errors#staleelementreferenceexception
Stacktrace:
RemoteError@chrome://remote/content/shared/RemoteError.sys.mjs:8:8
WebDriverError@chrome://remote/content/shared/webdriver/Errors.sys.mjs:187:5
StaleElementReferenceError@chrome://remote/content/shared/webdriver/Errors.sys.mjs:659:5
element.getKnownElement@chrome://remote/content/marionette/element.sys.mjs:509:11
deserializeJSON@chrome://remote/content/marionette/json.sys.mjs:233:33
cloneObject/result<@chrome://remote/content/marionette/json.sys.mjs:50:52
cloneObject@chrome://remote/content/marionette/json.sys.mjs:50:25
deserializeJSON@chrome://remote/content/marionette/json.sys.mjs:244:16
cloneObject@chrome://remote/content/marionette/json.sys.mjs:56:24
deserializeJSON@chrome://remote/content/marionette/json.sys.mjs:244:16
json.deserialize@chrome://remote/content/marionette/json.sys.mjs:248:10
receiveMessage@chrome://remote/content/marionette/actors/MarionetteCommandsChild.sys.mjs:85:30

2026-03-11 14:37:23,411 - INFO - Paso 8: Agregando instrucciones
2026-03-11 14:37:23,476 - INFO - Instrucciones agregadas
2026-03-11 14:37:23,477 - INFO - Paso 9: Enviando formulario de entrega
2026-03-11 14:37:23,492 - WARNING - Error enviando formulario: Message: Element <button class="btn btn-success mediumHeightBtn" type="submit"> is not clickable at point (1207,683) because another element <div class="ui-widget-overlay"> obscures it; For documentation on this error, please visit: https://www.selenium.dev/documentation/webdriver/troubleshooting/errors#elementclickinterceptedexception
Stacktrace:
RemoteError@chrome://remote/content/shared/RemoteError.sys.mjs:8:8
WebDriverError@chrome://remote/content/shared/webdriver/Errors.sys.mjs:187:5
ElementClickInterceptedError@chrome://remote/content/shared/webdriver/Errors.sys.mjs:331:5
webdriverClickElement@chrome://remote/content/marionette/interaction.sys.mjs:162:11
interaction.clickElement@chrome://remote/content/marionette/interaction.sys.mjs:121:11
clickElement@chrome://remote/content/marionette/actors/MarionetteCommandsChild.sys.mjs:214:29
receiveMessage@chrome://remote/content/marionette/actors/MarionetteCommandsChild.sys.mjs:97:31

2026-03-11 14:37:23,492 - WARNING - ⚠️ Error en despacho, continuando...
2026-03-11 14:37:23,492 - INFO - === PASO 11: FINALIZAR COTIZACIÓN ===
2026-03-11 14:37:23,493 - INFO - === FINALIZANDO COTIZACIÓN ===
2026-03-11 14:37:23,564 - INFO - Screenshot capturado: C2_17_antes_finalizar.png
2026-03-11 14:37:25,565 - INFO - PASO 1: Click en botón finalizar
2026-03-11 14:37:43,648 - INFO - ✓ Botón finalizar encontrado con: //button[contains(@class, 'btn-success') and contains(text(), 'Save')]
2026-03-11 14:37:43,700 - INFO - Screenshot capturado: C2_18_antes_finalizar.png
2026-03-11 14:37:43,701 - INFO - 🔧 Preservando datos de sesión...
2026-03-11 14:37:43,712 - INFO - 📝 Sesión preservada - OrderID: undefined, SessionData: 
2026-03-11 14:37:43,743 - INFO - ✓ Click en botón finalizar exitoso
2026-03-11 14:37:51,771 - INFO - 📋 Modales encontrados: 10
2026-03-11 14:37:51,791 - INFO -   Modal 1: tag=div, id=, visible=False
2026-03-11 14:37:51,822 - INFO -   Modal 2: tag=div, id=, visible=False
2026-03-11 14:37:51,870 - INFO -   Modal 3: tag=span, id=ui-dialog-title-errorDialog, visible=False
2026-03-11 14:37:51,880 - INFO - 📝 Formularios encontrados: 1
2026-03-11 14:37:51,880 - INFO - 🔍 MONITOREANDO ESTADO POST-SAVE...
2026-03-11 14:37:52,889 - INFO - 📍 Segundo 1: URL = http://ursvtols8b3c:8080/engage-unicomer-web/delivery/addDeliveryInfo
2026-03-11 14:37:52,902 - INFO - 📄 Segundo 1: Título = Grupo Unicomer
2026-03-11 14:37:53,022 - INFO - 🔘 Segundo 1: Botones visibles = ['Save', 'Cancel']
2026-03-11 14:37:58,042 - INFO - 🖨️ Segundo 1: Printer Group NO encontrado
2026-03-11 14:37:58,050 - INFO - 🐛 Segundo 1: JS Console disponible
2026-03-11 14:37:58,062 - INFO - 💾 Segundo 1: Session=undefined, Local=undefined
2026-03-11 14:37:59,069 - INFO - 📍 Segundo 2: URL = http://ursvtols8b3c:8080/engage-unicomer-web/delivery/addDeliveryInfo
2026-03-11 14:37:59,078 - INFO - 📄 Segundo 2: Título = Grupo Unicomer
2026-03-11 14:37:59,140 - INFO - 🔘 Segundo 2: Botones visibles = ['Save', 'Cancel']
2026-03-11 14:38:08,439 - INFO - 🖨️ Segundo 2: Printer Group NO encontrado
2026-03-11 14:38:08,448 - INFO - 🐛 Segundo 2: JS Console disponible
2026-03-11 14:38:08,470 - INFO - 💾 Segundo 2: Session=undefined, Local=undefined
2026-03-11 14:38:09,479 - INFO - 📍 Segundo 3: URL = http://ursvtols8b3c:8080/engage-unicomer-web/delivery/addDeliveryInfo
2026-03-11 14:38:09,484 - INFO - 📄 Segundo 3: Título = Grupo Unicomer
2026-03-11 14:38:09,830 - INFO - 🔘 Segundo 3: Botones visibles = ['Map', 'Satellite', 'Keyboard shortcuts', 'Save', 'Cancel']
2026-03-11 14:38:14,843 - INFO - 🖨️ Segundo 3: Printer Group NO encontrado
2026-03-11 14:38:14,855 - INFO - 🐛 Segundo 3: JS Console disponible
2026-03-11 14:38:14,875 - INFO - 💾 Segundo 3: Session=undefined, Local=undefined
2026-03-11 14:38:15,881 - INFO - 📍 Segundo 4: URL = http://ursvtols8b3c:8080/engage-unicomer-web/delivery/addDeliveryInfo
2026-03-11 14:38:15,887 - INFO - 📄 Segundo 4: Título = Grupo Unicomer
2026-03-11 14:38:16,203 - INFO - 🔘 Segundo 4: Botones visibles = ['Map', 'Satellite', 'Keyboard shortcuts', 'Save', 'Cancel']
2026-03-11 14:38:21,223 - INFO - 🖨️ Segundo 4: Printer Group NO encontrado
2026-03-11 14:38:21,230 - INFO - 🐛 Segundo 4: JS Console disponible
2026-03-11 14:38:21,248 - INFO - 💾 Segundo 4: Session=undefined, Local=undefined
2026-03-11 14:38:22,254 - INFO - 📍 Segundo 5: URL = http://ursvtols8b3c:8080/engage-unicomer-web/delivery/addDeliveryInfo
2026-03-11 14:38:22,261 - INFO - 📄 Segundo 5: Título = Grupo Unicomer
2026-03-11 14:38:22,547 - INFO - 🔘 Segundo 5: Botones visibles = ['Map', 'Satellite', 'Keyboard shortcuts', 'Save', 'Cancel']
2026-03-11 14:38:27,569 - INFO - 🖨️ Segundo 5: Printer Group NO encontrado
2026-03-11 14:38:27,578 - INFO - 🐛 Segundo 5: JS Console disponible
2026-03-11 14:38:27,594 - INFO - 💾 Segundo 5: Session=undefined, Local=undefined
2026-03-11 14:38:28,602 - INFO - 📍 Segundo 6: URL = http://ursvtols8b3c:8080/engage-unicomer-web/delivery/addDeliveryInfo
2026-03-11 14:38:28,607 - INFO - 📄 Segundo 6: Título = Grupo Unicomer
2026-03-11 14:38:28,890 - INFO - 🔘 Segundo 6: Botones visibles = ['Map', 'Satellite', 'Keyboard shortcuts', 'Save', 'Cancel']
2026-03-11 14:38:33,896 - INFO - 🖨️ Segundo 6: Printer Group NO encontrado
2026-03-11 14:38:33,905 - INFO - 🐛 Segundo 6: JS Console disponible
2026-03-11 14:38:33,925 - INFO - 💾 Segundo 6: Session=undefined, Local=undefined
2026-03-11 14:38:34,932 - INFO - 📍 Segundo 7: URL = http://ursvtols8b3c:8080/engage-unicomer-web/delivery/addDeliveryInfo
2026-03-11 14:38:34,939 - INFO - 📄 Segundo 7: Título = Grupo Unicomer
2026-03-11 14:38:35,305 - INFO - 🔘 Segundo 7: Botones visibles = ['Map', 'Satellite', 'Keyboard shortcuts', 'Save', 'Cancel']
2026-03-11 14:38:40,318 - INFO - 🖨️ Segundo 7: Printer Group NO encontrado
2026-03-11 14:38:40,327 - INFO - 🐛 Segundo 7: JS Console disponible
2026-03-11 14:38:40,341 - INFO - 💾 Segundo 7: Session=undefined, Local=undefined
2026-03-11 14:38:41,345 - INFO - 📍 Segundo 8: URL = http://ursvtols8b3c:8080/engage-unicomer-web/delivery/addDeliveryInfo
2026-03-11 14:38:41,349 - INFO - 📄 Segundo 8: Título = Grupo Unicomer
2026-03-11 14:38:41,641 - INFO - 🔘 Segundo 8: Botones visibles = ['Map', 'Satellite', 'Keyboard shortcuts', 'Save', 'Cancel']
2026-03-11 14:38:46,654 - INFO - 🖨️ Segundo 8: Printer Group NO encontrado
2026-03-11 14:38:46,662 - INFO - 🐛 Segundo 8: JS Console disponible
2026-03-11 14:38:46,693 - INFO - 💾 Segundo 8: Session=undefined, Local=undefined
2026-03-11 14:38:47,701 - INFO - 📍 Segundo 9: URL = http://ursvtols8b3c:8080/engage-unicomer-web/delivery/addDeliveryInfo
2026-03-11 14:38:47,706 - INFO - 📄 Segundo 9: Título = Grupo Unicomer
2026-03-11 14:38:48,043 - INFO - 🔘 Segundo 9: Botones visibles = ['Map', 'Satellite', 'Keyboard shortcuts', 'Save', 'Cancel']
2026-03-11 14:38:53,064 - INFO - 🖨️ Segundo 9: Printer Group NO encontrado
2026-03-11 14:38:53,069 - INFO - 🐛 Segundo 9: JS Console disponible
2026-03-11 14:38:53,081 - INFO - 💾 Segundo 9: Session=undefined, Local=undefined
2026-03-11 14:38:54,088 - INFO - 📍 Segundo 10: URL = http://ursvtols8b3c:8080/engage-unicomer-web/delivery/addDeliveryInfo
2026-03-11 14:38:54,097 - INFO - 📄 Segundo 10: Título = Grupo Unicomer
2026-03-11 14:38:54,361 - INFO - 🔘 Segundo 10: Botones visibles = ['Map', 'Satellite', 'Keyboard shortcuts', 'Save', 'Cancel']
2026-03-11 14:38:59,379 - INFO - 🖨️ Segundo 10: Printer Group NO encontrado
2026-03-11 14:38:59,392 - INFO - 🐛 Segundo 10: JS Console disponible
2026-03-11 14:38:59,407 - INFO - 💾 Segundo 10: Session=undefined, Local=undefined
2026-03-11 14:38:59,408 - INFO - 🏁 FIN DE MONITOREO POST-SAVE
2026-03-11 14:38:59,409 - INFO - 🔄 Buscando botón Save en página delivery/search...
2026-03-11 14:38:59,445 - INFO - 🎯 BOTÓN SAVE ENCONTRADO EN DELIVERY/SEARCH - Haciendo click...
2026-03-11 14:38:59,676 - INFO - ✅ Click en botón Save delivery exitoso
2026-03-11 14:39:08,441 - INFO - 🖨️ PRINTER GROUP ENCONTRADO DESPUÉS DEL SAVE DELIVERY!
2026-03-11 14:39:08,681 - INFO - ✓ Radio button de impresora seleccionado
2026-03-11 14:39:12,862 - WARNING - ⚠️ Error en proceso final de impresión: Message: 

2026-03-11 14:39:12,863 - INFO - ℹ️ Continuando - Save ya se ejecutó exitosamente
2026-03-11 14:39:12,864 - INFO - 🔄 Verificación final del Printer Group...
2026-03-11 14:39:15,904 - INFO - ℹ️ Printer Group no visible en verificación final
2026-03-11 14:39:15,905 - INFO - ⏳ Esperando procesamiento completo del Save...
2026-03-11 14:39:17,949 - INFO - PASO 2: Esperando redirección automática del servidor...
2026-03-11 14:39:17,957 - INFO - 📍 URL antes del submit: http://ursvtols8b3c:8080/engage-unicomer-web/main/dashboard
2026-03-11 14:39:18,968 - INFO - ⏱️ Segundo 1: URL=http://ursvtols8b3c:8080/engage-unicomer-web/main/dashboard, Título=Grupo Unicomer
2026-03-11 14:39:18,974 - INFO - ✅ Indicador de éxito encontrado: 'success'
2026-03-11 14:39:19,048 - INFO - Screenshot capturado: C2_20_exito_detectado.png
2026-03-11 14:39:19,048 - INFO - ✅ Finalización exitosa
2026-03-11 14:39:19,049 - INFO - === PASO 12: GENERAR REPORTE INDIVIDUAL ===
2026-03-11 14:39:19,049 - INFO - Generando reporte para cotización 2 con número 11609217260006
2026-03-11 14:39:19,049 - INFO - Screenshots disponibles: 19
2026-03-11 14:39:19,049 - INFO - 🔄 Generando reporte para cotización 2: 11609217260006
2026-03-11 14:39:19,119 - INFO - ✅ Excel actualizado - Cotización 2: 11609217260006
2026-03-11 14:39:19,490 - INFO - Reporte ejecutivo generado: Reporte_cotizacion_11609217260006.docx
2026-03-11 14:39:19,490 - INFO - Archivo verificado: 1849268 bytes
2026-03-11 14:39:19,490 - INFO - Reporte Word generado exitosamente para cotización 2
2026-03-11 14:39:19,491 - INFO - Iniciando limpieza de screenshots después de generar reporte
2026-03-11 14:39:19,492 - INFO - Screenshot eliminado: C2_02_dashboard.png
2026-03-11 14:39:19,492 - INFO - Screenshot eliminado: C2_04_formulario_orden.png
2026-03-11 14:39:19,493 - INFO - Screenshot eliminado: C2_07_pantalla_garantias_01.png
2026-03-11 14:39:19,494 - INFO - Screenshot eliminado: C2_06_item_con_garantias_procesadas_01.png
2026-03-11 14:39:19,494 - INFO - Screenshot eliminado: C2_07_pantalla_garantias_02.png
2026-03-11 14:39:19,495 - INFO - Screenshot eliminado: C2_06_item_con_garantias_procesadas_02.png
2026-03-11 14:39:19,496 - INFO - Screenshot eliminado: C2_07_pantalla_garantias_03.png
2026-03-11 14:39:19,496 - INFO - Screenshot eliminado: C2_06_item_con_garantias_procesadas_03.png
2026-03-11 14:39:19,497 - INFO - Screenshot eliminado: C2_12_antes_enlazar_cliente.png
2026-03-11 14:39:19,498 - INFO - Screenshot eliminado: C2_13_formulario_cliente.png
2026-03-11 14:39:19,498 - INFO - Screenshot eliminado: C2_14_cliente_ingresado.png
2026-03-11 14:39:19,499 - INFO - Screenshot eliminado: C2_15_primer_next.png
2026-03-11 14:39:19,499 - INFO - Screenshot eliminado: C2_16_segundo_next.png
2026-03-11 14:39:19,500 - INFO - Screenshot eliminado: C2_17_antes_entrega_cliente.png
2026-03-11 14:39:19,501 - INFO - Screenshot eliminado: C2_18_menu_transaction_options.png
2026-03-11 14:39:19,501 - INFO - Screenshot eliminado: C2_19_formulario_entrega.png
2026-03-11 14:39:19,502 - INFO - Screenshot eliminado: C2_17_antes_finalizar.png
2026-03-11 14:39:19,502 - INFO - Screenshot eliminado: C2_18_antes_finalizar.png
2026-03-11 14:39:19,503 - INFO - Screenshot eliminado: C2_20_exito_detectado.png
2026-03-11 14:39:19,503 - INFO - 19 screenshots eliminados para esta cotización
2026-03-11 14:39:19,503 - INFO - Cotización 2 completada: 11609217260006
2026-03-11 14:39:21,504 - INFO - 
🔄 PROCESANDO COTIZACIÓN 3/13: 3
2026-03-11 14:39:21,504 - INFO - === PASO 4: INICIAR ORDEN DE COMPRA ===
2026-03-11 14:39:21,505 - INFO - Buscando botón 'Comience una Orden de Compra'...
2026-03-11 14:39:21,592 - INFO - Screenshot capturado: C3_02_dashboard.png
2026-03-11 14:39:21,592 - INFO - Intentando selector 1: /html/body/div[2]/div[4]/div/div/div[1]/a[1]/input
2026-03-11 14:39:21,593 - INFO - Esperando que botón orden selector 1 sea visible (timeout: 300s, se reinicia con progreso)...
2026-03-11 14:39:21,612 - INFO - PROGRESO: botón orden selector 1 visible - REINICIANDO timeout
2026-03-11 14:39:21,630 - INFO - OK - botón orden selector 1 listo después de 0.0s
2026-03-11 14:39:22,182 - INFO - Click exitoso en botón orden selector 1
2026-03-11 14:39:23,246 - INFO - Screenshot capturado: C3_04_formulario_orden.png
2026-03-11 14:39:23,246 - INFO - Click realizado en botón orden
2026-03-11 14:39:23,247 - INFO - Preparando nueva cotización...
2026-03-11 14:39:28,268 - INFO - ✓ Storage del navegador limpiado
2026-03-11 14:39:28,275 - INFO - ✓ Página estabilizada para nueva cotización
2026-03-11 14:39:28,275 - INFO - ✓ Sistema listo para siguiente cotización automática
2026-03-11 14:39:29,276 - INFO - Configuración - Garantías: NO, Descuento: NO, Créditos: NO, Entrega: SI, Tipo Entrega: cliente llevará
2026-03-11 14:39:29,277 - INFO - === PASO 5: EXTRAER NÚMERO COTIZACIÓN ===
2026-03-11 14:39:29,277 - INFO - === EXTRAYENDO NÚMERO DE COTIZACIÓN INICIAL ===
2026-03-11 14:39:31,336 - INFO - Número encontrado con selector: li.quotationNumberTitle p:last-child
2026-03-11 14:39:31,337 - INFO - Número de cotización: 11609217260007
2026-03-11 14:39:31,337 - INFO - Número base extraído: 11609217260007
2026-03-11 14:39:31,338 - INFO - Número único generado: 11609217260007_1337
2026-03-11 14:39:31,339 - INFO - === PASO 6: AGREGAR ITEMS ============================================================================
2026-03-11 14:39:31,340 - INFO - --- ITEM 1/3 ---
2026-03-11 14:39:31,340 - INFO - === MÓDULO 3: AGREGAR ITEM 1 ===
2026-03-11 14:39:31,341 - INFO - Código: 442943300005, Cantidad: 1
2026-03-11 14:39:31,342 - INFO - Esperando que campo búsqueda item 1 sea visible (timeout: 300s, se reinicia con progreso)...
2026-03-11 14:39:31,380 - INFO - PROGRESO: campo búsqueda item 1 visible - REINICIANDO timeout
2026-03-11 14:39:31,408 - INFO - OK - campo búsqueda item 1 listo después de 0.0s
2026-03-11 14:39:31,450 - INFO - Código 442943300005 ingresado en campo búsqueda
2026-03-11 14:39:31,479 - INFO - Enter enviado para búsqueda
2026-03-11 14:39:34,573 - INFO - Mensaje informativo (ignorado): Error
close
ERROR TO OBTAIN THE PARAMATER: permitirNoInventariadosSeguros...
2026-03-11 14:39:34,573 - INFO - Item 442943300005 procesado correctamente
2026-03-11 14:39:34,574 - INFO - === MÓDULO 4: GARANTÍAS ITEM 1 ===
2026-03-11 14:39:34,574 - INFO - Garantía: RECHAZAR
2026-03-11 14:39:35,676 - INFO - Screenshot capturado: C3_07_pantalla_garantias_01.png
2026-03-11 14:39:41,287 - INFO - No se detectó pantalla de garantías - continuando sin rechazar
2026-03-11 14:41:59,662 - INFO - Log guardándose en: logs\automatizacion_20260311.log
2026-03-11 14:41:59,663 - INFO -  === AUTOMATIZACIÓN MODULAR INICIADA ===
2026-03-11 14:41:59,663 - INFO - Archivo: productos_avanzado.xlsx
2026-03-11 14:41:59,663 - INFO - === PASO 1: LECTURA EXCEL ===
2026-03-11 14:41:59,663 - INFO - === MÓDULO 1: LECTURA EXCEL ===
2026-03-11 14:41:59,663 - INFO - Archivo: productos_avanzado.xlsx
2026-03-11 14:41:59,701 - INFO - Columnas encontradas: ['cotizacion_id', 'codigo', 'descripcion', 'cantidad', 'con_garantia', 'descuento_empleado', 'con_creditos', 'entrega_cliente', 'COTIZACION', 'ESTADO', 'FECHA_PROCESADO', 'ARCHIVO_WORD', 'tipo_entrega', 'Unnamed: 13']
2026-03-11 14:41:59,712 - INFO - Se encontraron 13 cotizaciones
2026-03-11 14:41:59,713 - INFO - Cotización 1: 2 productos
2026-03-11 14:41:59,713 - INFO - Cotización 2: 3 productos
2026-03-11 14:41:59,713 - INFO - Cotización 3: 3 productos
2026-03-11 14:41:59,713 - INFO - Cotización 4: 3 productos
2026-03-11 14:41:59,713 - INFO - Cotización 5: 1 productos
2026-03-11 14:41:59,714 - INFO - Cotización 6: 1 productos
2026-03-11 14:41:59,714 - INFO - Cotización 7: 1 productos
2026-03-11 14:41:59,714 - INFO - Cotización 8: 1 productos
2026-03-11 14:41:59,714 - INFO - Cotización 9: 1 productos
2026-03-11 14:41:59,714 - INFO - Cotización 10: 3 productos
2026-03-11 14:41:59,715 - INFO - Cotización 11: 1 productos
2026-03-11 14:41:59,715 - INFO - Cotización 12: 4 productos
2026-03-11 14:41:59,715 - INFO - Cotización 13: 6 productos
2026-03-11 14:41:59,715 - INFO - === PASO 2: INICIALIZAR NAVEGADOR ===
2026-03-11 14:42:06,907 - INFO - Navegador Firefox inicializado con configuración limpia
2026-03-11 14:42:06,908 - INFO - === PASO 3: INICIAR SESIÓN ===
2026-03-11 14:42:06,908 - INFO - === MÓDULO 2: INICIO SESIÓN ===
2026-03-11 14:42:09,792 - INFO - Accediendo a: http://ursvtols8b3c:8080/engage-unicomer-web/
2026-03-11 14:42:09,862 - INFO - Credenciales ingresadas
2026-03-11 14:42:12,029 - INFO - Formulario enviado
2026-03-11 14:42:14,176 - INFO - Screenshot capturado: 01_login_resultado.png
2026-03-11 14:42:14,199 - INFO - Login exitoso - URL cambió
2026-03-11 14:42:14,200 - INFO - 
🔄 PROCESANDO COTIZACIÓN 1/13: 1
2026-03-11 14:42:14,200 - INFO - === PASO 4: INICIAR ORDEN DE COMPRA ===
2026-03-11 14:42:14,201 - INFO - Buscando botón 'Comience una Orden de Compra'...
2026-03-11 14:42:14,333 - INFO - Screenshot capturado: C1_02_dashboard.png
2026-03-11 14:42:14,333 - INFO - Intentando selector 1: /html/body/div[2]/div[4]/div/div/div[1]/a[1]/input
2026-03-11 14:42:14,334 - INFO - Esperando que botón orden selector 1 sea visible (timeout: 300s, se reinicia con progreso)...
2026-03-11 14:42:14,453 - INFO - PROGRESO: botón orden selector 1 visible - REINICIANDO timeout
2026-03-11 14:42:14,483 - INFO - OK - botón orden selector 1 listo después de 0.0s
2026-03-11 14:42:15,058 - INFO - Click exitoso en botón orden selector 1
2026-03-11 14:42:16,206 - INFO - Screenshot capturado: C1_04_formulario_orden.png
2026-03-11 14:42:16,206 - INFO - Click realizado en botón orden
2026-03-11 14:42:16,207 - INFO - Configuración - Garantías: NO, Descuento: NO, Créditos: NO, Entrega: SI, Tipo Entrega: cliente llevará
2026-03-11 14:42:16,207 - INFO - === PASO 5: EXTRAER NÚMERO COTIZACIÓN ===
2026-03-11 14:42:16,207 - INFO - === EXTRAYENDO NÚMERO DE COTIZACIÓN INICIAL ===
2026-03-11 14:42:18,300 - INFO - Número encontrado con selector: li.quotationNumberTitle p:last-child
2026-03-11 14:42:18,301 - INFO - Número de cotización: 1160921926000C
2026-03-11 14:42:18,302 - INFO - Número base extraído: 1160921926000C
2026-03-11 14:42:18,302 - INFO - Número único generado: 1160921926000C_8302
2026-03-11 14:42:18,303 - INFO - === PASO 6: AGREGAR ITEMS ============================================================================
2026-03-11 14:42:18,303 - INFO - --- ITEM 1/2 ---
2026-03-11 14:42:18,304 - INFO - === MÓDULO 3: AGREGAR ITEM 1 ===
2026-03-11 14:42:18,304 - INFO - Código: 461431200016, Cantidad: 1
2026-03-11 14:42:18,304 - INFO - Esperando que campo búsqueda item 1 sea visible (timeout: 300s, se reinicia con progreso)...
2026-03-11 14:42:18,331 - INFO - PROGRESO: campo búsqueda item 1 visible - REINICIANDO timeout
2026-03-11 14:42:18,358 - INFO - OK - campo búsqueda item 1 listo después de 0.0s
2026-03-11 14:42:18,419 - INFO - Código 461431200016 ingresado en campo búsqueda
2026-03-11 14:42:18,451 - INFO - Enter enviado para búsqueda
2026-03-11 14:42:20,186 - INFO - Mensaje informativo (ignorado): Error
close
ERROR TO OBTAIN THE PARAMATER: permitirNoInventariadosSeguros...
2026-03-11 14:42:20,186 - INFO - Item 461431200016 procesado correctamente
2026-03-11 14:42:20,186 - INFO - === MÓDULO 4: GARANTÍAS ITEM 1 ===
2026-03-11 14:42:20,187 - INFO - Garantía: RECHAZAR
2026-03-11 14:42:21,347 - INFO - Screenshot capturado: C1_07_pantalla_garantias_01.png
2026-03-11 14:42:27,393 - INFO - Botón No Thanks encontrado - rechazando garantía
2026-03-11 14:42:27,414 - INFO - Click en No Thanks
2026-03-11 14:42:28,478 - INFO - Screenshot capturado: C1_06_item_con_garantias_procesadas_01.png
2026-03-11 14:42:28,478 - INFO - Garantías procesadas para item 1
2026-03-11 14:42:28,479 - INFO - --- ITEM 2/2 ---
2026-03-11 14:42:28,479 - INFO - === MÓDULO 3: AGREGAR ITEM 2 ===
2026-03-11 14:42:28,479 - INFO - Código: 439766400005, Cantidad: 1
2026-03-11 14:42:28,480 - INFO - Esperando que campo búsqueda item 2 sea visible (timeout: 300s, se reinicia con progreso)...
2026-03-11 14:42:28,515 - INFO - PROGRESO: campo búsqueda item 2 visible - REINICIANDO timeout
2026-03-11 14:42:28,550 - INFO - OK - campo búsqueda item 2 listo después de 0.0s
2026-03-11 14:42:28,592 - INFO - Código 439766400005 ingresado en campo búsqueda
2026-03-11 14:42:28,610 - INFO - Enter enviado para búsqueda
2026-03-11 14:42:30,999 - INFO - Mensaje informativo (ignorado): Error
close
ERROR TO OBTAIN THE PARAMATER: permitirNoInventariadosSeguros...
2026-03-11 14:42:30,999 - INFO - Item 439766400005 procesado correctamente
2026-03-11 14:42:31,000 - INFO - === MÓDULO 4: GARANTÍAS ITEM 2 ===
2026-03-11 14:42:31,000 - INFO - Garantía: RECHAZAR
2026-03-11 14:42:32,065 - INFO - Screenshot capturado: C1_07_pantalla_garantias_02.png
2026-03-11 14:42:38,098 - INFO - Botón No Thanks encontrado - rechazando garantía
2026-03-11 14:42:38,117 - INFO - Click en No Thanks
2026-03-11 14:42:39,169 - INFO - Screenshot capturado: C1_06_item_con_garantias_procesadas_02.png
2026-03-11 14:42:39,169 - INFO - Garantías procesadas para item 2
2026-03-11 14:42:39,169 - INFO - === PASO 7: ENLAZAR CUSTOMER ==========================================================================
2026-03-11 14:42:39,170 - INFO - === MÓDULO 5: ENLAZAR CUSTOMER ===
2026-03-11 14:42:39,223 - INFO - Screenshot capturado: C1_12_antes_enlazar_cliente.png
2026-03-11 14:42:44,275 - INFO - Enlace cliente encontrado: /html/body/div[2]/div[3]/div[28]/div[3]/h4/a
2026-03-11 14:42:44,321 - INFO - Click en enlace cliente
2026-03-11 14:42:47,428 - INFO - Screenshot capturado: C1_13_formulario_cliente.png
2026-03-11 14:42:48,759 - INFO - Cliente 013803328 ingresado
2026-03-11 14:42:49,885 - INFO - Screenshot capturado: C1_14_cliente_ingresado.png
2026-03-11 14:42:51,114 - INFO - Primer Next
2026-03-11 14:42:54,242 - INFO - Screenshot capturado: C1_15_primer_next.png
2026-03-11 14:42:54,298 - ERROR - Error en módulo enlazar customer: Message: Element <button id="nextButton" class="btn btn-success" type="submit"> is not clickable at point (1210,720) because another element <div class="modal-backdrop fade in"> obscures it; For documentation on this error, please visit: https://www.selenium.dev/documentation/webdriver/troubleshooting/errors#elementclickinterceptedexception
Stacktrace:
RemoteError@chrome://remote/content/shared/RemoteError.sys.mjs:8:8
WebDriverError@chrome://remote/content/shared/webdriver/Errors.sys.mjs:187:5
ElementClickInterceptedError@chrome://remote/content/shared/webdriver/Errors.sys.mjs:331:5
webdriverClickElement@chrome://remote/content/marionette/interaction.sys.mjs:162:11
interaction.clickElement@chrome://remote/content/marionette/interaction.sys.mjs:121:11
clickElement@chrome://remote/content/marionette/actors/MarionetteCommandsChild.sys.mjs:214:29
receiveMessage@chrome://remote/content/marionette/actors/MarionetteCommandsChild.sys.mjs:97:31

2026-03-11 14:42:54,299 - ERROR -  Error enlazando customer
2026-03-11 14:42:54,299 - INFO - 
🔄 PROCESANDO COTIZACIÓN 2/13: 2
2026-03-11 14:42:54,300 - INFO - === PASO 4: INICIAR ORDEN DE COMPRA ===
2026-03-11 14:42:54,300 - INFO - Buscando botón 'Comience una Orden de Compra'...
2026-03-11 14:42:54,434 - INFO - Screenshot capturado: C2_02_dashboard.png
2026-03-11 14:42:54,434 - INFO - Intentando selector 1: /html/body/div[2]/div[4]/div/div/div[1]/a[1]/input
2026-03-11 14:42:54,435 - INFO - Esperando que botón orden selector 1 sea visible (timeout: 300s, se reinicia con progreso)...
2026-03-11 14:42:59,968 - INFO - Esperando botón orden selector 1... Sin progreso: 0s, Total: 0s, Queda: 300s
2026-03-11 14:44:00,715 - INFO - Esperando botón orden selector 1... Sin progreso: 61s, Total: 61s, Queda: 239s
2026-03-11 14:44:30,924 - INFO - Esperando botón orden selector 1... Sin progreso: 91s, Total: 91s, Queda: 209s
2026-03-11 14:44:45,411 - INFO - Esperando botón orden selector 1... Sin progreso: 105s, Total: 105s, Queda: 195s
2026-03-11 14:44:46,030 - INFO - PROGRESO: botón orden selector 1 existe - REINICIANDO timeout
2026-03-11 14:44:46,046 - INFO - PROGRESO: botón orden selector 1 visible - REINICIANDO timeout
2026-03-11 14:44:46,067 - INFO - OK - botón orden selector 1 listo después de 111.0s
2026-03-11 14:44:46,602 - INFO - Click exitoso en botón orden selector 1
2026-03-11 14:44:47,693 - INFO - Screenshot capturado: C2_04_formulario_orden.png
2026-03-11 14:44:47,694 - INFO - Click realizado en botón orden
2026-03-11 14:44:47,694 - INFO - Preparando nueva cotización...
2026-03-11 14:44:52,715 - INFO - ✓ Storage del navegador limpiado
2026-03-11 14:44:52,721 - INFO - ✓ Página estabilizada para nueva cotización
2026-03-11 14:44:52,722 - INFO - ✓ Sistema listo para siguiente cotización automática
2026-03-11 14:44:53,723 - INFO - Configuración - Garantías: NO, Descuento: NO, Créditos: NO, Entrega: SI, Tipo Entrega: cliente llevará
2026-03-11 14:44:53,723 - INFO - === PASO 5: EXTRAER NÚMERO COTIZACIÓN ===
2026-03-11 14:44:53,723 - INFO - === EXTRAYENDO NÚMERO DE COTIZACIÓN INICIAL ===
2026-03-11 14:44:55,774 - INFO - Número encontrado con selector: li.quotationNumberTitle p:last-child
2026-03-11 14:44:55,775 - INFO - Número de cotización: 1160921926000D
2026-03-11 14:44:55,775 - INFO - Número base extraído: 1160921926000D
2026-03-11 14:44:55,776 - INFO - Número único generado: 1160921926000D_5775
2026-03-11 14:44:55,776 - INFO - === PASO 6: AGREGAR ITEMS ============================================================================
2026-03-11 14:44:55,776 - INFO - --- ITEM 1/3 ---
2026-03-11 14:44:55,777 - INFO - === MÓDULO 3: AGREGAR ITEM 1 ===
2026-03-11 14:44:55,777 - INFO - Código: 462801600016, Cantidad: 1
2026-03-11 14:44:55,777 - INFO - Esperando que campo búsqueda item 1 sea visible (timeout: 300s, se reinicia con progreso)...
2026-03-11 14:44:55,809 - INFO - PROGRESO: campo búsqueda item 1 visible - REINICIANDO timeout
2026-03-11 14:44:55,834 - INFO - OK - campo búsqueda item 1 listo después de 0.0s
2026-03-11 14:44:55,893 - INFO - Código 462801600016 ingresado en campo búsqueda
2026-03-11 14:44:55,919 - INFO - Enter enviado para búsqueda
2026-03-11 14:44:57,578 - INFO - Mensaje informativo (ignorado): Error
close
ERROR TO OBTAIN THE PARAMATER: permitirNoInventariadosSeguros...
2026-03-11 14:44:57,578 - INFO - Item 462801600016 procesado correctamente
2026-03-11 14:44:57,579 - INFO - === MÓDULO 4: GARANTÍAS ITEM 1 ===
2026-03-11 14:44:57,580 - INFO - Garantía: RECHAZAR
2026-03-11 14:44:58,713 - INFO - Screenshot capturado: C2_07_pantalla_garantias_01.png
2026-03-11 14:45:04,755 - INFO - Botón No Thanks encontrado - rechazando garantía
2026-03-11 14:45:04,780 - INFO - Click en No Thanks
2026-03-11 14:45:05,910 - INFO - Screenshot capturado: C2_06_item_con_garantias_procesadas_01.png
2026-03-11 14:45:05,911 - INFO - Garantías procesadas para item 1
2026-03-11 14:45:05,912 - INFO - --- ITEM 2/3 ---
2026-03-11 14:45:05,913 - INFO - === MÓDULO 3: AGREGAR ITEM 2 ===
2026-03-11 14:45:05,913 - INFO - Código: 456497500019, Cantidad: 1
2026-03-11 14:45:05,914 - INFO - Esperando que campo búsqueda item 2 sea visible (timeout: 300s, se reinicia con progreso)...
2026-03-11 14:45:05,956 - INFO - PROGRESO: campo búsqueda item 2 visible - REINICIANDO timeout
2026-03-11 14:45:05,987 - INFO - OK - campo búsqueda item 2 listo después de 0.0s
2026-03-11 14:45:06,038 - INFO - Código 456497500019 ingresado en campo búsqueda
2026-03-11 14:45:06,073 - INFO - Enter enviado para búsqueda
2026-03-11 14:45:08,893 - INFO - Item 456497500019 procesado correctamente
2026-03-11 14:45:08,894 - INFO - === MÓDULO 4: GARANTÍAS ITEM 2 ===
2026-03-11 14:45:08,894 - INFO - Garantía: RECHAZAR
2026-03-11 14:45:10,046 - INFO - Screenshot capturado: C2_07_pantalla_garantias_02.png
2026-03-11 14:45:16,090 - INFO - Botón No Thanks encontrado - rechazando garantía
2026-03-11 14:45:16,123 - INFO - Click en No Thanks
2026-03-11 14:45:17,242 - INFO - Screenshot capturado: C2_06_item_con_garantias_procesadas_02.png
2026-03-11 14:45:17,242 - INFO - Garantías procesadas para item 2
2026-03-11 14:45:17,243 - INFO - --- ITEM 3/3 ---
2026-03-11 14:45:17,243 - INFO - === MÓDULO 3: AGREGAR ITEM 3 ===
2026-03-11 14:45:17,243 - INFO - Código: 461964100012, Cantidad: 1
2026-03-11 14:45:17,244 - INFO - Esperando que campo búsqueda item 3 sea visible (timeout: 300s, se reinicia con progreso)...
2026-03-11 14:45:17,269 - INFO - PROGRESO: campo búsqueda item 3 visible - REINICIANDO timeout
2026-03-11 14:45:17,296 - INFO - OK - campo búsqueda item 3 listo después de 0.0s
2026-03-11 14:45:17,337 - INFO - Código 461964100012 ingresado en campo búsqueda
2026-03-11 14:45:17,355 - INFO - Enter enviado para búsqueda
2026-03-11 14:45:20,547 - INFO - Mensaje informativo (ignorado): Error
close
ERROR TO OBTAIN THE PARAMATER: permitirNoInventariadosSeguros...
2026-03-11 14:45:20,549 - INFO - Item 461964100012 procesado correctamente
2026-03-11 14:45:20,552 - INFO - === MÓDULO 4: GARANTÍAS ITEM 3 ===
2026-03-11 14:45:20,555 - INFO - Garantía: RECHAZAR
2026-03-11 14:45:21,696 - INFO - Screenshot capturado: C2_07_pantalla_garantias_03.png
2026-03-11 14:45:27,732 - INFO - Botón No Thanks encontrado - rechazando garantía
2026-03-11 14:45:27,759 - INFO - Click en No Thanks
2026-03-11 14:45:28,913 - INFO - Screenshot capturado: C2_06_item_con_garantias_procesadas_03.png
2026-03-11 14:45:28,915 - INFO - Garantías procesadas para item 3
2026-03-11 14:45:28,917 - INFO - === PASO 7: ENLAZAR CUSTOMER ==========================================================================
2026-03-11 14:45:28,918 - INFO - === MÓDULO 5: ENLAZAR CUSTOMER ===
2026-03-11 14:45:29,041 - INFO - Screenshot capturado: C2_12_antes_enlazar_cliente.png
2026-03-11 14:45:34,101 - INFO - Enlace cliente encontrado: /html/body/div[2]/div[3]/div[28]/div[3]/h4/a
2026-03-11 14:45:34,134 - INFO - Click en enlace cliente
2026-03-11 14:45:37,254 - INFO - Screenshot capturado: C2_13_formulario_cliente.png
2026-03-11 14:45:38,580 - INFO - Cliente 013803328 ingresado
2026-03-11 14:45:39,705 - INFO - Screenshot capturado: C2_14_cliente_ingresado.png
2026-03-11 14:45:40,467 - INFO - Primer Next
2026-03-11 14:45:43,599 - INFO - Screenshot capturado: C2_15_primer_next.png
2026-03-11 14:45:47,507 - INFO - Segundo Next
2026-03-11 14:45:50,566 - INFO - Screenshot capturado: C2_16_segundo_next.png
2026-03-11 14:45:50,567 - INFO - Customer enlazado exitosamente
2026-03-11 14:45:50,567 - INFO - === PASO 8: CONFIGURAR ENTREGA ====================================================================
2026-03-11 14:45:50,567 - INFO - === MÓDULO 6: DESPACHO/ENTREGA ===
2026-03-11 14:45:50,568 - INFO - Despacho/Entrega: CONFIGURAR
2026-03-11 14:45:50,569 - INFO - Tipo de entrega: cliente llevará
2026-03-11 14:45:50,613 - INFO - Screenshot capturado: C2_17_antes_entrega_cliente.png
2026-03-11 14:45:50,613 - INFO - Paso 1: Buscando botón Transaction Options
2026-03-11 14:45:53,644 - INFO - ✓ Transaction Options encontrado con: transactionOptionsBtn
2026-03-11 14:45:53,664 - INFO - Click en Transaction Options exitoso
2026-03-11 14:45:56,721 - INFO - Screenshot capturado: C2_18_menu_transaction_options.png
2026-03-11 14:45:56,722 - INFO - Paso 2: Seleccionando opción de entrega
2026-03-11 14:45:56,760 - INFO - Opción de entrega seleccionada
2026-03-11 14:45:59,816 - INFO - Screenshot capturado: C2_19_formulario_entrega.png
2026-03-11 14:45:59,816 - INFO - Paso 3: Llenando datos del formulario
2026-03-11 14:45:59,901 - INFO - Nombre 1 ingresado: ELISEO AMILCAR LOPEZ + Enter
2026-03-11 14:46:00,942 - INFO - Nombre 2 ingresado: MARGARITA PORTILLO DE LOPEZ + Enter
2026-03-11 14:46:02,006 - INFO - ✓ Campo adicional (div[4]) ingresado: ELISEO LOPEZ + Enter
2026-03-11 14:46:03,008 - INFO - Paso 4: Configurando select MADRE
2026-03-11 14:46:03,268 - INFO - Select MADRE abierto
2026-03-11 14:46:05,049 - INFO - ✓ Opción MADRE seleccionada
2026-03-11 14:46:06,050 - INFO - Paso 4B: Configurando transportador (relationship)
2026-03-11 14:46:06,292 - INFO - ✓ Select TRANSPORTADOR abierto con: /html/body/div[2]/form/div[1]/div/div[2]/div[6]/span[2]/span/a
2026-03-11 14:46:07,547 - INFO - ✓ Opción TRANSPORTADOR seleccionada
2026-03-11 14:46:08,549 - INFO - Paso 5: Configurando tipo de entrega: cliente llevará
2026-03-11 14:46:08,808 - INFO - ✓ Select TIPO ENTREGA abierto
2026-03-11 14:46:10,053 - INFO - ✓ Tipo entrega seleccionado: Cliente llevará (Cliente Recoge)
2026-03-11 14:46:12,054 - INFO - Paso 6: Configurando lugar de salida (Bodega Nejapa)
2026-03-11 14:46:12,146 - INFO - ✓ Texto escrito: BODEGA 94 NEJAPA
2026-03-11 14:46:14,404 - INFO - ✓ Opción clickeada del dropdown: BODEGA 94 NEJAPA
2026-03-11 14:46:19,424 - INFO - ℹ️ No se requiere OK para lugar de salida
2026-03-11 14:46:21,425 - INFO - Paso 7: Configurando transporte (11094 - BODEGA 94 NEJAPA)
2026-03-11 14:46:23,460 - INFO - ✓ Caja de texto del transporte encontrada
2026-03-11 14:46:24,227 - INFO - ✓ Texto escrito: BODEGA 94 NEJAPA
2026-03-11 14:46:25,228 - INFO - -Buscando opción '11094 - BODEGA 94 NEJAPA' en dropdown...
2026-03-11 14:46:25,229 - INFO - Intentando con selector: //li[@class='ui-menu-item']//a[contains(text(), '11094 - BODEGA 94 NEJAPA')]
2026-03-11 14:46:26,296 - INFO - Intentando con selector: //li[@role='menuitem']//a[contains(text(), '11094 - BODEGA 94 NEJAPA')]
2026-03-11 14:46:27,347 - INFO - Intentando con selector: //li[contains(@class, 'ui-menu-item')]//a[contains(text(), 'BODEGA 94 NEJAPA')]
2026-03-11 14:46:28,402 - INFO - Intentando con selector: //ul[contains(@class, 'ui-autocomplete')]//a[contains(text(), '11094')]
2026-03-11 14:46:29,460 - INFO - Intentando con selector: //a[@class='ui-corner-all'][contains(text(), '11094 - BODEGA 94 NEJAPA')]
2026-03-11 14:46:30,517 - INFO - Intentando con selector: /html/body/ul[4]/li/a
2026-03-11 14:46:31,583 - INFO - 🔄 Fallback: Usando flecha abajo + Enter...
2026-03-11 14:46:32,144 - INFO - ✓ Flecha abajo + Enter ejecutado
2026-03-11 14:46:33,175 - INFO - 🔍 Verificación final: Input='11094 - BODEGA 94 NEJAPA', Select='11094'
2026-03-11 14:46:33,176 - INFO - ✅ TRANSPORTE CONFIGURADO EXITOSAMENTE
2026-03-11 14:46:36,177 - INFO - Paso 8: Agregando instrucciones
2026-03-11 14:46:41,199 - WARNING - Error agregando instrucciones: Message: Unable to locate element: //*[@id='instructions']; For documentation on this error, please visit: https://www.selenium.dev/documentation/webdriver/troubleshooting/errors#nosuchelementexception
Stacktrace:
RemoteError@chrome://remote/content/shared/RemoteError.sys.mjs:8:8
WebDriverError@chrome://remote/content/shared/webdriver/Errors.sys.mjs:187:5
NoSuchElementError@chrome://remote/content/shared/webdriver/Errors.sys.mjs:505:5
element.find/</<@chrome://remote/content/marionette/element.sys.mjs:135:16

2026-03-11 14:46:41,200 - INFO - Paso 9: Enviando formulario de entrega
2026-03-11 14:46:46,213 - WARNING - Error enviando formulario: Message: Unable to locate element: /html/body/div[2]/form/div[2]/button; For documentation on this error, please visit: https://www.selenium.dev/documentation/webdriver/troubleshooting/errors#nosuchelementexception
Stacktrace:
RemoteError@chrome://remote/content/shared/RemoteError.sys.mjs:8:8
WebDriverError@chrome://remote/content/shared/webdriver/Errors.sys.mjs:187:5
NoSuchElementError@chrome://remote/content/shared/webdriver/Errors.sys.mjs:505:5
element.find/</<@chrome://remote/content/marionette/element.sys.mjs:135:16

2026-03-11 14:46:46,214 - WARNING - ⚠️ Error en despacho, continuando...
2026-03-11 14:46:46,215 - INFO - === PASO 11: FINALIZAR COTIZACIÓN ===
2026-03-11 14:46:46,216 - INFO - === FINALIZANDO COTIZACIÓN ===
2026-03-11 14:46:46,306 - INFO - Screenshot capturado: C2_17_antes_finalizar.png
2026-03-11 14:46:48,307 - INFO - PASO 1: Click en botón finalizar
2026-03-11 14:46:51,336 - INFO - ✓ Botón finalizar encontrado con: /html/body/div[2]/div[4]/div/div/div[3]/form[1]/button
2026-03-11 14:46:51,398 - INFO - Screenshot capturado: C2_18_antes_finalizar.png
2026-03-11 14:46:51,399 - INFO - 🔧 Preservando datos de sesión...
2026-03-11 14:46:51,414 - INFO - 📝 Sesión preservada - OrderID: undefined, SessionData: 
2026-03-11 14:46:51,442 - INFO - ✓ Click en botón finalizar exitoso
2026-03-11 14:46:54,452 - INFO - 🖨️ Elementos printer encontrados: 18
2026-03-11 14:46:54,492 - INFO -   Elemento 1: tag=form, id=printForm, class=
2026-03-11 14:46:54,527 - INFO -   Elemento 2: tag=div, id=, class=printingBox
2026-03-11 14:46:54,557 - INFO -   Elemento 3: tag=input, id=printerGroup, class=printerRadioButton btnFloatRight
2026-03-11 14:46:54,581 - INFO -   Elemento 4: tag=input, id=printerName0, class=
2026-03-11 14:46:54,610 - INFO -   Elemento 5: tag=input, id=printerLocation0, class=
2026-03-11 14:46:54,627 - INFO - 📋 Modales encontrados: 222
2026-03-11 14:46:54,656 - INFO -   Modal 1: tag=div, id=itemInquiryDialog, visible=False
2026-03-11 14:46:54,676 - INFO -   Modal 2: tag=div, id=, visible=False
2026-03-11 14:46:54,696 - INFO -   Modal 3: tag=div, id=, visible=False
2026-03-11 14:46:54,702 - INFO - 📝 Formularios encontrados: 62
2026-03-11 14:46:54,702 - INFO - 🔍 MONITOREANDO ESTADO POST-SAVE...
2026-03-11 14:46:55,708 - INFO - 📍 Segundo 1: URL = http://ursvtols8b3c:8080/engage-unicomer-web/saleOrder/saveAndPrint
2026-03-11 14:46:55,714 - INFO - 📄 Segundo 1: Título = Grupo Unicomer
2026-03-11 14:46:57,124 - INFO - 🔘 Segundo 1: Botones visibles = ['Search', 'Item Inquiry', 'Transaction Options', 'Save & Print', 'Save']
2026-03-11 14:46:57,138 - INFO - 🖨️ Segundo 1: Printer Group encontrado! Visible=True
2026-03-11 14:46:57,139 - INFO - ✅ PRINTER GROUP DISPONIBLE - Procediendo a hacer click...
2026-03-11 14:46:57,379 - INFO - ✓ Default Printer seleccionado: //*[@id='printerGroup']
2026-03-11 14:46:58,418 - INFO - 🖨️ Botón print encontrado: //button[@id='defaultSubmitPrintButton']
2026-03-11 14:46:58,431 - INFO - ✅ CLICK EN BOTÓN IMPRIMIR EXITOSO
2026-03-11 14:47:00,494 - INFO - ✅ CONFIRMACIÓN FINAL EXITOSA
2026-03-11 14:47:00,573 - INFO - Screenshot capturado: C2_21_print_completado.png
2026-03-11 14:47:00,574 - INFO - ✅ Finalización exitosa
2026-03-11 14:47:00,574 - INFO - === PASO 12: GENERAR REPORTE INDIVIDUAL ===
2026-03-11 14:47:00,574 - INFO - Generando reporte para cotización 2 con número 1160921926000D
2026-03-11 14:47:00,574 - INFO - Screenshots disponibles: 30
2026-03-11 14:47:00,575 - INFO - 🔄 Generando reporte para cotización 2: 1160921926000D
2026-03-11 14:47:00,741 - INFO - ✅ Excel actualizado - Cotización 2: 1160921926000D
2026-03-11 14:47:00,962 - INFO - Reporte ejecutivo generado: Reporte_cotizacion_1160921926000D.docx
2026-03-11 14:47:00,963 - INFO - Archivo verificado: 2695503 bytes
2026-03-11 14:47:00,964 - INFO - Reporte Word generado exitosamente para cotización 2
2026-03-11 14:47:00,964 - INFO - Iniciando limpieza de screenshots después de generar reporte
2026-03-11 14:47:00,965 - INFO - Screenshot eliminado: 01_login_resultado.png
2026-03-11 14:47:00,966 - INFO - Screenshot eliminado: C1_02_dashboard.png
2026-03-11 14:47:00,967 - INFO - Screenshot eliminado: C1_04_formulario_orden.png
2026-03-11 14:47:00,967 - INFO - Screenshot eliminado: C1_07_pantalla_garantias_01.png
2026-03-11 14:47:00,968 - INFO - Screenshot eliminado: C1_06_item_con_garantias_procesadas_01.png
2026-03-11 14:47:00,969 - INFO - Screenshot eliminado: C1_07_pantalla_garantias_02.png
2026-03-11 14:47:00,969 - INFO - Screenshot eliminado: C1_06_item_con_garantias_procesadas_02.png
2026-03-11 14:47:00,970 - INFO - Screenshot eliminado: C1_12_antes_enlazar_cliente.png
2026-03-11 14:47:00,971 - INFO - Screenshot eliminado: C1_13_formulario_cliente.png
2026-03-11 14:47:00,972 - INFO - Screenshot eliminado: C1_14_cliente_ingresado.png
2026-03-11 14:47:00,973 - INFO - Screenshot eliminado: C1_15_primer_next.png
2026-03-11 14:47:00,973 - INFO - Screenshot eliminado: C2_02_dashboard.png
2026-03-11 14:47:00,974 - INFO - Screenshot eliminado: C2_04_formulario_orden.png
2026-03-11 14:47:00,974 - INFO - Screenshot eliminado: C2_07_pantalla_garantias_01.png
2026-03-11 14:47:00,974 - INFO - Screenshot eliminado: C2_06_item_con_garantias_procesadas_01.png
2026-03-11 14:47:00,975 - INFO - Screenshot eliminado: C2_07_pantalla_garantias_02.png
2026-03-11 14:47:00,975 - INFO - Screenshot eliminado: C2_06_item_con_garantias_procesadas_02.png
2026-03-11 14:47:00,976 - INFO - Screenshot eliminado: C2_07_pantalla_garantias_03.png
2026-03-11 14:47:00,976 - INFO - Screenshot eliminado: C2_06_item_con_garantias_procesadas_03.png
2026-03-11 14:47:00,977 - INFO - Screenshot eliminado: C2_12_antes_enlazar_cliente.png
2026-03-11 14:47:00,978 - INFO - Screenshot eliminado: C2_13_formulario_cliente.png
2026-03-11 14:47:00,980 - INFO - Screenshot eliminado: C2_14_cliente_ingresado.png
2026-03-11 14:47:00,982 - INFO - Screenshot eliminado: C2_15_primer_next.png
2026-03-11 14:47:00,984 - INFO - Screenshot eliminado: C2_16_segundo_next.png
2026-03-11 14:47:00,984 - INFO - Screenshot eliminado: C2_17_antes_entrega_cliente.png
2026-03-11 14:47:00,985 - INFO - Screenshot eliminado: C2_18_menu_transaction_options.png
2026-03-11 14:47:00,986 - INFO - Screenshot eliminado: C2_19_formulario_entrega.png
2026-03-11 14:47:00,987 - INFO - Screenshot eliminado: C2_17_antes_finalizar.png
2026-03-11 14:47:00,988 - INFO - Screenshot eliminado: C2_18_antes_finalizar.png
2026-03-11 14:47:00,989 - INFO - Screenshot eliminado: C2_21_print_completado.png
2026-03-11 14:47:00,989 - INFO - 30 screenshots eliminados para esta cotización
2026-03-11 14:47:00,989 - INFO - Cotización 2 completada: 1160921926000D
2026-03-11 14:47:02,989 - INFO - 
🔄 PROCESANDO COTIZACIÓN 3/13: 3
2026-03-11 14:47:02,990 - INFO - === PASO 4: INICIAR ORDEN DE COMPRA ===
2026-03-11 14:47:02,991 - INFO - Buscando botón 'Comience una Orden de Compra'...
2026-03-11 14:47:03,077 - INFO - Screenshot capturado: C3_02_dashboard.png
2026-03-11 14:47:03,077 - INFO - Intentando selector 1: /html/body/div[2]/div[4]/div/div/div[1]/a[1]/input
2026-03-11 14:47:03,077 - INFO - Esperando que botón orden selector 1 sea visible (timeout: 300s, se reinicia con progreso)...
2026-03-11 14:47:03,621 - INFO - PROGRESO: botón orden selector 1 visible - REINICIANDO timeout
2026-03-11 14:47:03,640 - INFO - OK - botón orden selector 1 listo después de 0.0s
2026-03-11 14:47:04,218 - INFO - Click exitoso en botón orden selector 1
2026-03-11 14:47:05,286 - INFO - Screenshot capturado: C3_04_formulario_orden.png
2026-03-11 14:47:05,286 - INFO - Click realizado en botón orden
2026-03-11 14:47:05,286 - INFO - Preparando nueva cotización...
2026-03-11 14:47:10,299 - INFO - ✓ Storage del navegador limpiado
2026-03-11 14:47:10,303 - INFO - ✓ Página estabilizada para nueva cotización
2026-03-11 14:47:10,304 - INFO - ✓ Sistema listo para siguiente cotización automática
2026-03-11 14:47:11,305 - INFO - Configuración - Garantías: NO, Descuento: NO, Créditos: NO, Entrega: SI, Tipo Entrega: cliente llevará
2026-03-11 14:47:11,307 - INFO - === PASO 5: EXTRAER NÚMERO COTIZACIÓN ===
2026-03-11 14:47:11,308 - INFO - === EXTRAYENDO NÚMERO DE COTIZACIÓN INICIAL ===
2026-03-11 14:47:13,356 - INFO - Número encontrado con selector: li.quotationNumberTitle p:last-child
2026-03-11 14:47:13,357 - INFO - Número de cotización: 1160921926000F
2026-03-11 14:47:13,357 - INFO - Número base extraído: 1160921926000F
2026-03-11 14:47:13,358 - INFO - Número único generado: 1160921926000F_3357
2026-03-11 14:47:13,358 - INFO - === PASO 6: AGREGAR ITEMS ============================================================================
2026-03-11 14:47:13,358 - INFO - --- ITEM 1/3 ---
2026-03-11 14:47:13,359 - INFO - === MÓDULO 3: AGREGAR ITEM 1 ===
2026-03-11 14:47:13,359 - INFO - Código: 442943300005, Cantidad: 1
2026-03-11 14:47:13,360 - INFO - Esperando que campo búsqueda item 1 sea visible (timeout: 300s, se reinicia con progreso)...
2026-03-11 14:47:13,380 - INFO - PROGRESO: campo búsqueda item 1 visible - REINICIANDO timeout
2026-03-11 14:47:13,397 - INFO - OK - campo búsqueda item 1 listo después de 0.0s
2026-03-11 14:47:13,438 - INFO - Código 442943300005 ingresado en campo búsqueda
2026-03-11 14:47:13,465 - INFO - Enter enviado para búsqueda
2026-03-11 14:47:15,172 - INFO - Mensaje informativo (ignorado): Error
close
ERROR TO OBTAIN THE PARAMATER: permitirNoInventariadosSeguros...
2026-03-11 14:47:15,172 - INFO - Item 442943300005 procesado correctamente
2026-03-11 14:47:15,173 - INFO - === MÓDULO 4: GARANTÍAS ITEM 1 ===
2026-03-11 14:47:15,173 - INFO - Garantía: RECHAZAR
2026-03-11 14:47:16,254 - INFO - Screenshot capturado: C3_07_pantalla_garantias_01.png
2026-03-11 14:47:22,288 - INFO - Botón No Thanks encontrado - rechazando garantía
2026-03-11 14:47:22,309 - INFO - Click en No Thanks
2026-03-11 14:47:23,386 - INFO - Screenshot capturado: C3_06_item_con_garantias_procesadas_01.png
2026-03-11 14:47:23,386 - INFO - Garantías procesadas para item 1
2026-03-11 14:47:23,386 - INFO - --- ITEM 2/3 ---
2026-03-11 14:47:23,387 - INFO - === MÓDULO 3: AGREGAR ITEM 2 ===
2026-03-11 14:47:23,387 - INFO - Código: 455740400014, Cantidad: 1
2026-03-11 14:47:23,388 - INFO - Esperando que campo búsqueda item 2 sea visible (timeout: 300s, se reinicia con progreso)...
2026-03-11 14:47:23,412 - INFO - PROGRESO: campo búsqueda item 2 visible - REINICIANDO timeout
2026-03-11 14:47:23,432 - INFO - OK - campo búsqueda item 2 listo después de 0.0s
2026-03-11 14:47:23,496 - INFO - Código 455740400014 ingresado en campo búsqueda
2026-03-11 14:47:23,518 - INFO - Enter enviado para búsqueda
2026-03-11 14:47:28,137 - INFO - Mensaje informativo (ignorado): Error
close
ERROR TO OBTAIN THE PARAMATER: permitirNoInventariadosSeguros...
2026-03-11 14:47:28,137 - INFO - Item 455740400014 procesado correctamente
2026-03-11 14:47:28,137 - INFO - === MÓDULO 4: GARANTÍAS ITEM 2 ===
2026-03-11 14:47:28,138 - INFO - Garantía: RECHAZAR
2026-03-11 14:47:29,226 - INFO - Screenshot capturado: C3_07_pantalla_garantias_02.png
2026-03-11 14:47:35,254 - INFO - Botón No Thanks encontrado - rechazando garantía
2026-03-11 14:47:35,277 - INFO - Click en No Thanks
2026-03-11 14:47:36,351 - INFO - Screenshot capturado: C3_06_item_con_garantias_procesadas_02.png
2026-03-11 14:47:36,352 - INFO - Garantías procesadas para item 2
2026-03-11 14:47:36,352 - INFO - --- ITEM 3/3 ---
2026-03-11 14:47:36,352 - INFO - === MÓDULO 3: AGREGAR ITEM 3 ===
2026-03-11 14:47:36,352 - INFO - Código: 458484100011, Cantidad: 1
2026-03-11 14:47:36,352 - INFO - Esperando que campo búsqueda item 3 sea visible (timeout: 300s, se reinicia con progreso)...
2026-03-11 14:47:36,372 - INFO - PROGRESO: campo búsqueda item 3 visible - REINICIANDO timeout
2026-03-11 14:47:36,388 - INFO - OK - campo búsqueda item 3 listo después de 0.0s
2026-03-11 14:47:36,425 - INFO - Código 458484100011 ingresado en campo búsqueda
2026-03-11 14:47:36,445 - INFO - Enter enviado para búsqueda
2026-03-11 14:47:40,573 - INFO - Mensaje informativo (ignorado): Error
close
ERROR TO OBTAIN THE PARAMATER: permitirNoInventariadosSeguros...
2026-03-11 14:47:40,573 - INFO - Item 458484100011 procesado correctamente
2026-03-11 14:47:40,574 - INFO - === MÓDULO 4: GARANTÍAS ITEM 3 ===
2026-03-11 14:47:40,574 - INFO - Garantía: RECHAZAR
2026-03-11 14:47:41,667 - INFO - Screenshot capturado: C3_07_pantalla_garantias_03.png
2026-03-11 14:47:47,711 - INFO - Botón No Thanks encontrado - rechazando garantía
2026-03-11 14:47:47,735 - INFO - Click en No Thanks
2026-03-11 14:47:48,802 - INFO - Screenshot capturado: C3_06_item_con_garantias_procesadas_03.png
2026-03-11 14:47:48,802 - INFO - Garantías procesadas para item 3
2026-03-11 14:47:48,802 - INFO - === PASO 7: ENLAZAR CUSTOMER ==========================================================================
2026-03-11 14:47:48,803 - INFO - === MÓDULO 5: ENLAZAR CUSTOMER ===
2026-03-11 14:47:48,864 - INFO - Screenshot capturado: C3_12_antes_enlazar_cliente.png
2026-03-11 14:47:53,915 - INFO - Enlace cliente encontrado: /html/body/div[2]/div[3]/div[28]/div[3]/h4/a
2026-03-11 14:47:53,938 - INFO - Click en enlace cliente
2026-03-11 14:47:57,004 - INFO - Screenshot capturado: C3_13_formulario_cliente.png
2026-03-11 14:47:58,294 - INFO - Cliente 013803328 ingresado
2026-03-11 14:47:59,353 - INFO - Screenshot capturado: C3_14_cliente_ingresado.png
2026-03-11 14:48:00,317 - INFO - Primer Next
2026-03-11 14:48:03,388 - INFO - Screenshot capturado: C3_15_primer_next.png
2026-03-11 14:48:07,182 - INFO - Segundo Next
2026-03-11 14:48:10,264 - INFO - Screenshot capturado: C3_16_segundo_next.png
2026-03-11 14:48:10,264 - INFO - Customer enlazado exitosamente
2026-03-11 14:48:10,265 - INFO - === PASO 8: CONFIGURAR ENTREGA ====================================================================
2026-03-11 14:48:10,265 - INFO - === MÓDULO 6: DESPACHO/ENTREGA ===
2026-03-11 14:48:10,266 - INFO - Despacho/Entrega: CONFIGURAR
2026-03-11 14:48:10,266 - INFO - Tipo de entrega: cliente llevará
2026-03-11 14:48:10,334 - INFO - Screenshot capturado: C3_17_antes_entrega_cliente.png
2026-03-11 14:48:10,334 - INFO - Paso 1: Buscando botón Transaction Options
2026-03-11 14:48:13,367 - INFO - ✓ Transaction Options encontrado con: transactionOptionsBtn
2026-03-11 14:48:13,391 - INFO - Click en Transaction Options exitoso
2026-03-11 14:48:16,469 - INFO - Screenshot capturado: C3_18_menu_transaction_options.png
2026-03-11 14:48:16,469 - INFO - Paso 2: Seleccionando opción de entrega
2026-03-11 14:48:16,504 - INFO - Opción de entrega seleccionada
2026-03-11 14:48:19,561 - INFO - Screenshot capturado: C3_19_formulario_entrega.png
2026-03-11 14:48:19,561 - INFO - Paso 3: Llenando datos del formulario
2026-03-11 14:48:19,604 - INFO - Nombre 1 ingresado: ELISEO AMILCAR LOPEZ + Enter
2026-03-11 14:48:20,647 - INFO - Nombre 2 ingresado: MARGARITA PORTILLO DE LOPEZ + Enter
2026-03-11 14:48:21,691 - INFO - ✓ Campo adicional (div[4]) ingresado: ELISEO LOPEZ + Enter
2026-03-11 14:48:22,692 - INFO - Paso 4: Configurando select MADRE
2026-03-11 14:48:22,944 - INFO - Select MADRE abierto
2026-03-11 14:48:24,728 - INFO - ✓ Opción MADRE seleccionada
2026-03-11 14:48:25,729 - INFO - Paso 4B: Configurando transportador (relationship)
2026-03-11 14:48:25,994 - INFO - ✓ Select TRANSPORTADOR abierto con: /html/body/div[2]/form/div[1]/div/div[2]/div[6]/span[2]/span/a
2026-03-11 14:48:27,243 - INFO - ✓ Opción TRANSPORTADOR seleccionada
2026-03-11 14:48:28,245 - INFO - Paso 5: Configurando tipo de entrega: cliente llevará
2026-03-11 14:48:28,506 - INFO - ✓ Select TIPO ENTREGA abierto
2026-03-11 14:48:29,773 - INFO - ✓ Tipo entrega seleccionado: Cliente llevará (Cliente Recoge)
2026-03-11 14:48:31,774 - INFO - Paso 6: Configurando lugar de salida (Bodega Nejapa)
2026-03-11 14:48:31,832 - INFO - ✓ Texto escrito: BODEGA 94 NEJAPA
2026-03-11 14:48:34,083 - INFO - ✓ Opción clickeada del dropdown: BODEGA 94 NEJAPA
2026-03-11 14:48:39,100 - INFO - ℹ️ No se requiere OK para lugar de salida
2026-03-11 14:48:41,101 - INFO - Paso 7: Configurando transporte (11094 - BODEGA 94 NEJAPA)
2026-03-11 14:48:43,138 - INFO - ✓ Caja de texto del transporte encontrada
2026-03-11 14:48:43,906 - INFO - ✓ Texto escrito: BODEGA 94 NEJAPA
2026-03-11 14:48:44,907 - INFO - -Buscando opción '11094 - BODEGA 94 NEJAPA' en dropdown...
2026-03-11 14:48:44,909 - INFO - Intentando con selector: //li[@class='ui-menu-item']//a[contains(text(), '11094 - BODEGA 94 NEJAPA')]
2026-03-11 14:48:45,964 - INFO - Intentando con selector: //li[@role='menuitem']//a[contains(text(), '11094 - BODEGA 94 NEJAPA')]
2026-03-11 14:48:47,028 - INFO - Intentando con selector: //li[contains(@class, 'ui-menu-item')]//a[contains(text(), 'BODEGA 94 NEJAPA')]
2026-03-11 14:48:48,084 - INFO - Intentando con selector: //ul[contains(@class, 'ui-autocomplete')]//a[contains(text(), '11094')]
2026-03-11 14:48:49,142 - INFO - Intentando con selector: //a[@class='ui-corner-all'][contains(text(), '11094 - BODEGA 94 NEJAPA')]
2026-03-11 14:48:50,198 - INFO - Intentando con selector: /html/body/ul[4]/li/a
2026-03-11 14:48:51,238 - INFO - 🔄 Fallback: Usando flecha abajo + Enter...
2026-03-11 14:48:51,784 - INFO - ✓ Flecha abajo + Enter ejecutado
2026-03-11 14:48:52,809 - INFO - 🔍 Verificación final: Input='11094 - BODEGA 94 NEJAPA', Select='11094'
2026-03-11 14:48:52,810 - INFO - ✅ TRANSPORTE CONFIGURADO EXITOSAMENTE
2026-03-11 14:48:55,811 - INFO - Paso 8: Agregando instrucciones
2026-03-11 14:49:00,830 - WARNING - Error agregando instrucciones: Message: Unable to locate element: //*[@id='instructions']; For documentation on this error, please visit: https://www.selenium.dev/documentation/webdriver/troubleshooting/errors#nosuchelementexception
Stacktrace:
RemoteError@chrome://remote/content/shared/RemoteError.sys.mjs:8:8
WebDriverError@chrome://remote/content/shared/webdriver/Errors.sys.mjs:187:5
NoSuchElementError@chrome://remote/content/shared/webdriver/Errors.sys.mjs:505:5
element.find/</<@chrome://remote/content/marionette/element.sys.mjs:135:16

2026-03-11 14:49:00,831 - INFO - Paso 9: Enviando formulario de entrega
2026-03-11 14:49:05,843 - WARNING - Error enviando formulario: Message: Unable to locate element: /html/body/div[2]/form/div[2]/button; For documentation on this error, please visit: https://www.selenium.dev/documentation/webdriver/troubleshooting/errors#nosuchelementexception
Stacktrace:
RemoteError@chrome://remote/content/shared/RemoteError.sys.mjs:8:8
WebDriverError@chrome://remote/content/shared/webdriver/Errors.sys.mjs:187:5
NoSuchElementError@chrome://remote/content/shared/webdriver/Errors.sys.mjs:505:5
element.find/</<@chrome://remote/content/marionette/element.sys.mjs:135:16

2026-03-11 14:49:05,844 - WARNING - ⚠️ Error en despacho, continuando...
2026-03-11 14:49:05,845 - INFO - === PASO 11: FINALIZAR COTIZACIÓN ===
2026-03-11 14:49:05,845 - INFO - === FINALIZANDO COTIZACIÓN ===
2026-03-11 14:49:05,925 - INFO - Screenshot capturado: C3_17_antes_finalizar.png
2026-03-11 14:49:07,926 - INFO - PASO 1: Click en botón finalizar
2026-03-11 14:49:10,965 - INFO - ✓ Botón finalizar encontrado con: /html/body/div[2]/div[4]/div/div/div[3]/form[1]/button
2026-03-11 14:49:11,035 - INFO - Screenshot capturado: C3_18_antes_finalizar.png
2026-03-11 14:49:11,035 - INFO - 🔧 Preservando datos de sesión...
2026-03-11 14:49:11,044 - INFO - 📝 Sesión preservada - OrderID: undefined, SessionData: 
2026-03-11 14:49:11,062 - INFO - ✓ Click en botón finalizar exitoso
2026-03-11 14:49:14,075 - INFO - 🖨️ Elementos printer encontrados: 18
2026-03-11 14:49:14,130 - INFO -   Elemento 1: tag=form, id=printForm, class=
2026-03-11 14:49:14,159 - INFO -   Elemento 2: tag=div, id=, class=printingBox
2026-03-11 14:49:14,194 - INFO -   Elemento 3: tag=input, id=printerGroup, class=printerRadioButton btnFloatRight
2026-03-11 14:49:14,233 - INFO -   Elemento 4: tag=input, id=printerName0, class=
2026-03-11 14:49:14,258 - INFO -   Elemento 5: tag=input, id=printerLocation0, class=
2026-03-11 14:49:14,275 - INFO - 📋 Modales encontrados: 222
2026-03-11 14:49:14,295 - INFO -   Modal 1: tag=div, id=itemInquiryDialog, visible=False
2026-03-11 14:49:14,314 - INFO -   Modal 2: tag=div, id=, visible=False
2026-03-11 14:49:14,339 - INFO -   Modal 3: tag=div, id=, visible=False
2026-03-11 14:49:14,347 - INFO - 📝 Formularios encontrados: 62
2026-03-11 14:49:14,348 - INFO - 🔍 MONITOREANDO ESTADO POST-SAVE...
2026-03-11 14:49:15,354 - INFO - 📍 Segundo 1: URL = http://ursvtols8b3c:8080/engage-unicomer-web/saleOrder/saveAndPrint
2026-03-11 14:49:15,360 - INFO - 📄 Segundo 1: Título = Grupo Unicomer
2026-03-11 14:49:16,616 - INFO - 🔘 Segundo 1: Botones visibles = ['Search', 'Item Inquiry', 'Transaction Options', 'Save & Print', 'Save']
2026-03-11 14:49:16,627 - INFO - 🖨️ Segundo 1: Printer Group encontrado! Visible=True
2026-03-11 14:49:16,627 - INFO - ✅ PRINTER GROUP DISPONIBLE - Procediendo a hacer click...
2026-03-11 14:49:16,864 - INFO - ✓ Default Printer seleccionado: //*[@id='printerGroup']
2026-03-11 14:49:17,891 - INFO - 🖨️ Botón print encontrado: //button[@id='defaultSubmitPrintButton']
2026-03-11 14:49:17,905 - INFO - ✅ CLICK EN BOTÓN IMPRIMIR EXITOSO
2026-03-11 14:49:19,949 - INFO - ✅ CONFIRMACIÓN FINAL EXITOSA
2026-03-11 14:49:20,010 - INFO - Screenshot capturado: C3_21_print_completado.png
2026-03-11 14:49:20,011 - INFO - ✅ Finalización exitosa
2026-03-11 14:49:20,011 - INFO - === PASO 12: GENERAR REPORTE INDIVIDUAL ===
2026-03-11 14:49:20,011 - INFO - Generando reporte para cotización 3 con número 1160921926000F
2026-03-11 14:49:20,012 - INFO - Screenshots disponibles: 19
2026-03-11 14:49:20,012 - INFO - 🔄 Generando reporte para cotización 3: 1160921926000F
2026-03-11 14:49:20,067 - INFO - ✅ Excel actualizado - Cotización 3: 1160921926000F
2026-03-11 14:49:20,197 - INFO - Reporte ejecutivo generado: Reporte_cotizacion_1160921926000F.docx
2026-03-11 14:49:20,198 - INFO - Archivo verificado: 1774468 bytes
2026-03-11 14:49:20,198 - INFO - Reporte Word generado exitosamente para cotización 3
2026-03-11 14:49:20,199 - INFO - Iniciando limpieza de screenshots después de generar reporte
2026-03-11 14:49:20,199 - INFO - Screenshot eliminado: C3_02_dashboard.png
2026-03-11 14:49:20,200 - INFO - Screenshot eliminado: C3_04_formulario_orden.png
2026-03-11 14:49:20,200 - INFO - Screenshot eliminado: C3_07_pantalla_garantias_01.png
2026-03-11 14:49:20,201 - INFO - Screenshot eliminado: C3_06_item_con_garantias_procesadas_01.png
2026-03-11 14:49:20,202 - INFO - Screenshot eliminado: C3_07_pantalla_garantias_02.png
2026-03-11 14:49:20,202 - INFO - Screenshot eliminado: C3_06_item_con_garantias_procesadas_02.png
2026-03-11 14:49:20,203 - INFO - Screenshot eliminado: C3_07_pantalla_garantias_03.png
2026-03-11 14:49:20,203 - INFO - Screenshot eliminado: C3_06_item_con_garantias_procesadas_03.png
2026-03-11 14:49:20,204 - INFO - Screenshot eliminado: C3_12_antes_enlazar_cliente.png
2026-03-11 14:49:20,205 - INFO - Screenshot eliminado: C3_13_formulario_cliente.png
2026-03-11 14:49:20,206 - INFO - Screenshot eliminado: C3_14_cliente_ingresado.png
2026-03-11 14:49:20,207 - INFO - Screenshot eliminado: C3_15_primer_next.png
2026-03-11 14:49:20,207 - INFO - Screenshot eliminado: C3_16_segundo_next.png
2026-03-11 14:49:20,209 - INFO - Screenshot eliminado: C3_17_antes_entrega_cliente.png
2026-03-11 14:49:20,211 - INFO - Screenshot eliminado: C3_18_menu_transaction_options.png
2026-03-11 14:49:20,213 - INFO - Screenshot eliminado: C3_19_formulario_entrega.png
2026-03-11 14:49:20,214 - INFO - Screenshot eliminado: C3_17_antes_finalizar.png
2026-03-11 14:49:20,215 - INFO - Screenshot eliminado: C3_18_antes_finalizar.png
2026-03-11 14:49:20,215 - INFO - Screenshot eliminado: C3_21_print_completado.png
2026-03-11 14:49:20,216 - INFO - 19 screenshots eliminados para esta cotización
2026-03-11 14:49:20,216 - INFO - Cotización 3 completada: 1160921926000F
2026-03-11 14:49:22,217 - INFO - 
🔄 PROCESANDO COTIZACIÓN 4/13: 4
2026-03-11 14:49:22,218 - INFO - === PASO 4: INICIAR ORDEN DE COMPRA ===
2026-03-11 14:49:22,218 - INFO - Buscando botón 'Comience una Orden de Compra'...
2026-03-11 14:49:22,276 - INFO - Screenshot capturado: C4_02_dashboard.png
2026-03-11 14:49:22,276 - INFO - Intentando selector 1: /html/body/div[2]/div[4]/div/div/div[1]/a[1]/input
2026-03-11 14:49:22,276 - INFO - Esperando que botón orden selector 1 sea visible (timeout: 300s, se reinicia con progreso)...
2026-03-11 14:49:22,292 - INFO - PROGRESO: botón orden selector 1 visible - REINICIANDO timeout
2026-03-11 14:49:22,304 - INFO - OK - botón orden selector 1 listo después de 0.0s
2026-03-11 14:49:22,837 - INFO - Click exitoso en botón orden selector 1
2026-03-11 14:49:23,900 - INFO - Screenshot capturado: C4_04_formulario_orden.png
2026-03-11 14:49:23,900 - INFO - Click realizado en botón orden
2026-03-11 14:49:23,901 - INFO - Preparando nueva cotización...
2026-03-11 14:49:28,919 - INFO - ✓ Storage del navegador limpiado
2026-03-11 14:49:28,925 - INFO - ✓ Página estabilizada para nueva cotización
2026-03-11 14:49:28,926 - INFO - ✓ Sistema listo para siguiente cotización automática
2026-03-11 14:49:29,927 - INFO - Configuración - Garantías: NO, Descuento: NO, Créditos: NO, Entrega: SI, Tipo Entrega: cliente llevará
2026-03-11 14:49:29,928 - INFO - === PASO 5: EXTRAER NÚMERO COTIZACIÓN ===
2026-03-11 14:49:29,929 - INFO - === EXTRAYENDO NÚMERO DE COTIZACIÓN INICIAL ===
2026-03-11 14:49:31,963 - INFO - Número encontrado con selector: li.quotationNumberTitle p:last-child
2026-03-11 14:49:31,964 - INFO - Número de cotización: 1160921926000G
2026-03-11 14:49:31,964 - INFO - Número base extraído: 1160921926000G
2026-03-11 14:49:31,964 - INFO - Número único generado: 1160921926000G_1964
2026-03-11 14:49:31,965 - INFO - === PASO 6: AGREGAR ITEMS ============================================================================
2026-03-11 14:49:31,965 - INFO - --- ITEM 1/3 ---
2026-03-11 14:49:31,965 - INFO - === MÓDULO 3: AGREGAR ITEM 1 ===
2026-03-11 14:49:31,966 - INFO - Código: 461772000016, Cantidad: 1
2026-03-11 14:49:31,966 - INFO - Esperando que campo búsqueda item 1 sea visible (timeout: 300s, se reinicia con progreso)...
2026-03-11 14:49:31,980 - INFO - PROGRESO: campo búsqueda item 1 visible - REINICIANDO timeout
2026-03-11 14:49:31,996 - INFO - OK - campo búsqueda item 1 listo después de 0.0s
2026-03-11 14:49:32,027 - INFO - Código 461772000016 ingresado en campo búsqueda
2026-03-11 14:49:32,052 - INFO - Enter enviado para búsqueda
2026-03-11 14:49:35,074 - INFO - Mensaje informativo (ignorado): Error
close
ERROR TO OBTAIN THE PARAMATER: permitirNoInventariadosSeguros...
2026-03-11 14:49:35,074 - INFO - Item 461772000016 procesado correctamente
2026-03-11 14:49:35,075 - INFO - === MÓDULO 4: GARANTÍAS ITEM 1 ===
2026-03-11 14:49:35,075 - INFO - Garantía: RECHAZAR
2026-03-11 14:49:36,153 - INFO - Screenshot capturado: C4_07_pantalla_garantias_01.png
2026-03-11 14:49:42,185 - INFO - Botón No Thanks encontrado - rechazando garantía
2026-03-11 14:49:42,213 - INFO - Click en No Thanks
2026-03-11 14:49:43,283 - INFO - Screenshot capturado: C4_06_item_con_garantias_procesadas_01.png
2026-03-11 14:49:43,284 - INFO - Garantías procesadas para item 1
2026-03-11 14:49:43,284 - INFO - --- ITEM 2/3 ---
2026-03-11 14:49:43,284 - INFO - === MÓDULO 3: AGREGAR ITEM 2 ===
2026-03-11 14:49:43,284 - INFO - Código: 450879300006, Cantidad: 1
2026-03-11 14:49:43,285 - INFO - Esperando que campo búsqueda item 2 sea visible (timeout: 300s, se reinicia con progreso)...
2026-03-11 14:49:43,303 - INFO - PROGRESO: campo búsqueda item 2 visible - REINICIANDO timeout
2026-03-11 14:49:43,319 - INFO - OK - campo búsqueda item 2 listo después de 0.0s
2026-03-11 14:49:43,337 - INFO - Código 450879300006 ingresado en campo búsqueda
2026-03-11 14:49:43,349 - INFO - Enter enviado para búsqueda
2026-03-11 14:49:49,509 - INFO - Mensaje informativo (ignorado): Error
close
ERROR TO OBTAIN THE PARAMATER: permitirNoInventariadosSeguros...
2026-03-11 14:49:49,510 - INFO - Item 450879300006 procesado correctamente
2026-03-11 14:49:49,510 - INFO - === MÓDULO 4: GARANTÍAS ITEM 2 ===
2026-03-11 14:49:49,510 - INFO - Garantía: RECHAZAR
2026-03-11 14:49:50,605 - INFO - Screenshot capturado: C4_07_pantalla_garantias_02.png
2026-03-11 14:49:56,640 - INFO - Botón No Thanks encontrado - rechazando garantía
2026-03-11 14:49:56,660 - INFO - Click en No Thanks
2026-03-11 14:49:57,739 - INFO - Screenshot capturado: C4_06_item_con_garantias_procesadas_02.png
2026-03-11 14:49:57,739 - INFO - Garantías procesadas para item 2
2026-03-11 14:49:57,740 - INFO - --- ITEM 3/3 ---
2026-03-11 14:49:57,740 - INFO - === MÓDULO 3: AGREGAR ITEM 3 ===
2026-03-11 14:49:57,740 - INFO - Código: 462708100008, Cantidad: 1
2026-03-11 14:49:57,741 - INFO - Esperando que campo búsqueda item 3 sea visible (timeout: 300s, se reinicia con progreso)...
2026-03-11 14:49:57,766 - INFO - PROGRESO: campo búsqueda item 3 visible - REINICIANDO timeout
2026-03-11 14:49:57,788 - INFO - OK - campo búsqueda item 3 listo después de 0.0s
2026-03-11 14:49:57,815 - INFO - Código 462708100008 ingresado en campo búsqueda
2026-03-11 14:49:57,838 - INFO - Enter enviado para búsqueda
2026-03-11 14:50:02,365 - INFO -  Popup cerrado
2026-03-11 14:50:02,385 - INFO - Item 462708100008 procesado correctamente
2026-03-11 14:50:02,385 - INFO - === MÓDULO 4: GARANTÍAS ITEM 3 ===
2026-03-11 14:50:02,386 - INFO - Garantía: RECHAZAR
2026-03-11 14:50:03,466 - INFO - Screenshot capturado: C4_07_pantalla_garantias_03.png
2026-03-11 14:50:14,502 - INFO - No se detectó pantalla de garantías - continuando sin rechazar
2026-03-11 14:50:15,553 - INFO - Screenshot capturado: C4_06_item_con_garantias_procesadas_03.png
2026-03-11 14:50:15,554 - INFO - Garantías procesadas para item 3
2026-03-11 14:50:15,554 - INFO - === PASO 7: ENLAZAR CUSTOMER ==========================================================================
2026-03-11 14:50:15,554 - INFO - === MÓDULO 5: ENLAZAR CUSTOMER ===
2026-03-11 14:50:15,617 - INFO - Screenshot capturado: C4_12_antes_enlazar_cliente.png
2026-03-11 14:50:20,640 - INFO - Enlace cliente encontrado: /html/body/div[2]/div[3]/div[28]/div[3]/h4/a
2026-03-11 14:50:20,665 - INFO - Click en enlace cliente
2026-03-11 14:50:23,738 - INFO - Screenshot capturado: C4_13_formulario_cliente.png
2026-03-11 14:50:25,035 - INFO - Cliente 013803328 ingresado
2026-03-11 14:50:26,110 - INFO - Screenshot capturado: C4_14_cliente_ingresado.png
2026-03-11 14:50:26,578 - INFO - Primer Next
2026-03-11 14:50:29,681 - INFO - Screenshot capturado: C4_15_primer_next.png
2026-03-11 14:50:34,581 - INFO - Segundo Next
2026-03-11 14:50:37,688 - INFO - Screenshot capturado: C4_16_segundo_next.png
2026-03-11 14:50:37,690 - INFO - Customer enlazado exitosamente
2026-03-11 14:50:37,691 - INFO - === PASO 8: CONFIGURAR ENTREGA ====================================================================
2026-03-11 14:50:37,693 - INFO - === MÓDULO 6: DESPACHO/ENTREGA ===
2026-03-11 14:50:37,693 - INFO - Despacho/Entrega: CONFIGURAR
2026-03-11 14:50:37,694 - INFO - Tipo de entrega: cliente llevará
2026-03-11 14:50:37,793 - INFO - Screenshot capturado: C4_17_antes_entrega_cliente.png
2026-03-11 14:50:37,796 - INFO - Paso 1: Buscando botón Transaction Options
2026-03-11 14:50:40,823 - INFO - ✓ Transaction Options encontrado con: transactionOptionsBtn
2026-03-11 14:50:40,842 - INFO - Click en Transaction Options exitoso
2026-03-11 14:50:43,979 - INFO - Screenshot capturado: C4_18_menu_transaction_options.png
2026-03-11 14:50:43,980 - INFO - Paso 2: Seleccionando opción de entrega
2026-03-11 14:50:44,047 - INFO - Opción de entrega seleccionada
2026-03-11 14:50:47,178 - INFO - Screenshot capturado: C4_19_formulario_entrega.png
2026-03-11 14:50:47,179 - INFO - Paso 3: Llenando datos del formulario
2026-03-11 14:50:47,254 - INFO - Nombre 1 ingresado: ELISEO AMILCAR LOPEZ + Enter
2026-03-11 14:50:48,307 - INFO - Nombre 2 ingresado: MARGARITA PORTILLO DE LOPEZ + Enter
2026-03-11 14:50:49,394 - INFO - ✓ Campo adicional (div[4]) ingresado: ELISEO LOPEZ + Enter
2026-03-11 14:50:50,395 - INFO - Paso 4: Configurando select MADRE
2026-03-11 14:50:50,667 - INFO - Select MADRE abierto
2026-03-11 14:50:52,450 - INFO - ✓ Opción MADRE seleccionada
2026-03-11 14:50:53,452 - INFO - Paso 4B: Configurando transportador (relationship)
2026-03-11 14:50:53,718 - INFO - ✓ Select TRANSPORTADOR abierto con: /html/body/div[2]/form/div[1]/div/div[2]/div[6]/span[2]/span/a
2026-03-11 14:50:55,001 - INFO - ✓ Opción TRANSPORTADOR seleccionada
2026-03-11 14:50:56,003 - INFO - Paso 5: Configurando tipo de entrega: cliente llevará
2026-03-11 14:50:56,280 - INFO - ✓ Select TIPO ENTREGA abierto
2026-03-11 14:50:57,546 - INFO - ✓ Tipo entrega seleccionado: Cliente llevará (Cliente Recoge)
2026-03-11 14:50:59,548 - INFO - Paso 6: Configurando lugar de salida (Bodega Nejapa)
2026-03-11 14:50:59,632 - INFO - ✓ Texto escrito: BODEGA 94 NEJAPA
2026-03-11 14:51:01,885 - INFO - ✓ Opción clickeada del dropdown: BODEGA 94 NEJAPA
2026-03-11 14:51:06,959 - INFO - ℹ️ No se requiere OK para lugar de salida
2026-03-11 14:51:08,963 - INFO - Paso 7: Configurando transporte (11094 - BODEGA 94 NEJAPA)
2026-03-11 14:51:10,988 - INFO - ✓ Caja de texto del transporte encontrada
2026-03-11 14:51:11,789 - INFO - ✓ Texto escrito: BODEGA 94 NEJAPA
2026-03-11 14:51:12,791 - INFO - -Buscando opción '11094 - BODEGA 94 NEJAPA' en dropdown...
2026-03-11 14:51:12,792 - INFO - Intentando con selector: //li[@class='ui-menu-item']//a[contains(text(), '11094 - BODEGA 94 NEJAPA')]
2026-03-11 14:51:13,866 - INFO - Intentando con selector: //li[@role='menuitem']//a[contains(text(), '11094 - BODEGA 94 NEJAPA')]
2026-03-11 14:51:14,945 - INFO - Intentando con selector: //li[contains(@class, 'ui-menu-item')]//a[contains(text(), 'BODEGA 94 NEJAPA')]
2026-03-11 14:51:16,000 - INFO - Intentando con selector: //ul[contains(@class, 'ui-autocomplete')]//a[contains(text(), '11094')]
2026-03-11 14:51:17,058 - INFO - Intentando con selector: //a[@class='ui-corner-all'][contains(text(), '11094 - BODEGA 94 NEJAPA')]
2026-03-11 14:51:18,141 - INFO - Intentando con selector: /html/body/ul[4]/li/a
2026-03-11 14:51:19,217 - INFO - 🔄 Fallback: Usando flecha abajo + Enter...
2026-03-11 14:51:19,801 - INFO - ✓ Flecha abajo + Enter ejecutado
2026-03-11 14:51:20,837 - INFO - 🔍 Verificación final: Input='11094 - BODEGA 94 NEJAPA', Select='11094'
2026-03-11 14:51:20,837 - INFO - ✅ TRANSPORTE CONFIGURADO EXITOSAMENTE
2026-03-11 14:51:23,838 - INFO - Paso 8: Agregando instrucciones
2026-03-11 14:51:28,853 - WARNING - Error agregando instrucciones: Message: Unable to locate element: //*[@id='instructions']; For documentation on this error, please visit: https://www.selenium.dev/documentation/webdriver/troubleshooting/errors#nosuchelementexception
Stacktrace:
RemoteError@chrome://remote/content/shared/RemoteError.sys.mjs:8:8
WebDriverError@chrome://remote/content/shared/webdriver/Errors.sys.mjs:187:5
NoSuchElementError@chrome://remote/content/shared/webdriver/Errors.sys.mjs:505:5
element.find/</<@chrome://remote/content/marionette/element.sys.mjs:135:16

2026-03-11 14:51:28,854 - INFO - Paso 9: Enviando formulario de entrega
2026-03-11 14:51:33,868 - WARNING - Error enviando formulario: Message: Unable to locate element: /html/body/div[2]/form/div[2]/button; For documentation on this error, please visit: https://www.selenium.dev/documentation/webdriver/troubleshooting/errors#nosuchelementexception
Stacktrace:
RemoteError@chrome://remote/content/shared/RemoteError.sys.mjs:8:8
WebDriverError@chrome://remote/content/shared/webdriver/Errors.sys.mjs:187:5
NoSuchElementError@chrome://remote/content/shared/webdriver/Errors.sys.mjs:505:5
element.find/</<@chrome://remote/content/marionette/element.sys.mjs:135:16

2026-03-11 14:51:33,869 - WARNING - ⚠️ Error en despacho, continuando...
2026-03-11 14:51:33,870 - INFO - === PASO 11: FINALIZAR COTIZACIÓN ===
2026-03-11 14:51:33,871 - INFO - === FINALIZANDO COTIZACIÓN ===
2026-03-11 14:51:33,959 - INFO - Screenshot capturado: C4_17_antes_finalizar.png
2026-03-11 14:51:35,960 - INFO - PASO 1: Click en botón finalizar
2026-03-11 14:51:38,990 - INFO - ✓ Botón finalizar encontrado con: /html/body/div[2]/div[4]/div/div/div[3]/form[1]/button
2026-03-11 14:51:39,059 - INFO - Screenshot capturado: C4_18_antes_finalizar.png
2026-03-11 14:51:39,059 - INFO - 🔧 Preservando datos de sesión...
2026-03-11 14:51:39,072 - INFO - 📝 Sesión preservada - OrderID: undefined, SessionData: 
2026-03-11 14:51:39,096 - INFO - ✓ Click en botón finalizar exitoso
2026-03-11 14:51:42,119 - INFO - 🖨️ Elementos printer encontrados: 18
2026-03-11 14:51:42,148 - INFO -   Elemento 1: tag=form, id=printForm, class=
2026-03-11 14:51:42,180 - INFO -   Elemento 2: tag=div, id=, class=printingBox
2026-03-11 14:51:42,211 - INFO -   Elemento 3: tag=input, id=printerGroup, class=printerRadioButton btnFloatRight
2026-03-11 14:51:42,235 - INFO -   Elemento 4: tag=input, id=printerName0, class=
2026-03-11 14:51:42,265 - INFO -   Elemento 5: tag=input, id=printerLocation0, class=
2026-03-11 14:51:42,283 - INFO - 📋 Modales encontrados: 222
2026-03-11 14:51:42,313 - INFO -   Modal 1: tag=div, id=itemInquiryDialog, visible=False
2026-03-11 14:51:42,335 - INFO -   Modal 2: tag=div, id=, visible=False
2026-03-11 14:51:42,357 - INFO -   Modal 3: tag=div, id=, visible=False
2026-03-11 14:51:42,364 - INFO - 📝 Formularios encontrados: 62
2026-03-11 14:51:42,365 - INFO - 🔍 MONITOREANDO ESTADO POST-SAVE...
2026-03-11 14:51:43,374 - INFO - 📍 Segundo 1: URL = http://ursvtols8b3c:8080/engage-unicomer-web/saleOrder/saveAndPrint
2026-03-11 14:51:43,378 - INFO - 📄 Segundo 1: Título = Grupo Unicomer
2026-03-11 14:51:44,880 - INFO - 🔘 Segundo 1: Botones visibles = ['Search', 'Item Inquiry', 'Transaction Options', 'Save & Print', 'Save']
2026-03-11 14:51:44,898 - INFO - 🖨️ Segundo 1: Printer Group encontrado! Visible=True
2026-03-11 14:51:44,899 - INFO - ✅ PRINTER GROUP DISPONIBLE - Procediendo a hacer click...
2026-03-11 14:51:45,154 - INFO - ✓ Default Printer seleccionado: //*[@id='printerGroup']
2026-03-11 14:51:46,182 - INFO - 🖨️ Botón print encontrado: //button[@id='defaultSubmitPrintButton']
2026-03-11 14:51:46,193 - INFO - ✅ CLICK EN BOTÓN IMPRIMIR EXITOSO
2026-03-11 14:51:48,275 - INFO - ✅ CONFIRMACIÓN FINAL EXITOSA
2026-03-11 14:51:48,439 - INFO - Screenshot capturado: C4_21_print_completado.png
2026-03-11 14:51:48,439 - INFO - ✅ Finalización exitosa
2026-03-11 14:51:48,440 - INFO - === PASO 12: GENERAR REPORTE INDIVIDUAL ===
2026-03-11 14:51:48,441 - INFO - Generando reporte para cotización 4 con número 1160921926000G
2026-03-11 14:51:48,441 - INFO - Screenshots disponibles: 19
2026-03-11 14:51:48,442 - INFO - 🔄 Generando reporte para cotización 4: 1160921926000G
2026-03-11 14:51:48,589 - INFO - ✅ Excel actualizado - Cotización 4: 1160921926000G
2026-03-11 14:51:49,299 - INFO - Reporte ejecutivo generado: Reporte_cotizacion_1160921926000G.docx
2026-03-11 14:51:49,300 - INFO - Archivo verificado: 1827348 bytes
2026-03-11 14:51:49,300 - INFO - Reporte Word generado exitosamente para cotización 4
2026-03-11 14:51:49,300 - INFO - Iniciando limpieza de screenshots después de generar reporte
2026-03-11 14:51:49,302 - INFO - Screenshot eliminado: C4_02_dashboard.png
2026-03-11 14:51:49,303 - INFO - Screenshot eliminado: C4_04_formulario_orden.png
2026-03-11 14:51:49,305 - INFO - Screenshot eliminado: C4_07_pantalla_garantias_01.png
2026-03-11 14:51:49,307 - INFO - Screenshot eliminado: C4_06_item_con_garantias_procesadas_01.png
2026-03-11 14:51:49,309 - INFO - Screenshot eliminado: C4_07_pantalla_garantias_02.png
2026-03-11 14:51:49,310 - INFO - Screenshot eliminado: C4_06_item_con_garantias_procesadas_02.png
2026-03-11 14:51:49,313 - INFO - Screenshot eliminado: C4_07_pantalla_garantias_03.png
2026-03-11 14:51:49,319 - INFO - Screenshot eliminado: C4_06_item_con_garantias_procesadas_03.png
2026-03-11 14:51:49,321 - INFO - Screenshot eliminado: C4_12_antes_enlazar_cliente.png
2026-03-11 14:51:49,322 - INFO - Screenshot eliminado: C4_13_formulario_cliente.png
2026-03-11 14:51:49,324 - INFO - Screenshot eliminado: C4_14_cliente_ingresado.png
2026-03-11 14:51:49,326 - INFO - Screenshot eliminado: C4_15_primer_next.png
2026-03-11 14:51:49,328 - INFO - Screenshot eliminado: C4_16_segundo_next.png
2026-03-11 14:51:49,329 - INFO - Screenshot eliminado: C4_17_antes_entrega_cliente.png
2026-03-11 14:51:49,335 - INFO - Screenshot eliminado: C4_18_menu_transaction_options.png
2026-03-11 14:51:49,338 - INFO - Screenshot eliminado: C4_19_formulario_entrega.png
2026-03-11 14:51:49,339 - INFO - Screenshot eliminado: C4_17_antes_finalizar.png
2026-03-11 14:51:49,342 - INFO - Screenshot eliminado: C4_18_antes_finalizar.png
2026-03-11 14:51:49,343 - INFO - Screenshot eliminado: C4_21_print_completado.png
2026-03-11 14:51:49,344 - INFO - 19 screenshots eliminados para esta cotización
2026-03-11 14:51:49,344 - INFO - Cotización 4 completada: 1160921926000G
2026-03-11 14:51:51,345 - INFO - 
🔄 PROCESANDO COTIZACIÓN 5/13: 5
2026-03-11 14:51:51,346 - INFO - === PASO 4: INICIAR ORDEN DE COMPRA ===
2026-03-11 14:51:51,347 - INFO - Buscando botón 'Comience una Orden de Compra'...
2026-03-11 14:51:51,429 - INFO - Screenshot capturado: C5_02_dashboard.png
2026-03-11 14:51:51,430 - INFO - Intentando selector 1: /html/body/div[2]/div[4]/div/div/div[1]/a[1]/input
2026-03-11 14:51:51,430 - INFO - Esperando que botón orden selector 1 sea visible (timeout: 300s, se reinicia con progreso)...
2026-03-11 14:51:51,454 - INFO - PROGRESO: botón orden selector 1 visible - REINICIANDO timeout
2026-03-11 14:51:51,487 - INFO - OK - botón orden selector 1 listo después de 0.0s
2026-03-11 14:51:52,021 - INFO - Click exitoso en botón orden selector 1
2026-03-11 14:51:53,074 - INFO - Screenshot capturado: C5_04_formulario_orden.png
2026-03-11 14:51:53,075 - INFO - Click realizado en botón orden
2026-03-11 14:51:53,075 - INFO - Preparando nueva cotización...
2026-03-11 14:51:58,093 - INFO - ✓ Storage del navegador limpiado
2026-03-11 14:51:58,098 - INFO - ✓ Página estabilizada para nueva cotización
2026-03-11 14:51:58,099 - INFO - ✓ Sistema listo para siguiente cotización automática
2026-03-11 14:51:59,100 - INFO - Configuración - Garantías: NO, Descuento: NO, Créditos: NO, Entrega: SI, Tipo Entrega: cliente llevará
2026-03-11 14:51:59,101 - INFO - === PASO 5: EXTRAER NÚMERO COTIZACIÓN ===
2026-03-11 14:51:59,101 - INFO - === EXTRAYENDO NÚMERO DE COTIZACIÓN INICIAL ===
2026-03-11 14:52:01,175 - INFO - Número encontrado con selector: li.quotationNumberTitle p:last-child
2026-03-11 14:52:01,176 - INFO - Número de cotización: 1160921926000H
2026-03-11 14:52:01,177 - INFO - Número base extraído: 1160921926000H
2026-03-11 14:52:01,177 - INFO - Número único generado: 1160921926000H_1177
2026-03-11 14:52:01,178 - INFO - === PASO 6: AGREGAR ITEMS ============================================================================
2026-03-11 14:52:01,179 - INFO - --- ITEM 1/1 ---
2026-03-11 14:52:01,180 - INFO - === MÓDULO 3: AGREGAR ITEM 1 ===
2026-03-11 14:52:01,180 - INFO - Código: 471107400015, Cantidad: 1
2026-03-11 14:52:01,181 - INFO - Esperando que campo búsqueda item 1 sea visible (timeout: 300s, se reinicia con progreso)...
2026-03-11 14:52:01,214 - INFO - PROGRESO: campo búsqueda item 1 visible - REINICIANDO timeout
2026-03-11 14:52:01,233 - INFO - OK - campo búsqueda item 1 listo después de 0.0s
2026-03-11 14:52:01,266 - INFO - Código 471107400015 ingresado en campo búsqueda
2026-03-11 14:52:01,280 - INFO - Enter enviado para búsqueda
2026-03-11 14:52:03,595 - INFO - Mensaje informativo (ignorado): Error
close
ERROR TO OBTAIN THE PARAMATER: permitirNoInventariadosSeguros...
2026-03-11 14:52:03,596 - INFO - Item 471107400015 procesado correctamente
2026-03-11 14:52:03,596 - INFO - === MÓDULO 4: GARANTÍAS ITEM 1 ===
2026-03-11 14:52:03,597 - INFO - Garantía: RECHAZAR
2026-03-11 14:52:04,667 - INFO - Screenshot capturado: C5_07_pantalla_garantias_01.png
2026-03-11 14:52:10,729 - INFO - Botón No Thanks encontrado - rechazando garantía
2026-03-11 14:52:10,777 - INFO - Click en No Thanks
2026-03-11 14:52:11,916 - INFO - Screenshot capturado: C5_06_item_con_garantias_procesadas_01.png
2026-03-11 14:52:11,916 - INFO - Garantías procesadas para item 1
2026-03-11 14:52:11,917 - INFO - === PASO 7: ENLAZAR CUSTOMER ==========================================================================
2026-03-11 14:52:11,917 - INFO - === MÓDULO 5: ENLAZAR CUSTOMER ===
2026-03-11 14:52:12,010 - INFO - Screenshot capturado: C5_12_antes_enlazar_cliente.png
2026-03-11 14:52:17,071 - INFO - Enlace cliente encontrado: /html/body/div[2]/div[3]/div[28]/div[3]/h4/a
2026-03-11 14:52:17,098 - INFO - Click en enlace cliente
2026-03-11 14:52:20,214 - INFO - Screenshot capturado: C5_13_formulario_cliente.png
2026-03-11 14:52:21,731 - INFO - Cliente 013803328 ingresado
2026-03-11 14:52:22,866 - INFO - Screenshot capturado: C5_14_cliente_ingresado.png
2026-03-11 14:52:23,772 - INFO - Primer Next
2026-03-11 14:52:26,892 - INFO - Screenshot capturado: C5_15_primer_next.png
2026-03-11 14:52:27,697 - INFO - Segundo Next
2026-03-11 14:52:30,840 - INFO - Screenshot capturado: C5_16_segundo_next.png
2026-03-11 14:52:30,840 - INFO - Customer enlazado exitosamente
2026-03-11 14:52:30,841 - INFO - === PASO 8: CONFIGURAR ENTREGA ====================================================================
2026-03-11 14:52:30,842 - INFO - === MÓDULO 6: DESPACHO/ENTREGA ===
2026-03-11 14:52:30,842 - INFO - Despacho/Entrega: CONFIGURAR
2026-03-11 14:52:30,843 - INFO - Tipo de entrega: cliente llevará
2026-03-11 14:52:30,983 - INFO - Screenshot capturado: C5_17_antes_entrega_cliente.png
2026-03-11 14:52:30,984 - INFO - Paso 1: Buscando botón Transaction Options
2026-03-11 14:52:59,078 - ERROR - Error configurando entrega: Transaction Options button no encontrado
2026-03-11 14:52:59,079 - WARNING - ⚠️ Error en despacho, continuando...
2026-03-11 14:52:59,079 - INFO - === PASO 11: FINALIZAR COTIZACIÓN ===
2026-03-11 14:52:59,080 - INFO - === FINALIZANDO COTIZACIÓN ===
2026-03-11 14:52:59,251 - INFO - Screenshot capturado: C5_17_antes_finalizar.png
2026-03-11 14:53:01,252 - INFO - PASO 1: Click en botón finalizar
2026-03-11 14:53:56,011 - ERROR - Error en paso 1 - finalizar: No se encontró botón finalizar
2026-03-11 14:53:56,011 - INFO - === DEBUG: ELEMENTOS DISPONIBLES ===
2026-03-11 14:53:56,135 - INFO - Screenshot capturado: C5_debug_estado_actual.png
2026-03-11 14:53:56,150 - INFO - Botones encontrados: 27
2026-03-11 14:53:56,212 - INFO -   Btn 0: '' class='close' visible=False enabled=True
2026-03-11 14:53:56,269 - INFO -   Btn 1: '' class='btn' visible=False enabled=True
2026-03-11 14:53:56,330 - INFO -   Btn 2: '' class='btn' visible=False enabled=True
2026-03-11 14:53:56,378 - INFO -   Btn 3: '' class='' visible=False enabled=True
2026-03-11 14:53:56,450 - INFO -   Btn 4: 'Map' class='' visible=True enabled=True
2026-03-11 14:53:56,547 - INFO -   Btn 5: 'Satellite' class='' visible=True enabled=True
2026-03-11 14:53:56,605 - INFO -   Btn 6: '' class='gm-control-active gm-fullscreen-control' visible=True enabled=True
2026-03-11 14:53:56,654 - INFO -   Btn 7: '' class='gm-control-active' visible=False enabled=True
2026-03-11 14:53:56,736 - INFO -   Btn 8: '' class='gm-control-active' visible=False enabled=True
2026-03-11 14:53:56,796 - INFO -   Btn 9: '' class='gm-tilt gm-control-active' visible=False enabled=True
2026-03-11 14:53:56,882 - INFO -   Btn 10: '' class='gm-control-active' visible=True enabled=True
2026-03-11 14:53:56,945 - INFO -   Btn 11: '' class='gm-control-active' visible=False enabled=True
2026-03-11 14:53:56,996 - INFO -   Btn 12: '' class='gm-control-active' visible=False enabled=True
2026-03-11 14:53:57,050 - INFO -   Btn 13: '' class='gm-control-active' visible=False enabled=True
2026-03-11 14:53:57,118 - INFO -   Btn 14: '' class='gm-control-active' visible=False enabled=True
2026-03-11 14:53:57,132 - INFO - Inputs encontrados: 56
2026-03-11 14:53:57,190 - INFO -   Input 0: value='' type='hidden' visible=False enabled=True
2026-03-11 14:53:57,229 - INFO -   Input 1: value='' type='hidden' visible=False enabled=True
2026-03-11 14:53:57,260 - INFO -   Input 2: value='' type='hidden' visible=False enabled=True
2026-03-11 14:53:57,302 - INFO -   Input 3: value='' type='hidden' visible=False enabled=True
2026-03-11 14:53:57,343 - INFO -   Input 4: value='' type='hidden' visible=False enabled=True
2026-03-11 14:53:57,380 - INFO -   Input 5: value='' type='hidden' visible=False enabled=True
2026-03-11 14:53:57,411 - INFO -   Input 6: value='' type='hidden' visible=False enabled=True
2026-03-11 14:53:57,445 - INFO -   Input 7: value='' type='hidden' visible=False enabled=True
2026-03-11 14:53:57,487 - INFO -   Input 8: value='' type='hidden' visible=False enabled=True
2026-03-11 14:53:57,538 - INFO -   Input 9: value='' type='hidden' visible=False enabled=True
2026-03-11 14:53:57,590 - INFO -   Input 10: value='' type='hidden' visible=False enabled=True
2026-03-11 14:53:57,636 - INFO -   Input 11: value='' type='hidden' visible=False enabled=True
2026-03-11 14:53:57,686 - INFO -   Input 12: value='' type='hidden' visible=False enabled=True
2026-03-11 14:53:57,737 - INFO -   Input 13: value='' type='hidden' visible=False enabled=True
2026-03-11 14:53:57,805 - INFO -   Input 14: value='' type='hidden' visible=False enabled=True
2026-03-11 14:53:57,820 - INFO - Enlaces encontrados: 25
2026-03-11 14:53:58,327 - WARNING - ⚠️ Error en finalización: ERROR_PASO1_1773262438, pero continuando con reporte
2026-03-11 14:53:58,327 - INFO - === PASO 12: GENERAR REPORTE INDIVIDUAL ===
2026-03-11 14:53:58,328 - INFO - Generando reporte para cotización 5 con número 1160921926000H
2026-03-11 14:53:58,328 - INFO - Screenshots disponibles: 12
2026-03-11 14:53:58,328 - INFO - 🔄 Generando reporte para cotización 5: 1160921926000H
2026-03-11 14:53:58,452 - INFO - ✅ Excel actualizado - Cotización 5: 1160921926000H
2026-03-11 14:53:58,670 - INFO - Reporte ejecutivo generado: Reporte_cotizacion_1160921926000H.docx
2026-03-11 14:53:58,671 - INFO - Archivo verificado: 965338 bytes
2026-03-11 14:53:58,672 - INFO - Reporte Word generado exitosamente para cotización 5
2026-03-11 14:53:58,673 - INFO - Iniciando limpieza de screenshots después de generar reporte
2026-03-11 14:53:58,675 - INFO - Screenshot eliminado: C5_02_dashboard.png
2026-03-11 14:53:58,677 - INFO - Screenshot eliminado: C5_04_formulario_orden.png
2026-03-11 14:53:58,679 - INFO - Screenshot eliminado: C5_07_pantalla_garantias_01.png
2026-03-11 14:53:58,681 - INFO - Screenshot eliminado: C5_06_item_con_garantias_procesadas_01.png
2026-03-11 14:53:58,683 - INFO - Screenshot eliminado: C5_12_antes_enlazar_cliente.png
2026-03-11 14:53:58,686 - INFO - Screenshot eliminado: C5_13_formulario_cliente.png
2026-03-11 14:53:58,690 - INFO - Screenshot eliminado: C5_14_cliente_ingresado.png
2026-03-11 14:53:58,693 - INFO - Screenshot eliminado: C5_15_primer_next.png
2026-03-11 14:53:58,696 - INFO - Screenshot eliminado: C5_16_segundo_next.png
2026-03-11 14:53:58,698 - INFO - Screenshot eliminado: C5_17_antes_entrega_cliente.png
2026-03-11 14:53:58,701 - INFO - Screenshot eliminado: C5_17_antes_finalizar.png
2026-03-11 14:53:58,703 - INFO - Screenshot eliminado: C5_debug_estado_actual.png
2026-03-11 14:53:58,704 - INFO - 12 screenshots eliminados para esta cotización
2026-03-11 14:53:58,705 - INFO - Cotización 5 completada: 1160921926000H
2026-03-11 14:54:00,707 - INFO - 
🔄 PROCESANDO COTIZACIÓN 6/13: 6
2026-03-11 14:54:00,707 - INFO - === PASO 4: INICIAR ORDEN DE COMPRA ===
2026-03-11 14:54:00,708 - INFO - Buscando botón 'Comience una Orden de Compra'...
2026-03-11 14:54:00,864 - INFO - Screenshot capturado: C6_02_dashboard.png
2026-03-11 14:54:00,865 - INFO - Intentando selector 1: /html/body/div[2]/div[4]/div/div/div[1]/a[1]/input
2026-03-11 14:54:00,866 - INFO - Esperando que botón orden selector 1 sea visible (timeout: 300s, se reinicia con progreso)...
2026-03-11 14:54:06,394 - INFO - Esperando botón orden selector 1... Sin progreso: 0s, Total: 0s, Queda: 300s
2026-03-11 14:55:07,086 - INFO - Esperando botón orden selector 1... Sin progreso: 61s, Total: 61s, Queda: 239s
2026-03-11 14:56:51,875 - INFO - Esperando botón orden selector 1... Sin progreso: 165s, Total: 165s, Queda: 135s
2026-03-11 14:58:36,643 - INFO - Esperando botón orden selector 1... Sin progreso: 270s, Total: 270s, Queda: 30s
2026-03-11 14:58:55,462 - INFO - PROGRESO: botón orden selector 1 existe - REINICIANDO timeout
2026-03-11 14:58:55,480 - INFO - PROGRESO: botón orden selector 1 visible - REINICIANDO timeout
2026-03-11 14:58:55,495 - INFO - OK - botón orden selector 1 listo después de 289.6s
2026-03-11 14:58:56,025 - INFO - Click exitoso en botón orden selector 1
2026-03-11 14:58:57,071 - INFO - Screenshot capturado: C6_04_formulario_orden.png
2026-03-11 14:58:57,072 - INFO - Click realizado en botón orden
2026-03-11 14:58:57,072 - INFO - Preparando nueva cotización...
2026-03-11 14:59:02,092 - INFO - ✓ Storage del navegador limpiado
2026-03-11 14:59:02,100 - INFO - ✓ Página estabilizada para nueva cotización
2026-03-11 14:59:02,101 - INFO - ✓ Sistema listo para siguiente cotización automática
2026-03-11 14:59:03,103 - INFO - Configuración - Garantías: NO, Descuento: NO, Créditos: NO, Entrega: SI, Tipo Entrega: cliente llevará
2026-03-11 14:59:03,103 - INFO - === PASO 5: EXTRAER NÚMERO COTIZACIÓN ===
2026-03-11 14:59:03,104 - INFO - === EXTRAYENDO NÚMERO DE COTIZACIÓN INICIAL ===
2026-03-11 14:59:05,154 - INFO - Número encontrado con selector: li.quotationNumberTitle p:last-child
2026-03-11 14:59:05,155 - INFO - Número de cotización: 1160921926000J
2026-03-11 14:59:05,155 - INFO - Número base extraído: 1160921926000J
2026-03-11 14:59:05,155 - INFO - Número único generado: 1160921926000J_5155
2026-03-11 14:59:05,156 - INFO - === PASO 6: AGREGAR ITEMS ============================================================================
2026-03-11 14:59:05,156 - INFO - --- ITEM 1/1 ---
2026-03-11 14:59:05,157 - INFO - === MÓDULO 3: AGREGAR ITEM 1 ===
2026-03-11 14:59:05,157 - INFO - Código: 462271000019, Cantidad: 1
2026-03-11 14:59:05,158 - INFO - Esperando que campo búsqueda item 1 sea visible (timeout: 300s, se reinicia con progreso)...
2026-03-11 14:59:05,175 - INFO - PROGRESO: campo búsqueda item 1 visible - REINICIANDO timeout
2026-03-11 14:59:05,192 - INFO - OK - campo búsqueda item 1 listo después de 0.0s
2026-03-11 14:59:05,224 - INFO - Código 462271000019 ingresado en campo búsqueda
2026-03-11 14:59:05,251 - INFO - Enter enviado para búsqueda
2026-03-11 14:59:07,605 - INFO - Mensaje informativo (ignorado): Error
close
ERROR TO OBTAIN THE PARAMATER: permitirNoInventariadosSeguros...
2026-03-11 14:59:07,605 - INFO - Item 462271000019 procesado correctamente
2026-03-11 14:59:07,606 - INFO - === MÓDULO 4: GARANTÍAS ITEM 1 ===
2026-03-11 14:59:07,606 - INFO - Garantía: RECHAZAR
2026-03-11 14:59:08,682 - INFO - Screenshot capturado: C6_07_pantalla_garantias_01.png
2026-03-11 14:59:14,716 - INFO - Botón No Thanks encontrado - rechazando garantía
2026-03-11 14:59:14,736 - INFO - Click en No Thanks
2026-03-11 14:59:15,814 - INFO - Screenshot capturado: C6_06_item_con_garantias_procesadas_01.png
2026-03-11 14:59:15,815 - INFO - Garantías procesadas para item 1
2026-03-11 14:59:15,816 - INFO - === PASO 7: ENLAZAR CUSTOMER ==========================================================================
2026-03-11 14:59:15,817 - INFO - === MÓDULO 5: ENLAZAR CUSTOMER ===
2026-03-11 14:59:15,885 - INFO - Screenshot capturado: C6_12_antes_enlazar_cliente.png
2026-03-11 14:59:20,925 - INFO - Enlace cliente encontrado: /html/body/div[2]/div[3]/div[28]/div[3]/h4/a
2026-03-11 14:59:20,950 - INFO - Click en enlace cliente
2026-03-11 14:59:24,008 - INFO - Screenshot capturado: C6_13_formulario_cliente.png
2026-03-11 14:59:25,287 - INFO - Cliente 013803328 ingresado
2026-03-11 14:59:26,350 - INFO - Screenshot capturado: C6_14_cliente_ingresado.png
2026-03-11 14:59:27,834 - INFO - Primer Next
2026-03-11 14:59:30,921 - INFO - Screenshot capturado: C6_15_primer_next.png
2026-03-11 14:59:33,914 - INFO - Segundo Next
2026-03-11 14:59:36,974 - INFO - Screenshot capturado: C6_16_segundo_next.png
2026-03-11 14:59:36,975 - INFO - Customer enlazado exitosamente
2026-03-11 14:59:36,975 - INFO - === PASO 8: CONFIGURAR ENTREGA ====================================================================
2026-03-11 14:59:36,975 - INFO - === MÓDULO 6: DESPACHO/ENTREGA ===
2026-03-11 14:59:36,975 - INFO - Despacho/Entrega: CONFIGURAR
2026-03-11 14:59:36,976 - INFO - Tipo de entrega: cliente llevará
2026-03-11 14:59:37,034 - INFO - Screenshot capturado: C6_17_antes_entrega_cliente.png
2026-03-11 14:59:37,035 - INFO - Paso 1: Buscando botón Transaction Options
2026-03-11 14:59:40,064 - INFO - ✓ Transaction Options encontrado con: transactionOptionsBtn
2026-03-11 14:59:40,088 - INFO - Click en Transaction Options exitoso
2026-03-11 14:59:43,195 - INFO - Screenshot capturado: C6_18_menu_transaction_options.png
2026-03-11 14:59:43,196 - INFO - Paso 2: Seleccionando opción de entrega
2026-03-11 14:59:43,310 - INFO - Opción de entrega seleccionada
2026-03-11 14:59:46,439 - INFO - Screenshot capturado: C6_19_formulario_entrega.png
2026-03-11 14:59:46,440 - INFO - Paso 3: Llenando datos del formulario
2026-03-11 14:59:46,529 - INFO - Nombre 1 ingresado: ELISEO AMILCAR LOPEZ + Enter
2026-03-11 14:59:47,588 - INFO - Nombre 2 ingresado: MARGARITA PORTILLO DE LOPEZ + Enter
2026-03-11 14:59:48,703 - INFO - ✓ Campo adicional (div[4]) ingresado: ELISEO LOPEZ + Enter
2026-03-11 14:59:49,703 - INFO - Paso 4: Configurando select MADRE
2026-03-11 14:59:50,004 - INFO - Select MADRE abierto
2026-03-11 14:59:51,776 - INFO - ✓ Opción MADRE seleccionada
2026-03-11 14:59:52,778 - INFO - Paso 4B: Configurando transportador (relationship)
2026-03-11 14:59:53,025 - INFO - ✓ Select TRANSPORTADOR abierto con: /html/body/div[2]/form/div[1]/div/div[2]/div[6]/span[2]/span/a
2026-03-11 14:59:54,283 - INFO - ✓ Opción TRANSPORTADOR seleccionada
2026-03-11 14:59:55,285 - INFO - Paso 5: Configurando tipo de entrega: cliente llevará
2026-03-11 14:59:55,560 - INFO - ✓ Select TIPO ENTREGA abierto
2026-03-11 14:59:56,842 - INFO - ✓ Tipo entrega seleccionado: Cliente llevará (Cliente Recoge)
2026-03-11 14:59:58,843 - INFO - Paso 6: Configurando lugar de salida (Bodega Nejapa)
2026-03-11 14:59:58,909 - INFO - ✓ Texto escrito: BODEGA 94 NEJAPA
2026-03-11 15:00:01,169 - INFO - ✓ Opción clickeada del dropdown: BODEGA 94 NEJAPA
2026-03-11 15:00:06,246 - INFO - ℹ️ No se requiere OK para lugar de salida
2026-03-11 15:00:08,247 - INFO - Paso 7: Configurando transporte (11094 - BODEGA 94 NEJAPA)
2026-03-11 15:00:10,283 - INFO - ✓ Caja de texto del transporte encontrada
2026-03-11 15:00:11,108 - INFO - ✓ Texto escrito: BODEGA 94 NEJAPA
2026-03-11 15:00:12,109 - INFO - -Buscando opción '11094 - BODEGA 94 NEJAPA' en dropdown...
2026-03-11 15:00:12,109 - INFO - Intentando con selector: //li[@class='ui-menu-item']//a[contains(text(), '11094 - BODEGA 94 NEJAPA')]
2026-03-11 15:00:13,185 - INFO - Intentando con selector: //li[@role='menuitem']//a[contains(text(), '11094 - BODEGA 94 NEJAPA')]
2026-03-11 15:00:14,253 - INFO - Intentando con selector: //li[contains(@class, 'ui-menu-item')]//a[contains(text(), 'BODEGA 94 NEJAPA')]
2026-03-11 15:00:15,342 - INFO - Intentando con selector: //ul[contains(@class, 'ui-autocomplete')]//a[contains(text(), '11094')]
2026-03-11 15:00:16,437 - INFO - Intentando con selector: //a[@class='ui-corner-all'][contains(text(), '11094 - BODEGA 94 NEJAPA')]
2026-03-11 15:00:17,529 - INFO - Intentando con selector: /html/body/ul[4]/li/a
2026-03-11 15:00:18,584 - INFO - 🔄 Fallback: Usando flecha abajo + Enter...
2026-03-11 15:00:19,132 - INFO - ✓ Flecha abajo + Enter ejecutado
2026-03-11 15:00:20,155 - WARNING - Error verificando transporte: Message: The element with the reference 87f4f490-4c22-4f11-a4c8-99aaf5f1021d is stale; either its node document is not the active document, or it is no longer connected to the DOM; For documentation on this error, please visit: https://www.selenium.dev/documentation/webdriver/troubleshooting/errors#staleelementreferenceexception
Stacktrace:
RemoteError@chrome://remote/content/shared/RemoteError.sys.mjs:8:8
WebDriverError@chrome://remote/content/shared/webdriver/Errors.sys.mjs:187:5
StaleElementReferenceError@chrome://remote/content/shared/webdriver/Errors.sys.mjs:659:5
element.getKnownElement@chrome://remote/content/marionette/element.sys.mjs:509:11
deserializeJSON@chrome://remote/content/marionette/json.sys.mjs:233:33
cloneObject/result<@chrome://remote/content/marionette/json.sys.mjs:50:52
cloneObject@chrome://remote/content/marionette/json.sys.mjs:50:25
deserializeJSON@chrome://remote/content/marionette/json.sys.mjs:244:16
cloneObject@chrome://remote/content/marionette/json.sys.mjs:56:24
deserializeJSON@chrome://remote/content/marionette/json.sys.mjs:244:16
json.deserialize@chrome://remote/content/marionette/json.sys.mjs:248:10
receiveMessage@chrome://remote/content/marionette/actors/MarionetteCommandsChild.sys.mjs:85:30

2026-03-11 15:00:23,156 - INFO - Paso 8: Agregando instrucciones
2026-03-11 15:00:28,174 - WARNING - Error agregando instrucciones: Message: Unable to locate element: //*[@id='instructions']; For documentation on this error, please visit: https://www.selenium.dev/documentation/webdriver/troubleshooting/errors#nosuchelementexception
Stacktrace:
RemoteError@chrome://remote/content/shared/RemoteError.sys.mjs:8:8
WebDriverError@chrome://remote/content/shared/webdriver/Errors.sys.mjs:187:5
NoSuchElementError@chrome://remote/content/shared/webdriver/Errors.sys.mjs:505:5
element.find/</<@chrome://remote/content/marionette/element.sys.mjs:135:16

2026-03-11 15:00:28,174 - INFO - Paso 9: Enviando formulario de entrega
2026-03-11 15:00:33,195 - WARNING - Error enviando formulario: Message: Unable to locate element: /html/body/div[2]/form/div[2]/button; For documentation on this error, please visit: https://www.selenium.dev/documentation/webdriver/troubleshooting/errors#nosuchelementexception
Stacktrace:
RemoteError@chrome://remote/content/shared/RemoteError.sys.mjs:8:8
WebDriverError@chrome://remote/content/shared/webdriver/Errors.sys.mjs:187:5
NoSuchElementError@chrome://remote/content/shared/webdriver/Errors.sys.mjs:505:5
element.find/</<@chrome://remote/content/marionette/element.sys.mjs:135:16

2026-03-11 15:00:33,196 - WARNING - ⚠️ Error en despacho, continuando...
2026-03-11 15:00:33,196 - INFO - === PASO 11: FINALIZAR COTIZACIÓN ===
2026-03-11 15:00:33,197 - INFO - === FINALIZANDO COTIZACIÓN ===
2026-03-11 15:00:33,316 - INFO - Screenshot capturado: C6_17_antes_finalizar.png
2026-03-11 15:00:35,318 - INFO - PASO 1: Click en botón finalizar
2026-03-11 15:00:38,344 - INFO - ✓ Botón finalizar encontrado con: /html/body/div[2]/div[4]/div/div/div[3]/form[1]/button
2026-03-11 15:00:38,446 - INFO - Screenshot capturado: C6_18_antes_finalizar.png
2026-03-11 15:00:38,447 - INFO - 🔧 Preservando datos de sesión...
2026-03-11 15:00:38,467 - INFO - 📝 Sesión preservada - OrderID: undefined, SessionData: 
2026-03-11 15:00:38,523 - INFO - ✓ Click en botón finalizar exitoso
2026-03-11 15:00:41,539 - INFO - 🖨️ Elementos printer encontrados: 18
2026-03-11 15:00:41,593 - INFO -   Elemento 1: tag=form, id=printForm, class=
2026-03-11 15:00:41,633 - INFO -   Elemento 2: tag=div, id=, class=printingBox
2026-03-11 15:00:41,676 - INFO -   Elemento 3: tag=input, id=printerGroup, class=printerRadioButton btnFloatRight
2026-03-11 15:00:41,700 - INFO -   Elemento 4: tag=input, id=printerName0, class=
2026-03-11 15:00:41,729 - INFO -   Elemento 5: tag=input, id=printerLocation0, class=
2026-03-11 15:00:41,745 - INFO - 📋 Modales encontrados: 156
2026-03-11 15:00:41,783 - INFO -   Modal 1: tag=div, id=itemInquiryDialog, visible=False
2026-03-11 15:00:41,852 - INFO -   Modal 2: tag=div, id=, visible=False
2026-03-11 15:00:41,890 - INFO -   Modal 3: tag=div, id=, visible=False
2026-03-11 15:00:41,899 - INFO - 📝 Formularios encontrados: 44
2026-03-11 15:00:41,899 - INFO - 🔍 MONITOREANDO ESTADO POST-SAVE...
2026-03-11 15:00:42,907 - INFO - 📍 Segundo 1: URL = http://ursvtols8b3c:8080/engage-unicomer-web/saleOrder/saveAndPrint
2026-03-11 15:00:42,914 - INFO - 📄 Segundo 1: Título = Grupo Unicomer
2026-03-11 15:00:44,398 - INFO - 🔘 Segundo 1: Botones visibles = ['Search', 'Item Inquiry', 'Transaction Options', 'Save & Print', 'Save']
2026-03-11 15:00:44,415 - INFO - 🖨️ Segundo 1: Printer Group encontrado! Visible=True
2026-03-11 15:00:44,416 - INFO - ✅ PRINTER GROUP DISPONIBLE - Procediendo a hacer click...
2026-03-11 15:00:44,669 - INFO - ✓ Default Printer seleccionado: //*[@id='printerGroup']
2026-03-11 15:00:45,700 - INFO - 🖨️ Botón print encontrado: //button[@id='defaultSubmitPrintButton']
2026-03-11 15:00:45,725 - INFO - ✅ CLICK EN BOTÓN IMPRIMIR EXITOSO
2026-03-11 15:00:47,801 - INFO - ✅ CONFIRMACIÓN FINAL EXITOSA
2026-03-11 15:00:47,915 - INFO - Screenshot capturado: C6_21_print_completado.png
2026-03-11 15:00:47,916 - INFO - ✅ Finalización exitosa
2026-03-11 15:00:47,916 - INFO - === PASO 12: GENERAR REPORTE INDIVIDUAL ===
2026-03-11 15:00:47,916 - INFO - Generando reporte para cotización 6 con número 1160921926000J
2026-03-11 15:00:47,917 - INFO - Screenshots disponibles: 15
2026-03-11 15:00:47,917 - INFO - 🔄 Generando reporte para cotización 6: 1160921926000J
2026-03-11 15:00:48,027 - INFO - ✅ Excel actualizado - Cotización 6: 1160921926000J
2026-03-11 15:00:48,275 - INFO - Reporte ejecutivo generado: Reporte_cotizacion_1160921926000J.docx
2026-03-11 15:00:48,276 - INFO - Archivo verificado: 1253141 bytes
2026-03-11 15:00:48,276 - INFO - Reporte Word generado exitosamente para cotización 6
2026-03-11 15:00:48,277 - INFO - Iniciando limpieza de screenshots después de generar reporte
2026-03-11 15:00:48,280 - INFO - Screenshot eliminado: C6_02_dashboard.png
2026-03-11 15:00:48,281 - INFO - Screenshot eliminado: C6_04_formulario_orden.png
2026-03-11 15:00:48,283 - INFO - Screenshot eliminado: C6_07_pantalla_garantias_01.png
2026-03-11 15:00:48,285 - INFO - Screenshot eliminado: C6_06_item_con_garantias_procesadas_01.png
2026-03-11 15:00:48,287 - INFO - Screenshot eliminado: C6_12_antes_enlazar_cliente.png
2026-03-11 15:00:48,289 - INFO - Screenshot eliminado: C6_13_formulario_cliente.png
2026-03-11 15:00:48,290 - INFO - Screenshot eliminado: C6_14_cliente_ingresado.png
2026-03-11 15:00:48,292 - INFO - Screenshot eliminado: C6_15_primer_next.png
2026-03-11 15:00:48,294 - INFO - Screenshot eliminado: C6_16_segundo_next.png
2026-03-11 15:00:48,296 - INFO - Screenshot eliminado: C6_17_antes_entrega_cliente.png
2026-03-11 15:00:48,298 - INFO - Screenshot eliminado: C6_18_menu_transaction_options.png
2026-03-11 15:00:48,299 - INFO - Screenshot eliminado: C6_19_formulario_entrega.png
2026-03-11 15:00:48,300 - INFO - Screenshot eliminado: C6_17_antes_finalizar.png
2026-03-11 15:00:48,301 - INFO - Screenshot eliminado: C6_18_antes_finalizar.png
2026-03-11 15:00:48,303 - INFO - Screenshot eliminado: C6_21_print_completado.png
2026-03-11 15:00:48,303 - INFO - 15 screenshots eliminados para esta cotización
2026-03-11 15:00:48,303 - INFO - Cotización 6 completada: 1160921926000J
2026-03-11 15:00:50,304 - INFO - 
🔄 PROCESANDO COTIZACIÓN 7/13: 7
2026-03-11 15:00:50,305 - INFO - === PASO 4: INICIAR ORDEN DE COMPRA ===
2026-03-11 15:00:50,306 - INFO - Buscando botón 'Comience una Orden de Compra'...
2026-03-11 15:00:50,448 - INFO - Screenshot capturado: C7_02_dashboard.png
2026-03-11 15:00:50,449 - INFO - Intentando selector 1: /html/body/div[2]/div[4]/div/div/div[1]/a[1]/input
2026-03-11 15:00:50,449 - INFO - Esperando que botón orden selector 1 sea visible (timeout: 300s, se reinicia con progreso)...
2026-03-11 15:00:51,430 - INFO - PROGRESO: botón orden selector 1 visible - REINICIANDO timeout
2026-03-11 15:00:51,454 - INFO - OK - botón orden selector 1 listo después de 0.0s
2026-03-11 15:00:52,006 - INFO - Click exitoso en botón orden selector 1
2026-03-11 15:00:53,068 - INFO - Screenshot capturado: C7_04_formulario_orden.png
2026-03-11 15:00:53,068 - INFO - Click realizado en botón orden
2026-03-11 15:00:53,069 - INFO - Preparando nueva cotización...
2026-03-11 15:00:58,083 - INFO - ✓ Storage del navegador limpiado
2026-03-11 15:00:58,095 - INFO - ✓ Página estabilizada para nueva cotización
2026-03-11 15:00:58,096 - INFO - ✓ Sistema listo para siguiente cotización automática
2026-03-11 15:00:59,096 - INFO - Configuración - Garantías: NO, Descuento: NO, Créditos: NO, Entrega: SI, Tipo Entrega: cliente llevará
2026-03-11 15:00:59,097 - INFO - === PASO 5: EXTRAER NÚMERO COTIZACIÓN ===
2026-03-11 15:00:59,100 - INFO - === EXTRAYENDO NÚMERO DE COTIZACIÓN INICIAL ===
2026-03-11 15:01:01,152 - INFO - Número encontrado con selector: li.quotationNumberTitle p:last-child
2026-03-11 15:01:01,153 - INFO - Número de cotización: 1160921926000K
2026-03-11 15:01:01,153 - INFO - Número base extraído: 1160921926000K
2026-03-11 15:01:01,153 - INFO - Número único generado: 1160921926000K_1153
2026-03-11 15:01:01,154 - INFO - === PASO 6: AGREGAR ITEMS ============================================================================
2026-03-11 15:01:01,154 - INFO - --- ITEM 1/1 ---
2026-03-11 15:01:01,154 - INFO - === MÓDULO 3: AGREGAR ITEM 1 ===
2026-03-11 15:01:01,155 - INFO - Código: 462984400014, Cantidad: 1
2026-03-11 15:01:01,155 - INFO - Esperando que campo búsqueda item 1 sea visible (timeout: 300s, se reinicia con progreso)...
2026-03-11 15:01:01,173 - INFO - PROGRESO: campo búsqueda item 1 visible - REINICIANDO timeout
2026-03-11 15:01:01,192 - INFO - OK - campo búsqueda item 1 listo después de 0.0s
2026-03-11 15:01:01,227 - INFO - Código 462984400014 ingresado en campo búsqueda
2026-03-11 15:01:01,249 - INFO - Enter enviado para búsqueda
2026-03-11 15:01:04,243 - INFO - Mensaje informativo (ignorado): Error
close
ERROR TO OBTAIN THE PARAMATER: permitirNoInventariadosSeguros...
2026-03-11 15:01:04,244 - INFO - Item 462984400014 procesado correctamente
2026-03-11 15:01:04,244 - INFO - === MÓDULO 4: GARANTÍAS ITEM 1 ===
2026-03-11 15:01:04,244 - INFO - Garantía: RECHAZAR
2026-03-11 15:01:05,340 - INFO - Screenshot capturado: C7_07_pantalla_garantias_01.png
2026-03-11 15:01:11,380 - INFO - Botón No Thanks encontrado - rechazando garantía
2026-03-11 15:01:11,402 - INFO - Click en No Thanks
2026-03-11 15:01:12,475 - INFO - Screenshot capturado: C7_06_item_con_garantias_procesadas_01.png
2026-03-11 15:01:12,477 - INFO - Garantías procesadas para item 1
2026-03-11 15:01:12,477 - INFO - === PASO 7: ENLAZAR CUSTOMER ==========================================================================
2026-03-11 15:01:12,477 - INFO - === MÓDULO 5: ENLAZAR CUSTOMER ===
2026-03-11 15:01:12,546 - INFO - Screenshot capturado: C7_12_antes_enlazar_cliente.png
2026-03-11 15:01:17,597 - INFO - Enlace cliente encontrado: /html/body/div[2]/div[3]/div[28]/div[3]/h4/a
2026-03-11 15:01:17,616 - INFO - Click en enlace cliente
2026-03-11 15:01:20,681 - INFO - Screenshot capturado: C7_13_formulario_cliente.png
2026-03-11 15:01:21,943 - INFO - Cliente 013803328 ingresado
2026-03-11 15:01:23,015 - INFO - Screenshot capturado: C7_14_cliente_ingresado.png
2026-03-11 15:01:24,449 - INFO - Primer Next
2026-03-11 15:01:27,527 - INFO - Screenshot capturado: C7_15_primer_next.png
2026-03-11 15:01:31,556 - INFO - Segundo Next
2026-03-11 15:01:34,625 - INFO - Screenshot capturado: C7_16_segundo_next.png
2026-03-11 15:01:34,625 - INFO - Customer enlazado exitosamente
2026-03-11 15:01:34,625 - INFO - === PASO 8: CONFIGURAR ENTREGA ====================================================================
2026-03-11 15:01:34,626 - INFO - === MÓDULO 6: DESPACHO/ENTREGA ===
2026-03-11 15:01:34,626 - INFO - Despacho/Entrega: CONFIGURAR
2026-03-11 15:01:34,627 - INFO - Tipo de entrega: cliente llevará
2026-03-11 15:01:34,672 - INFO - Screenshot capturado: C7_17_antes_entrega_cliente.png
2026-03-11 15:01:34,673 - INFO - Paso 1: Buscando botón Transaction Options
2026-03-11 15:01:37,701 - INFO - ✓ Transaction Options encontrado con: transactionOptionsBtn
2026-03-11 15:01:37,745 - INFO - Click en Transaction Options exitoso
2026-03-11 15:01:40,820 - INFO - Screenshot capturado: C7_18_menu_transaction_options.png
2026-03-11 15:01:40,820 - INFO - Paso 2: Seleccionando opción de entrega
2026-03-11 15:01:40,866 - INFO - Opción de entrega seleccionada
2026-03-11 15:01:43,951 - INFO - Screenshot capturado: C7_19_formulario_entrega.png
2026-03-11 15:01:43,951 - INFO - Paso 3: Llenando datos del formulario
2026-03-11 15:01:44,004 - INFO - Nombre 1 ingresado: ELISEO AMILCAR LOPEZ + Enter
2026-03-11 15:01:45,040 - INFO - Nombre 2 ingresado: MARGARITA PORTILLO DE LOPEZ + Enter
2026-03-11 15:01:46,085 - INFO - ✓ Campo adicional (div[4]) ingresado: ELISEO LOPEZ + Enter
2026-03-11 15:01:47,086 - INFO - Paso 4: Configurando select MADRE
2026-03-11 15:01:47,337 - INFO - Select MADRE abierto
2026-03-11 15:01:49,090 - INFO - ✓ Opción MADRE seleccionada
2026-03-11 15:01:50,091 - INFO - Paso 4B: Configurando transportador (relationship)
2026-03-11 15:01:50,331 - INFO - ✓ Select TRANSPORTADOR abierto con: /html/body/div[2]/form/div[1]/div/div[2]/div[6]/span[2]/span/a
2026-03-11 15:01:51,583 - INFO - ✓ Opción TRANSPORTADOR seleccionada
2026-03-11 15:01:52,584 - INFO - Paso 5: Configurando tipo de entrega: cliente llevará
2026-03-11 15:01:52,844 - INFO - ✓ Select TIPO ENTREGA abierto
2026-03-11 15:01:54,101 - INFO - ✓ Tipo entrega seleccionado: Cliente llevará (Cliente Recoge)
2026-03-11 15:01:56,102 - INFO - Paso 6: Configurando lugar de salida (Bodega Nejapa)
2026-03-11 15:01:56,171 - INFO - ✓ Texto escrito: BODEGA 94 NEJAPA
2026-03-11 15:01:58,419 - INFO - ✓ Opción clickeada del dropdown: BODEGA 94 NEJAPA
2026-03-11 15:02:03,432 - INFO - ℹ️ No se requiere OK para lugar de salida
2026-03-11 15:02:05,433 - INFO - Paso 7: Configurando transporte (11094 - BODEGA 94 NEJAPA)
2026-03-11 15:02:07,468 - INFO - ✓ Caja de texto del transporte encontrada
2026-03-11 15:02:08,233 - INFO - ✓ Texto escrito: BODEGA 94 NEJAPA
2026-03-11 15:02:09,234 - INFO - -Buscando opción '11094 - BODEGA 94 NEJAPA' en dropdown...
2026-03-11 15:02:09,235 - INFO - Intentando con selector: //li[@class='ui-menu-item']//a[contains(text(), '11094 - BODEGA 94 NEJAPA')]
2026-03-11 15:02:10,289 - INFO - Intentando con selector: //li[@role='menuitem']//a[contains(text(), '11094 - BODEGA 94 NEJAPA')]
2026-03-11 15:02:11,365 - INFO - Intentando con selector: //li[contains(@class, 'ui-menu-item')]//a[contains(text(), 'BODEGA 94 NEJAPA')]
2026-03-11 15:02:12,429 - INFO - Intentando con selector: //ul[contains(@class, 'ui-autocomplete')]//a[contains(text(), '11094')]
2026-03-11 15:02:13,487 - INFO - Intentando con selector: //a[@class='ui-corner-all'][contains(text(), '11094 - BODEGA 94 NEJAPA')]
2026-03-11 15:02:14,549 - INFO - Intentando con selector: /html/body/ul[4]/li/a
2026-03-11 15:02:15,611 - INFO - 🔄 Fallback: Usando flecha abajo + Enter...
2026-03-11 15:02:16,154 - INFO - ✓ Flecha abajo + Enter ejecutado
2026-03-11 15:02:17,179 - INFO - 🔍 Verificación final: Input='11094 - BODEGA 94 NEJAPA', Select='11094'
2026-03-11 15:02:17,180 - INFO - ✅ TRANSPORTE CONFIGURADO EXITOSAMENTE
2026-03-11 15:02:20,181 - INFO - Paso 8: Agregando instrucciones
2026-03-11 15:02:25,207 - WARNING - Error agregando instrucciones: Message: Unable to locate element: //*[@id='instructions']; For documentation on this error, please visit: https://www.selenium.dev/documentation/webdriver/troubleshooting/errors#nosuchelementexception
Stacktrace:
RemoteError@chrome://remote/content/shared/RemoteError.sys.mjs:8:8
WebDriverError@chrome://remote/content/shared/webdriver/Errors.sys.mjs:187:5
NoSuchElementError@chrome://remote/content/shared/webdriver/Errors.sys.mjs:505:5
element.find/</<@chrome://remote/content/marionette/element.sys.mjs:135:16

2026-03-11 15:02:25,207 - INFO - Paso 9: Enviando formulario de entrega
2026-03-11 15:02:30,252 - WARNING - Error enviando formulario: Message: Unable to locate element: /html/body/div[2]/form/div[2]/button; For documentation on this error, please visit: https://www.selenium.dev/documentation/webdriver/troubleshooting/errors#nosuchelementexception
Stacktrace:
RemoteError@chrome://remote/content/shared/RemoteError.sys.mjs:8:8
WebDriverError@chrome://remote/content/shared/webdriver/Errors.sys.mjs:187:5
NoSuchElementError@chrome://remote/content/shared/webdriver/Errors.sys.mjs:505:5
element.find/</<@chrome://remote/content/marionette/element.sys.mjs:135:16

2026-03-11 15:02:30,252 - WARNING - ⚠️ Error en despacho, continuando...
2026-03-11 15:02:30,253 - INFO - === PASO 11: FINALIZAR COTIZACIÓN ===
2026-03-11 15:02:30,253 - INFO - === FINALIZANDO COTIZACIÓN ===
2026-03-11 15:02:30,340 - INFO - Screenshot capturado: C7_17_antes_finalizar.png
2026-03-11 15:02:32,341 - INFO - PASO 1: Click en botón finalizar
2026-03-11 15:02:35,373 - INFO - ✓ Botón finalizar encontrado con: /html/body/div[2]/div[4]/div/div/div[3]/form[1]/button
2026-03-11 15:02:35,437 - INFO - Screenshot capturado: C7_18_antes_finalizar.png
2026-03-11 15:02:35,439 - INFO - 🔧 Preservando datos de sesión...
2026-03-11 15:02:35,448 - INFO - 📝 Sesión preservada - OrderID: undefined, SessionData: 
2026-03-11 15:02:35,477 - INFO - ✓ Click en botón finalizar exitoso
2026-03-11 15:02:38,489 - INFO - 🖨️ Elementos printer encontrados: 18
2026-03-11 15:02:38,522 - INFO -   Elemento 1: tag=form, id=printForm, class=
2026-03-11 15:02:38,543 - INFO -   Elemento 2: tag=div, id=, class=printingBox
2026-03-11 15:02:38,560 - INFO -   Elemento 3: tag=input, id=printerGroup, class=printerRadioButton btnFloatRight
2026-03-11 15:02:38,579 - INFO -   Elemento 4: tag=input, id=printerName0, class=
2026-03-11 15:02:38,598 - INFO -   Elemento 5: tag=input, id=printerLocation0, class=
2026-03-11 15:02:38,608 - INFO - 📋 Modales encontrados: 156
2026-03-11 15:02:38,629 - INFO -   Modal 1: tag=div, id=itemInquiryDialog, visible=False
2026-03-11 15:02:38,654 - INFO -   Modal 2: tag=div, id=, visible=False
2026-03-11 15:02:38,678 - INFO -   Modal 3: tag=div, id=, visible=False
2026-03-11 15:02:38,687 - INFO - 📝 Formularios encontrados: 44
2026-03-11 15:02:38,688 - INFO - 🔍 MONITOREANDO ESTADO POST-SAVE...
2026-03-11 15:02:39,696 - INFO - 📍 Segundo 1: URL = http://ursvtols8b3c:8080/engage-unicomer-web/saleOrder/saveAndPrint
2026-03-11 15:02:39,703 - INFO - 📄 Segundo 1: Título = Grupo Unicomer
2026-03-11 15:02:40,673 - INFO - 🔘 Segundo 1: Botones visibles = ['Search', 'Item Inquiry', 'Transaction Options', 'Save & Print', 'Save']
2026-03-11 15:02:40,688 - INFO - 🖨️ Segundo 1: Printer Group encontrado! Visible=True
2026-03-11 15:02:40,688 - INFO - ✅ PRINTER GROUP DISPONIBLE - Procediendo a hacer click...
2026-03-11 15:02:40,936 - INFO - ✓ Default Printer seleccionado: //*[@id='printerGroup']
2026-03-11 15:02:41,972 - INFO - 🖨️ Botón print encontrado: //button[@id='defaultSubmitPrintButton']
2026-03-11 15:02:41,990 - INFO - ✅ CLICK EN BOTÓN IMPRIMIR EXITOSO
2026-03-11 15:02:44,064 - INFO - ✅ CONFIRMACIÓN FINAL EXITOSA
2026-03-11 15:02:44,142 - INFO - Screenshot capturado: C7_21_print_completado.png
2026-03-11 15:02:44,143 - INFO - ✅ Finalización exitosa
2026-03-11 15:02:44,143 - INFO - === PASO 12: GENERAR REPORTE INDIVIDUAL ===
2026-03-11 15:02:44,143 - INFO - Generando reporte para cotización 7 con número 1160921926000K
2026-03-11 15:02:44,144 - INFO - Screenshots disponibles: 15
2026-03-11 15:02:44,144 - INFO - 🔄 Generando reporte para cotización 7: 1160921926000K
2026-03-11 15:02:44,227 - INFO - ✅ Excel actualizado - Cotización 7: 1160921926000K
2026-03-11 15:02:44,390 - INFO - Reporte ejecutivo generado: Reporte_cotizacion_1160921926000K.docx
2026-03-11 15:02:44,391 - INFO - Archivo verificado: 1209673 bytes
2026-03-11 15:02:44,391 - INFO - Reporte Word generado exitosamente para cotización 7
2026-03-11 15:02:44,391 - INFO - Iniciando limpieza de screenshots después de generar reporte
2026-03-11 15:02:44,393 - INFO - Screenshot eliminado: C7_02_dashboard.png
2026-03-11 15:02:44,394 - INFO - Screenshot eliminado: C7_04_formulario_orden.png
2026-03-11 15:02:44,395 - INFO - Screenshot eliminado: C7_07_pantalla_garantias_01.png
2026-03-11 15:02:44,397 - INFO - Screenshot eliminado: C7_06_item_con_garantias_procesadas_01.png
2026-03-11 15:02:44,398 - INFO - Screenshot eliminado: C7_12_antes_enlazar_cliente.png
2026-03-11 15:02:44,400 - INFO - Screenshot eliminado: C7_13_formulario_cliente.png
2026-03-11 15:02:44,402 - INFO - Screenshot eliminado: C7_14_cliente_ingresado.png
2026-03-11 15:02:44,404 - INFO - Screenshot eliminado: C7_15_primer_next.png
2026-03-11 15:02:44,405 - INFO - Screenshot eliminado: C7_16_segundo_next.png
2026-03-11 15:02:44,406 - INFO - Screenshot eliminado: C7_17_antes_entrega_cliente.png
2026-03-11 15:02:44,407 - INFO - Screenshot eliminado: C7_18_menu_transaction_options.png
2026-03-11 15:02:44,408 - INFO - Screenshot eliminado: C7_19_formulario_entrega.png
2026-03-11 15:02:44,409 - INFO - Screenshot eliminado: C7_17_antes_finalizar.png
2026-03-11 15:02:44,410 - INFO - Screenshot eliminado: C7_18_antes_finalizar.png
2026-03-11 15:02:44,410 - INFO - Screenshot eliminado: C7_21_print_completado.png
2026-03-11 15:02:44,410 - INFO - 15 screenshots eliminados para esta cotización
2026-03-11 15:02:44,410 - INFO - Cotización 7 completada: 1160921926000K
2026-03-11 15:02:46,411 - INFO - 
🔄 PROCESANDO COTIZACIÓN 8/13: 8
2026-03-11 15:02:46,413 - INFO - === PASO 4: INICIAR ORDEN DE COMPRA ===
2026-03-11 15:02:46,415 - INFO - Buscando botón 'Comience una Orden de Compra'...
2026-03-11 15:02:46,483 - INFO - Screenshot capturado: C8_02_dashboard.png
2026-03-11 15:02:46,483 - INFO - Intentando selector 1: /html/body/div[2]/div[4]/div/div/div[1]/a[1]/input
2026-03-11 15:02:46,484 - INFO - Esperando que botón orden selector 1 sea visible (timeout: 300s, se reinicia con progreso)...
2026-03-11 15:02:47,743 - INFO - PROGRESO: botón orden selector 1 visible - REINICIANDO timeout
2026-03-11 15:02:47,760 - INFO - OK - botón orden selector 1 listo después de 0.0s
2026-03-11 15:02:48,309 - INFO - Click exitoso en botón orden selector 1
2026-03-11 15:02:49,371 - INFO - Screenshot capturado: C8_04_formulario_orden.png
2026-03-11 15:02:49,371 - INFO - Click realizado en botón orden
2026-03-11 15:02:49,372 - INFO - Preparando nueva cotización...
2026-03-11 15:02:54,393 - INFO - ✓ Storage del navegador limpiado
2026-03-11 15:02:54,397 - INFO - ✓ Página estabilizada para nueva cotización
2026-03-11 15:02:54,397 - INFO - ✓ Sistema listo para siguiente cotización automática
2026-03-11 15:02:55,398 - INFO - Configuración - Garantías: NO, Descuento: NO, Créditos: NO, Entrega: SI, Tipo Entrega: cliente llevará
2026-03-11 15:02:55,399 - INFO - === PASO 5: EXTRAER NÚMERO COTIZACIÓN ===
2026-03-11 15:02:55,400 - INFO - === EXTRAYENDO NÚMERO DE COTIZACIÓN INICIAL ===
2026-03-11 15:02:57,464 - INFO - Número encontrado con selector: li.quotationNumberTitle p:last-child
2026-03-11 15:02:57,465 - INFO - Número de cotización: 1160921926000L
2026-03-11 15:02:57,466 - INFO - Número base extraído: 1160921926000L
2026-03-11 15:02:57,467 - INFO - Número único generado: 1160921926000L_7466
2026-03-11 15:02:57,467 - INFO - === PASO 6: AGREGAR ITEMS ============================================================================
2026-03-11 15:02:57,468 - INFO - --- ITEM 1/1 ---
2026-03-11 15:02:57,468 - INFO - === MÓDULO 3: AGREGAR ITEM 1 ===
2026-03-11 15:02:57,470 - INFO - Código: 462552400019, Cantidad: 1
2026-03-11 15:02:57,471 - INFO - Esperando que campo búsqueda item 1 sea visible (timeout: 300s, se reinicia con progreso)...
2026-03-11 15:02:57,494 - INFO - PROGRESO: campo búsqueda item 1 visible - REINICIANDO timeout
2026-03-11 15:02:57,523 - INFO - OK - campo búsqueda item 1 listo después de 0.0s
2026-03-11 15:02:57,569 - INFO - Código 462552400019 ingresado en campo búsqueda
2026-03-11 15:02:57,605 - INFO - Enter enviado para búsqueda
2026-03-11 15:02:59,499 - INFO - Mensaje informativo (ignorado): Error
close
ERROR TO OBTAIN THE PARAMATER: permitirNoInventariadosSeguros...
2026-03-11 15:02:59,500 - INFO - Item 462552400019 procesado correctamente
2026-03-11 15:02:59,500 - INFO - === MÓDULO 4: GARANTÍAS ITEM 1 ===
2026-03-11 15:02:59,500 - INFO - Garantía: RECHAZAR
2026-03-11 15:03:00,580 - INFO - Screenshot capturado: C8_07_pantalla_garantias_01.png
2026-03-11 15:03:06,626 - INFO - Botón No Thanks encontrado - rechazando garantía
2026-03-11 15:03:06,642 - INFO - Click en No Thanks
2026-03-11 15:03:07,736 - INFO - Screenshot capturado: C8_06_item_con_garantias_procesadas_01.png
2026-03-11 15:03:07,737 - INFO - Garantías procesadas para item 1
2026-03-11 15:03:07,738 - INFO - === PASO 7: ENLAZAR CUSTOMER ==========================================================================
2026-03-11 15:03:07,739 - INFO - === MÓDULO 5: ENLAZAR CUSTOMER ===
2026-03-11 15:03:07,814 - INFO - Screenshot capturado: C8_12_antes_enlazar_cliente.png
2026-03-11 15:03:12,858 - INFO - Enlace cliente encontrado: /html/body/div[2]/div[3]/div[28]/div[3]/h4/a
2026-03-11 15:03:12,884 - INFO - Click en enlace cliente
2026-03-11 15:03:15,969 - INFO - Screenshot capturado: C8_13_formulario_cliente.png
2026-03-11 15:03:17,292 - INFO - Cliente 013803328 ingresado
2026-03-11 15:03:18,364 - INFO - Screenshot capturado: C8_14_cliente_ingresado.png
2026-03-11 15:03:19,157 - INFO - Primer Next
2026-03-11 15:03:22,255 - INFO - Screenshot capturado: C8_15_primer_next.png
2026-03-11 15:03:25,192 - INFO - Segundo Next
2026-03-11 15:03:28,262 - INFO - Screenshot capturado: C8_16_segundo_next.png
2026-03-11 15:03:28,263 - INFO - Customer enlazado exitosamente
2026-03-11 15:03:28,263 - INFO - === PASO 8: CONFIGURAR ENTREGA ====================================================================
2026-03-11 15:03:28,264 - INFO - === MÓDULO 6: DESPACHO/ENTREGA ===
2026-03-11 15:03:28,264 - INFO - Despacho/Entrega: CONFIGURAR
2026-03-11 15:03:28,265 - INFO - Tipo de entrega: cliente llevará
2026-03-11 15:03:28,340 - INFO - Screenshot capturado: C8_17_antes_entrega_cliente.png
2026-03-11 15:03:28,341 - INFO - Paso 1: Buscando botón Transaction Options
2026-03-11 15:03:31,375 - INFO - ✓ Transaction Options encontrado con: transactionOptionsBtn
2026-03-11 15:03:31,400 - INFO - Click en Transaction Options exitoso
2026-03-11 15:03:34,487 - INFO - Screenshot capturado: C8_18_menu_transaction_options.png
2026-03-11 15:03:34,487 - INFO - Paso 2: Seleccionando opción de entrega
2026-03-11 15:03:34,545 - INFO - Opción de entrega seleccionada
2026-03-11 15:03:37,611 - INFO - Screenshot capturado: C8_19_formulario_entrega.png
2026-03-11 15:03:37,612 - INFO - Paso 3: Llenando datos del formulario
2026-03-11 15:03:37,682 - INFO - Nombre 1 ingresado: ELISEO AMILCAR LOPEZ + Enter
2026-03-11 15:03:38,732 - INFO - Nombre 2 ingresado: MARGARITA PORTILLO DE LOPEZ + Enter
2026-03-11 15:03:39,788 - INFO - ✓ Campo adicional (div[4]) ingresado: ELISEO LOPEZ + Enter
2026-03-11 15:03:40,789 - INFO - Paso 4: Configurando select MADRE
2026-03-11 15:03:41,068 - INFO - Select MADRE abierto
2026-03-11 15:03:42,838 - INFO - ✓ Opción MADRE seleccionada
2026-03-11 15:03:43,840 - INFO - Paso 4B: Configurando transportador (relationship)
2026-03-11 15:03:44,081 - INFO - ✓ Select TRANSPORTADOR abierto con: /html/body/div[2]/form/div[1]/div/div[2]/div[6]/span[2]/span/a
2026-03-11 15:03:45,343 - INFO - ✓ Opción TRANSPORTADOR seleccionada
2026-03-11 15:03:46,344 - INFO - Paso 5: Configurando tipo de entrega: cliente llevará
2026-03-11 15:03:46,627 - INFO - ✓ Select TIPO ENTREGA abierto
2026-03-11 15:03:47,873 - INFO - ✓ Tipo entrega seleccionado: Cliente llevará (Cliente Recoge)
2026-03-11 15:03:49,873 - INFO - Paso 6: Configurando lugar de salida (Bodega Nejapa)
2026-03-11 15:03:49,957 - INFO - ✓ Texto escrito: BODEGA 94 NEJAPA
2026-03-11 15:03:52,227 - INFO - ✓ Opción clickeada del dropdown: BODEGA 94 NEJAPA
2026-03-11 15:03:57,255 - INFO - ℹ️ No se requiere OK para lugar de salida
2026-03-11 15:03:59,257 - INFO - Paso 7: Configurando transporte (11094 - BODEGA 94 NEJAPA)
2026-03-11 15:04:01,307 - INFO - ✓ Caja de texto del transporte encontrada
2026-03-11 15:04:02,131 - INFO - ✓ Texto escrito: BODEGA 94 NEJAPA
2026-03-11 15:04:03,133 - INFO - -Buscando opción '11094 - BODEGA 94 NEJAPA' en dropdown...
2026-03-11 15:04:03,133 - INFO - Intentando con selector: //li[@class='ui-menu-item']//a[contains(text(), '11094 - BODEGA 94 NEJAPA')]
2026-03-11 15:04:04,213 - INFO - Intentando con selector: //li[@role='menuitem']//a[contains(text(), '11094 - BODEGA 94 NEJAPA')]
2026-03-11 15:04:05,287 - INFO - Intentando con selector: //li[contains(@class, 'ui-menu-item')]//a[contains(text(), 'BODEGA 94 NEJAPA')]
2026-03-11 15:04:06,349 - INFO - Intentando con selector: //ul[contains(@class, 'ui-autocomplete')]//a[contains(text(), '11094')]
2026-03-11 15:04:07,418 - INFO - Intentando con selector: //a[@class='ui-corner-all'][contains(text(), '11094 - BODEGA 94 NEJAPA')]
2026-03-11 15:04:08,491 - INFO - Intentando con selector: /html/body/ul[4]/li/a
2026-03-11 15:04:09,569 - INFO - 🔄 Fallback: Usando flecha abajo + Enter...
2026-03-11 15:04:10,132 - INFO - ✓ Flecha abajo + Enter ejecutado
2026-03-11 15:04:11,146 - WARNING - Error verificando transporte: Message: The element with the reference 8fa10677-397e-44a0-ad79-2d05808fe238 is stale; either its node document is not the active document, or it is no longer connected to the DOM; For documentation on this error, please visit: https://www.selenium.dev/documentation/webdriver/troubleshooting/errors#staleelementreferenceexception
Stacktrace:
RemoteError@chrome://remote/content/shared/RemoteError.sys.mjs:8:8
WebDriverError@chrome://remote/content/shared/webdriver/Errors.sys.mjs:187:5
StaleElementReferenceError@chrome://remote/content/shared/webdriver/Errors.sys.mjs:659:5
element.getKnownElement@chrome://remote/content/marionette/element.sys.mjs:509:11
deserializeJSON@chrome://remote/content/marionette/json.sys.mjs:233:33
cloneObject/result<@chrome://remote/content/marionette/json.sys.mjs:50:52
cloneObject@chrome://remote/content/marionette/json.sys.mjs:50:25
deserializeJSON@chrome://remote/content/marionette/json.sys.mjs:244:16
cloneObject@chrome://remote/content/marionette/json.sys.mjs:56:24
deserializeJSON@chrome://remote/content/marionette/json.sys.mjs:244:16
json.deserialize@chrome://remote/content/marionette/json.sys.mjs:248:10
receiveMessage@chrome://remote/content/marionette/actors/MarionetteCommandsChild.sys.mjs:85:30

2026-03-11 15:04:14,147 - INFO - Paso 8: Agregando instrucciones
2026-03-11 15:04:19,173 - WARNING - Error agregando instrucciones: Message: Unable to locate element: //*[@id='instructions']; For documentation on this error, please visit: https://www.selenium.dev/documentation/webdriver/troubleshooting/errors#nosuchelementexception
Stacktrace:
RemoteError@chrome://remote/content/shared/RemoteError.sys.mjs:8:8
WebDriverError@chrome://remote/content/shared/webdriver/Errors.sys.mjs:187:5
NoSuchElementError@chrome://remote/content/shared/webdriver/Errors.sys.mjs:505:5
element.find/</<@chrome://remote/content/marionette/element.sys.mjs:135:16

2026-03-11 15:04:19,174 - INFO - Paso 9: Enviando formulario de entrega
2026-03-11 15:04:24,190 - WARNING - Error enviando formulario: Message: Unable to locate element: /html/body/div[2]/form/div[2]/button; For documentation on this error, please visit: https://www.selenium.dev/documentation/webdriver/troubleshooting/errors#nosuchelementexception
Stacktrace:
RemoteError@chrome://remote/content/shared/RemoteError.sys.mjs:8:8
WebDriverError@chrome://remote/content/shared/webdriver/Errors.sys.mjs:187:5
NoSuchElementError@chrome://remote/content/shared/webdriver/Errors.sys.mjs:505:5
element.find/</<@chrome://remote/content/marionette/element.sys.mjs:135:16

2026-03-11 15:04:24,191 - WARNING - ⚠️ Error en despacho, continuando...
2026-03-11 15:04:24,191 - INFO - === PASO 11: FINALIZAR COTIZACIÓN ===
2026-03-11 15:04:24,192 - INFO - === FINALIZANDO COTIZACIÓN ===
2026-03-11 15:04:24,302 - INFO - Screenshot capturado: C8_17_antes_finalizar.png
2026-03-11 15:04:26,303 - INFO - PASO 1: Click en botón finalizar
2026-03-11 15:04:29,339 - INFO - ✓ Botón finalizar encontrado con: /html/body/div[2]/div[4]/div/div/div[3]/form[1]/button
2026-03-11 15:04:29,455 - INFO - Screenshot capturado: C8_18_antes_finalizar.png
2026-03-11 15:04:29,456 - INFO - 🔧 Preservando datos de sesión...
2026-03-11 15:04:29,475 - INFO - 📝 Sesión preservada - OrderID: undefined, SessionData: 
2026-03-11 15:04:29,503 - INFO - ✓ Click en botón finalizar exitoso
2026-03-11 15:04:32,517 - INFO - 🖨️ Elementos printer encontrados: 18
2026-03-11 15:04:32,548 - INFO -   Elemento 1: tag=form, id=printForm, class=
2026-03-11 15:04:32,577 - INFO -   Elemento 2: tag=div, id=, class=printingBox
2026-03-11 15:04:32,601 - INFO -   Elemento 3: tag=input, id=printerGroup, class=printerRadioButton btnFloatRight
2026-03-11 15:04:32,635 - INFO -   Elemento 4: tag=input, id=printerName0, class=
2026-03-11 15:04:32,667 - INFO -   Elemento 5: tag=input, id=printerLocation0, class=
2026-03-11 15:04:32,680 - INFO - 📋 Modales encontrados: 156
2026-03-11 15:04:32,701 - INFO -   Modal 1: tag=div, id=itemInquiryDialog, visible=False
2026-03-11 15:04:32,730 - INFO -   Modal 2: tag=div, id=, visible=False
2026-03-11 15:04:32,762 - INFO -   Modal 3: tag=div, id=, visible=False
2026-03-11 15:04:32,773 - INFO - 📝 Formularios encontrados: 44
2026-03-11 15:04:32,774 - INFO - 🔍 MONITOREANDO ESTADO POST-SAVE...
2026-03-11 15:04:33,852 - INFO - 📍 Segundo 1: URL = http://ursvtols8b3c:8080/engage-unicomer-web/saleOrder/saveAndPrint
2026-03-11 15:04:33,859 - INFO - 📄 Segundo 1: Título = Grupo Unicomer
2026-03-11 15:04:35,485 - INFO - 🔘 Segundo 1: Botones visibles = ['Search', 'Item Inquiry', 'Transaction Options', 'Save & Print', 'Save']
2026-03-11 15:04:35,513 - INFO - 🖨️ Segundo 1: Printer Group encontrado! Visible=True
2026-03-11 15:04:35,514 - INFO - ✅ PRINTER GROUP DISPONIBLE - Procediendo a hacer click...
2026-03-11 15:04:35,790 - INFO - ✓ Default Printer seleccionado: //*[@id='printerGroup']
2026-03-11 15:04:36,824 - INFO - 🖨️ Botón print encontrado: //button[@id='defaultSubmitPrintButton']
2026-03-11 15:04:36,843 - INFO - ✅ CLICK EN BOTÓN IMPRIMIR EXITOSO
2026-03-11 15:04:38,896 - INFO - ✅ CONFIRMACIÓN FINAL EXITOSA
2026-03-11 15:04:39,076 - INFO - Screenshot capturado: C8_21_print_completado.png
2026-03-11 15:04:39,077 - INFO - ✅ Finalización exitosa
2026-03-11 15:04:39,077 - INFO - === PASO 12: GENERAR REPORTE INDIVIDUAL ===
2026-03-11 15:04:39,077 - INFO - Generando reporte para cotización 8 con número 1160921926000L
2026-03-11 15:04:39,078 - INFO - Screenshots disponibles: 15
2026-03-11 15:04:39,078 - INFO - 🔄 Generando reporte para cotización 8: 1160921926000L
2026-03-11 15:04:39,181 - INFO - ✅ Excel actualizado - Cotización 8: 1160921926000L
2026-03-11 15:04:39,421 - INFO - Reporte ejecutivo generado: Reporte_cotizacion_1160921926000L.docx
2026-03-11 15:04:39,421 - INFO - Archivo verificado: 1211307 bytes
2026-03-11 15:04:39,422 - INFO - Reporte Word generado exitosamente para cotización 8
2026-03-11 15:04:39,422 - INFO - Iniciando limpieza de screenshots después de generar reporte
2026-03-11 15:04:39,425 - INFO - Screenshot eliminado: C8_02_dashboard.png
2026-03-11 15:04:39,426 - INFO - Screenshot eliminado: C8_04_formulario_orden.png
2026-03-11 15:04:39,427 - INFO - Screenshot eliminado: C8_07_pantalla_garantias_01.png
2026-03-11 15:04:39,428 - INFO - Screenshot eliminado: C8_06_item_con_garantias_procesadas_01.png
2026-03-11 15:04:39,429 - INFO - Screenshot eliminado: C8_12_antes_enlazar_cliente.png
2026-03-11 15:04:39,430 - INFO - Screenshot eliminado: C8_13_formulario_cliente.png
2026-03-11 15:04:39,431 - INFO - Screenshot eliminado: C8_14_cliente_ingresado.png
2026-03-11 15:04:39,432 - INFO - Screenshot eliminado: C8_15_primer_next.png
2026-03-11 15:04:39,433 - INFO - Screenshot eliminado: C8_16_segundo_next.png
2026-03-11 15:04:39,434 - INFO - Screenshot eliminado: C8_17_antes_entrega_cliente.png
2026-03-11 15:04:39,435 - INFO - Screenshot eliminado: C8_18_menu_transaction_options.png
2026-03-11 15:04:39,438 - INFO - Screenshot eliminado: C8_19_formulario_entrega.png
2026-03-11 15:04:39,440 - INFO - Screenshot eliminado: C8_17_antes_finalizar.png
2026-03-11 15:04:39,444 - INFO - Screenshot eliminado: C8_18_antes_finalizar.png
2026-03-11 15:04:39,445 - INFO - Screenshot eliminado: C8_21_print_completado.png
2026-03-11 15:04:39,445 - INFO - 15 screenshots eliminados para esta cotización
2026-03-11 15:04:39,445 - INFO - Cotización 8 completada: 1160921926000L
2026-03-11 15:04:41,446 - INFO - 
🔄 PROCESANDO COTIZACIÓN 9/13: 9
2026-03-11 15:04:41,446 - INFO - === PASO 4: INICIAR ORDEN DE COMPRA ===
2026-03-11 15:04:41,447 - INFO - Buscando botón 'Comience una Orden de Compra'...
2026-03-11 15:04:41,520 - INFO - Screenshot capturado: C9_02_dashboard.png
2026-03-11 15:04:41,520 - INFO - Intentando selector 1: /html/body/div[2]/div[4]/div/div/div[1]/a[1]/input
2026-03-11 15:04:41,520 - INFO - Esperando que botón orden selector 1 sea visible (timeout: 300s, se reinicia con progreso)...
2026-03-11 15:04:41,543 - INFO - PROGRESO: botón orden selector 1 visible - REINICIANDO timeout
2026-03-11 15:04:41,562 - INFO - OK - botón orden selector 1 listo después de 0.0s
2026-03-11 15:04:42,099 - INFO - Click exitoso en botón orden selector 1
2026-03-11 15:04:43,158 - INFO - Screenshot capturado: C9_04_formulario_orden.png
2026-03-11 15:04:43,158 - INFO - Click realizado en botón orden
2026-03-11 15:04:43,159 - INFO - Preparando nueva cotización...
2026-03-11 15:04:48,178 - INFO - ✓ Storage del navegador limpiado
2026-03-11 15:04:48,183 - INFO - ✓ Página estabilizada para nueva cotización
2026-03-11 15:04:48,184 - INFO - ✓ Sistema listo para siguiente cotización automática
2026-03-11 15:04:49,185 - INFO - Configuración - Garantías: NO, Descuento: NO, Créditos: NO, Entrega: SI, Tipo Entrega: cliente llevará
2026-03-11 15:04:49,186 - INFO - === PASO 5: EXTRAER NÚMERO COTIZACIÓN ===
2026-03-11 15:04:49,186 - INFO - === EXTRAYENDO NÚMERO DE COTIZACIÓN INICIAL ===
2026-03-11 15:04:51,248 - INFO - Número encontrado con selector: li.quotationNumberTitle p:last-child
2026-03-11 15:04:51,249 - INFO - Número de cotización: 1160921926000M
2026-03-11 15:04:51,249 - INFO - Número base extraído: 1160921926000M
2026-03-11 15:04:51,249 - INFO - Número único generado: 1160921926000M_1249
2026-03-11 15:04:51,250 - INFO - === PASO 6: AGREGAR ITEMS ============================================================================
2026-03-11 15:04:51,250 - INFO - --- ITEM 1/1 ---
2026-03-11 15:04:51,251 - INFO - === MÓDULO 3: AGREGAR ITEM 1 ===
2026-03-11 15:04:51,251 - INFO - Código: 458909400016, Cantidad: 1
2026-03-11 15:04:51,251 - INFO - Esperando que campo búsqueda item 1 sea visible (timeout: 300s, se reinicia con progreso)...
2026-03-11 15:04:51,278 - INFO - PROGRESO: campo búsqueda item 1 visible - REINICIANDO timeout
2026-03-11 15:04:51,303 - INFO - OK - campo búsqueda item 1 listo después de 0.0s
2026-03-11 15:04:51,353 - INFO - Código 458909400016 ingresado en campo búsqueda
2026-03-11 15:04:51,376 - INFO - Enter enviado para búsqueda
2026-03-11 15:04:54,281 - INFO - Mensaje informativo (ignorado): Error
close
ERROR TO OBTAIN THE PARAMATER: permitirNoInventariadosSeguros...
2026-03-11 15:04:54,282 - INFO - Item 458909400016 procesado correctamente
2026-03-11 15:04:54,282 - INFO - === MÓDULO 4: GARANTÍAS ITEM 1 ===
2026-03-11 15:04:54,283 - INFO - Garantía: RECHAZAR
2026-03-11 15:04:55,361 - INFO - Screenshot capturado: C9_07_pantalla_garantias_01.png
2026-03-11 15:05:01,416 - INFO - Botón No Thanks encontrado - rechazando garantía
2026-03-11 15:05:01,476 - INFO - Click en No Thanks
2026-03-11 15:05:02,549 - INFO - Screenshot capturado: C9_06_item_con_garantias_procesadas_01.png
2026-03-11 15:05:02,550 - INFO - Garantías procesadas para item 1
2026-03-11 15:05:02,551 - INFO - === PASO 7: ENLAZAR CUSTOMER ==========================================================================
2026-03-11 15:05:02,551 - INFO - === MÓDULO 5: ENLAZAR CUSTOMER ===
2026-03-11 15:05:02,645 - INFO - Screenshot capturado: C9_12_antes_enlazar_cliente.png
2026-03-11 15:05:07,792 - INFO - Enlace cliente encontrado: /html/body/div[2]/div[3]/div[28]/div[3]/h4/a
2026-03-11 15:05:07,875 - INFO - Click en enlace cliente
2026-03-11 15:05:10,972 - INFO - Screenshot capturado: C9_13_formulario_cliente.png
2026-03-11 15:05:12,318 - INFO - Cliente 013803328 ingresado
2026-03-11 15:05:13,448 - INFO - Screenshot capturado: C9_14_cliente_ingresado.png
2026-03-11 15:05:14,541 - INFO - Primer Next
2026-03-11 15:05:17,646 - INFO - Screenshot capturado: C9_15_primer_next.png
2026-03-11 15:05:20,750 - INFO - Segundo Next
2026-03-11 15:05:23,828 - INFO - Screenshot capturado: C9_16_segundo_next.png
2026-03-11 15:05:23,829 - INFO - Customer enlazado exitosamente
2026-03-11 15:05:23,829 - INFO - === PASO 8: CONFIGURAR ENTREGA ====================================================================
2026-03-11 15:05:23,830 - INFO - === MÓDULO 6: DESPACHO/ENTREGA ===
2026-03-11 15:05:23,830 - INFO - Despacho/Entrega: CONFIGURAR
2026-03-11 15:05:23,831 - INFO - Tipo de entrega: cliente llevará
2026-03-11 15:05:23,910 - INFO - Screenshot capturado: C9_17_antes_entrega_cliente.png
2026-03-11 15:05:23,910 - INFO - Paso 1: Buscando botón Transaction Options
2026-03-11 15:05:26,947 - INFO - ✓ Transaction Options encontrado con: transactionOptionsBtn
2026-03-11 15:05:27,000 - INFO - Click en Transaction Options exitoso
2026-03-11 15:05:30,115 - INFO - Screenshot capturado: C9_18_menu_transaction_options.png
2026-03-11 15:05:30,116 - INFO - Paso 2: Seleccionando opción de entrega
2026-03-11 15:05:30,177 - INFO - Opción de entrega seleccionada
2026-03-11 15:05:33,293 - INFO - Screenshot capturado: C9_19_formulario_entrega.png
2026-03-11 15:05:33,293 - INFO - Paso 3: Llenando datos del formulario
2026-03-11 15:05:33,369 - INFO - Nombre 1 ingresado: ELISEO AMILCAR LOPEZ + Enter
2026-03-11 15:05:34,414 - INFO - Nombre 2 ingresado: MARGARITA PORTILLO DE LOPEZ + Enter
2026-03-11 15:05:35,494 - INFO - ✓ Campo adicional (div[4]) ingresado: ELISEO LOPEZ + Enter
2026-03-11 15:05:36,496 - INFO - Paso 4: Configurando select MADRE
2026-03-11 15:05:36,756 - INFO - Select MADRE abierto
2026-03-11 15:05:38,539 - INFO - ✓ Opción MADRE seleccionada
2026-03-11 15:05:39,541 - INFO - Paso 4B: Configurando transportador (relationship)
2026-03-11 15:05:39,831 - INFO - ✓ Select TRANSPORTADOR abierto con: /html/body/div[2]/form/div[1]/div/div[2]/div[6]/span[2]/span/a
2026-03-11 15:05:41,077 - INFO - ✓ Opción TRANSPORTADOR seleccionada
2026-03-11 15:05:42,078 - INFO - Paso 5: Configurando tipo de entrega: cliente llevará
2026-03-11 15:05:42,320 - INFO - ✓ Select TIPO ENTREGA abierto
2026-03-11 15:05:43,640 - INFO - ✓ Tipo entrega seleccionado: Cliente llevará (Cliente Recoge)
2026-03-11 15:05:45,641 - INFO - Paso 6: Configurando lugar de salida (Bodega Nejapa)
2026-03-11 15:05:45,692 - INFO - ✓ Texto escrito: BODEGA 94 NEJAPA
2026-03-11 15:05:47,966 - INFO - ✓ Opción clickeada del dropdown: BODEGA 94 NEJAPA
2026-03-11 15:05:52,975 - INFO - ℹ️ No se requiere OK para lugar de salida
2026-03-11 15:05:54,976 - INFO - Paso 7: Configurando transporte (11094 - BODEGA 94 NEJAPA)
2026-03-11 15:05:56,999 - INFO - ✓ Caja de texto del transporte encontrada
2026-03-11 15:05:57,766 - INFO - ✓ Texto escrito: BODEGA 94 NEJAPA
2026-03-11 15:05:58,767 - INFO - -Buscando opción '11094 - BODEGA 94 NEJAPA' en dropdown...
2026-03-11 15:05:58,768 - INFO - Intentando con selector: //li[@class='ui-menu-item']//a[contains(text(), '11094 - BODEGA 94 NEJAPA')]
2026-03-11 15:05:59,865 - INFO - Intentando con selector: //li[@role='menuitem']//a[contains(text(), '11094 - BODEGA 94 NEJAPA')]
2026-03-11 15:06:00,933 - INFO - Intentando con selector: //li[contains(@class, 'ui-menu-item')]//a[contains(text(), 'BODEGA 94 NEJAPA')]
2026-03-11 15:06:02,006 - INFO - Intentando con selector: //ul[contains(@class, 'ui-autocomplete')]//a[contains(text(), '11094')]
2026-03-11 15:06:03,057 - INFO - Intentando con selector: //a[@class='ui-corner-all'][contains(text(), '11094 - BODEGA 94 NEJAPA')]
2026-03-11 15:06:04,130 - INFO - Intentando con selector: /html/body/ul[4]/li/a
2026-03-11 15:06:05,192 - INFO - 🔄 Fallback: Usando flecha abajo + Enter...
2026-03-11 15:06:05,738 - INFO - ✓ Flecha abajo + Enter ejecutado
2026-03-11 15:06:06,753 - WARNING - Error verificando transporte: Message: The element with the reference d0482272-857c-4a09-80f5-2dd1690d0c61 is stale; either its node document is not the active document, or it is no longer connected to the DOM; For documentation on this error, please visit: https://www.selenium.dev/documentation/webdriver/troubleshooting/errors#staleelementreferenceexception
Stacktrace:
RemoteError@chrome://remote/content/shared/RemoteError.sys.mjs:8:8
WebDriverError@chrome://remote/content/shared/webdriver/Errors.sys.mjs:187:5
StaleElementReferenceError@chrome://remote/content/shared/webdriver/Errors.sys.mjs:659:5
element.getKnownElement@chrome://remote/content/marionette/element.sys.mjs:509:11
deserializeJSON@chrome://remote/content/marionette/json.sys.mjs:233:33
cloneObject/result<@chrome://remote/content/marionette/json.sys.mjs:50:52
cloneObject@chrome://remote/content/marionette/json.sys.mjs:50:25
deserializeJSON@chrome://remote/content/marionette/json.sys.mjs:244:16
cloneObject@chrome://remote/content/marionette/json.sys.mjs:56:24
deserializeJSON@chrome://remote/content/marionette/json.sys.mjs:244:16
json.deserialize@chrome://remote/content/marionette/json.sys.mjs:248:10
receiveMessage@chrome://remote/content/marionette/actors/MarionetteCommandsChild.sys.mjs:85:30

2026-03-11 15:06:09,755 - INFO - Paso 8: Agregando instrucciones
2026-03-11 15:06:14,779 - WARNING - Error agregando instrucciones: Message: Unable to locate element: //*[@id='instructions']; For documentation on this error, please visit: https://www.selenium.dev/documentation/webdriver/troubleshooting/errors#nosuchelementexception
Stacktrace:
RemoteError@chrome://remote/content/shared/RemoteError.sys.mjs:8:8
WebDriverError@chrome://remote/content/shared/webdriver/Errors.sys.mjs:187:5
NoSuchElementError@chrome://remote/content/shared/webdriver/Errors.sys.mjs:505:5
element.find/</<@chrome://remote/content/marionette/element.sys.mjs:135:16

2026-03-11 15:06:14,779 - INFO - Paso 9: Enviando formulario de entrega
2026-03-11 15:06:19,804 - WARNING - Error enviando formulario: Message: Unable to locate element: /html/body/div[2]/form/div[2]/button; For documentation on this error, please visit: https://www.selenium.dev/documentation/webdriver/troubleshooting/errors#nosuchelementexception
Stacktrace:
RemoteError@chrome://remote/content/shared/RemoteError.sys.mjs:8:8
WebDriverError@chrome://remote/content/shared/webdriver/Errors.sys.mjs:187:5
NoSuchElementError@chrome://remote/content/shared/webdriver/Errors.sys.mjs:505:5
element.find/</<@chrome://remote/content/marionette/element.sys.mjs:135:16

2026-03-11 15:06:19,805 - WARNING - ⚠️ Error en despacho, continuando...
2026-03-11 15:06:19,805 - INFO - === PASO 11: FINALIZAR COTIZACIÓN ===
2026-03-11 15:06:19,806 - INFO - === FINALIZANDO COTIZACIÓN ===
2026-03-11 15:06:19,925 - INFO - Screenshot capturado: C9_17_antes_finalizar.png
2026-03-11 15:06:21,927 - INFO - PASO 1: Click en botón finalizar
2026-03-11 15:06:24,969 - INFO - ✓ Botón finalizar encontrado con: /html/body/div[2]/div[4]/div/div/div[3]/form[1]/button
2026-03-11 15:06:25,083 - INFO - Screenshot capturado: C9_18_antes_finalizar.png
2026-03-11 15:06:25,084 - INFO - 🔧 Preservando datos de sesión...
2026-03-11 15:06:25,096 - INFO - 📝 Sesión preservada - OrderID: undefined, SessionData: 
2026-03-11 15:06:25,135 - INFO - ✓ Click en botón finalizar exitoso
2026-03-11 15:06:28,144 - INFO - 🖨️ Elementos printer encontrados: 18
2026-03-11 15:06:28,171 - INFO -   Elemento 1: tag=form, id=printForm, class=
2026-03-11 15:06:28,195 - INFO -   Elemento 2: tag=div, id=, class=printingBox
2026-03-11 15:06:28,215 - INFO -   Elemento 3: tag=input, id=printerGroup, class=printerRadioButton btnFloatRight
2026-03-11 15:06:28,242 - INFO -   Elemento 4: tag=input, id=printerName0, class=
2026-03-11 15:06:28,262 - INFO -   Elemento 5: tag=input, id=printerLocation0, class=
2026-03-11 15:06:28,272 - INFO - 📋 Modales encontrados: 156
2026-03-11 15:06:28,301 - INFO -   Modal 1: tag=div, id=itemInquiryDialog, visible=False
2026-03-11 15:06:28,328 - INFO -   Modal 2: tag=div, id=, visible=False
2026-03-11 15:06:28,351 - INFO -   Modal 3: tag=div, id=, visible=False
2026-03-11 15:06:28,357 - INFO - 📝 Formularios encontrados: 44
2026-03-11 15:06:28,358 - INFO - 🔍 MONITOREANDO ESTADO POST-SAVE...
2026-03-11 15:06:29,363 - INFO - 📍 Segundo 1: URL = http://ursvtols8b3c:8080/engage-unicomer-web/saleOrder/saveAndPrint
2026-03-11 15:06:29,369 - INFO - 📄 Segundo 1: Título = Grupo Unicomer
2026-03-11 15:06:30,534 - INFO - 🔘 Segundo 1: Botones visibles = ['Search', 'Item Inquiry', 'Transaction Options', 'Save & Print', 'Save']
2026-03-11 15:06:30,566 - INFO - 🖨️ Segundo 1: Printer Group encontrado! Visible=True
2026-03-11 15:06:30,566 - INFO - ✅ PRINTER GROUP DISPONIBLE - Procediendo a hacer click...
2026-03-11 15:06:30,812 - INFO - ✓ Default Printer seleccionado: //*[@id='printerGroup']
2026-03-11 15:06:31,846 - INFO - 🖨️ Botón print encontrado: //button[@id='defaultSubmitPrintButton']
2026-03-11 15:06:31,864 - INFO - ✅ CLICK EN BOTÓN IMPRIMIR EXITOSO
2026-03-11 15:06:33,963 - INFO - ✅ CONFIRMACIÓN FINAL EXITOSA
2026-03-11 15:06:34,075 - INFO - Screenshot capturado: C9_21_print_completado.png
2026-03-11 15:06:34,076 - INFO - ✅ Finalización exitosa
2026-03-11 15:06:34,077 - INFO - === PASO 12: GENERAR REPORTE INDIVIDUAL ===
2026-03-11 15:06:34,077 - INFO - Generando reporte para cotización 9 con número 1160921926000M
2026-03-11 15:06:34,077 - INFO - Screenshots disponibles: 15
2026-03-11 15:06:34,078 - INFO - 🔄 Generando reporte para cotización 9: 1160921926000M
2026-03-11 15:06:34,224 - INFO - ✅ Excel actualizado - Cotización 9: 1160921926000M
2026-03-11 15:06:34,588 - INFO - Reporte ejecutivo generado: Reporte_cotizacion_1160921926000M.docx
2026-03-11 15:06:34,589 - INFO - Archivo verificado: 1265205 bytes
2026-03-11 15:06:34,590 - INFO - Reporte Word generado exitosamente para cotización 9
2026-03-11 15:06:34,591 - INFO - Iniciando limpieza de screenshots después de generar reporte
2026-03-11 15:06:34,593 - INFO - Screenshot eliminado: C9_02_dashboard.png
2026-03-11 15:06:34,594 - INFO - Screenshot eliminado: C9_04_formulario_orden.png
2026-03-11 15:06:34,596 - INFO - Screenshot eliminado: C9_07_pantalla_garantias_01.png
2026-03-11 15:06:34,597 - INFO - Screenshot eliminado: C9_06_item_con_garantias_procesadas_01.png
2026-03-11 15:06:34,598 - INFO - Screenshot eliminado: C9_12_antes_enlazar_cliente.png
2026-03-11 15:06:34,600 - INFO - Screenshot eliminado: C9_13_formulario_cliente.png
2026-03-11 15:06:34,601 - INFO - Screenshot eliminado: C9_14_cliente_ingresado.png
2026-03-11 15:06:34,602 - INFO - Screenshot eliminado: C9_15_primer_next.png
2026-03-11 15:06:34,603 - INFO - Screenshot eliminado: C9_16_segundo_next.png
2026-03-11 15:06:34,605 - INFO - Screenshot eliminado: C9_17_antes_entrega_cliente.png
2026-03-11 15:06:34,607 - INFO - Screenshot eliminado: C9_18_menu_transaction_options.png
2026-03-11 15:06:34,609 - INFO - Screenshot eliminado: C9_19_formulario_entrega.png
2026-03-11 15:06:34,610 - INFO - Screenshot eliminado: C9_17_antes_finalizar.png
2026-03-11 15:06:34,611 - INFO - Screenshot eliminado: C9_18_antes_finalizar.png
2026-03-11 15:06:34,612 - INFO - Screenshot eliminado: C9_21_print_completado.png
2026-03-11 15:06:34,613 - INFO - 15 screenshots eliminados para esta cotización
2026-03-11 15:06:34,613 - INFO - Cotización 9 completada: 1160921926000M
2026-03-11 15:06:36,614 - INFO - 
🔄 PROCESANDO COTIZACIÓN 10/13: 10
2026-03-11 15:06:36,615 - INFO - === PASO 4: INICIAR ORDEN DE COMPRA ===
2026-03-11 15:06:36,615 - INFO - Buscando botón 'Comience una Orden de Compra'...
2026-03-11 15:06:36,759 - INFO - Screenshot capturado: C10_02_dashboard.png
2026-03-11 15:06:36,760 - INFO - Intentando selector 1: /html/body/div[2]/div[4]/div/div/div[1]/a[1]/input
2026-03-11 15:06:36,760 - INFO - Esperando que botón orden selector 1 sea visible (timeout: 300s, se reinicia con progreso)...
2026-03-11 15:06:36,783 - INFO - PROGRESO: botón orden selector 1 visible - REINICIANDO timeout
2026-03-11 15:06:36,804 - INFO - OK - botón orden selector 1 listo después de 0.0s
2026-03-11 15:06:37,352 - INFO - Click exitoso en botón orden selector 1
2026-03-11 15:06:38,431 - INFO - Screenshot capturado: C10_04_formulario_orden.png
2026-03-11 15:06:38,431 - INFO - Click realizado en botón orden
2026-03-11 15:06:38,431 - INFO - Preparando nueva cotización...
2026-03-11 15:06:43,448 - INFO - ✓ Storage del navegador limpiado
2026-03-11 15:06:43,452 - INFO - ✓ Página estabilizada para nueva cotización
2026-03-11 15:06:43,453 - INFO - ✓ Sistema listo para siguiente cotización automática
2026-03-11 15:06:44,454 - INFO - Configuración - Garantías: NO, Descuento: NO, Créditos: NO, Entrega: SI, Tipo Entrega: cliente llevará
2026-03-11 15:06:44,455 - INFO - === PASO 5: EXTRAER NÚMERO COTIZACIÓN ===
2026-03-11 15:06:44,455 - INFO - === EXTRAYENDO NÚMERO DE COTIZACIÓN INICIAL ===
2026-03-11 15:06:46,490 - INFO - Número encontrado con selector: li.quotationNumberTitle p:last-child
2026-03-11 15:06:46,490 - INFO - Número de cotización: 1160921926000N
2026-03-11 15:06:46,490 - INFO - Número base extraído: 1160921926000N
2026-03-11 15:06:46,491 - INFO - Número único generado: 1160921926000N_6490
2026-03-11 15:06:46,491 - INFO - === PASO 6: AGREGAR ITEMS ============================================================================
2026-03-11 15:06:46,492 - INFO - --- ITEM 1/3 ---
2026-03-11 15:06:46,492 - INFO - === MÓDULO 3: AGREGAR ITEM 1 ===
2026-03-11 15:06:46,492 - INFO - Código: 463101900011, Cantidad: 1
2026-03-11 15:06:46,493 - INFO - Esperando que campo búsqueda item 1 sea visible (timeout: 300s, se reinicia con progreso)...
2026-03-11 15:06:46,512 - INFO - PROGRESO: campo búsqueda item 1 visible - REINICIANDO timeout
2026-03-11 15:06:46,532 - INFO - OK - campo búsqueda item 1 listo después de 0.0s
2026-03-11 15:06:46,573 - INFO - Código 463101900011 ingresado en campo búsqueda
2026-03-11 15:06:46,593 - INFO - Enter enviado para búsqueda
2026-03-11 15:06:49,380 - INFO - Mensaje informativo (ignorado): Error
close
ERROR TO OBTAIN THE PARAMATER: permitirNoInventariadosSeguros...
2026-03-11 15:06:49,380 - INFO - Item 463101900011 procesado correctamente
2026-03-11 15:06:49,381 - INFO - === MÓDULO 4: GARANTÍAS ITEM 1 ===
2026-03-11 15:06:49,382 - INFO - Garantía: RECHAZAR
2026-03-11 15:06:50,486 - INFO - Screenshot capturado: C10_07_pantalla_garantias_01.png
2026-03-11 15:06:56,528 - INFO - Botón No Thanks encontrado - rechazando garantía
2026-03-11 15:06:56,561 - INFO - Click en No Thanks
2026-03-11 15:06:57,692 - INFO - Screenshot capturado: C10_06_item_con_garantias_procesadas_01.png
2026-03-11 15:06:57,693 - INFO - Garantías procesadas para item 1
2026-03-11 15:06:57,694 - INFO - --- ITEM 2/3 ---
2026-03-11 15:06:57,694 - INFO - === MÓDULO 3: AGREGAR ITEM 2 ===
2026-03-11 15:06:57,694 - INFO - Código: 463913600017, Cantidad: 1
2026-03-11 15:06:57,695 - INFO - Esperando que campo búsqueda item 2 sea visible (timeout: 300s, se reinicia con progreso)...
2026-03-11 15:06:57,734 - INFO - PROGRESO: campo búsqueda item 2 visible - REINICIANDO timeout
2026-03-11 15:06:57,765 - INFO - OK - campo búsqueda item 2 listo después de 0.0s
2026-03-11 15:06:57,809 - INFO - Código 463913600017 ingresado en campo búsqueda
2026-03-11 15:06:57,829 - INFO - Enter enviado para búsqueda
2026-03-11 15:07:01,083 - INFO - Mensaje informativo (ignorado): Error
close
ERROR TO OBTAIN THE PARAMATER: permitirNoInventariadosSeguros...
2026-03-11 15:07:01,083 - INFO - Item 463913600017 procesado correctamente
2026-03-11 15:07:01,084 - INFO - === MÓDULO 4: GARANTÍAS ITEM 2 ===
2026-03-11 15:07:01,084 - INFO - Garantía: RECHAZAR
2026-03-11 15:07:02,192 - INFO - Screenshot capturado: C10_07_pantalla_garantias_02.png
2026-03-11 15:07:08,238 - INFO - Botón No Thanks encontrado - rechazando garantía
2026-03-11 15:07:08,273 - INFO - Click en No Thanks
2026-03-11 15:07:09,451 - INFO - Screenshot capturado: C10_06_item_con_garantias_procesadas_02.png
2026-03-11 15:07:09,452 - INFO - Garantías procesadas para item 2
2026-03-11 15:07:09,454 - INFO - --- ITEM 3/3 ---
2026-03-11 15:07:09,455 - INFO - === MÓDULO 3: AGREGAR ITEM 3 ===
2026-03-11 15:07:09,456 - INFO - Código: 457197200018, Cantidad: 1
2026-03-11 15:07:09,457 - INFO - Esperando que campo búsqueda item 3 sea visible (timeout: 300s, se reinicia con progreso)...
2026-03-11 15:07:09,489 - INFO - PROGRESO: campo búsqueda item 3 visible - REINICIANDO timeout
2026-03-11 15:07:09,521 - INFO - OK - campo búsqueda item 3 listo después de 0.0s
2026-03-11 15:07:09,574 - INFO - Código 457197200018 ingresado en campo búsqueda
2026-03-11 15:07:09,607 - INFO - Enter enviado para búsqueda
2026-03-11 15:07:13,953 - INFO - Mensaje informativo (ignorado): Error
close
ERROR TO OBTAIN THE PARAMATER: permitirNoInventariadosSeguros...
2026-03-11 15:07:13,953 - INFO - Item 457197200018 procesado correctamente
2026-03-11 15:07:13,954 - INFO - === MÓDULO 4: GARANTÍAS ITEM 3 ===
2026-03-11 15:07:13,954 - INFO - Garantía: RECHAZAR
2026-03-11 15:07:15,084 - INFO - Screenshot capturado: C10_07_pantalla_garantias_03.png
2026-03-11 15:07:21,129 - INFO - Botón No Thanks encontrado - rechazando garantía
2026-03-11 15:07:21,161 - INFO - Click en No Thanks
2026-03-11 15:07:22,215 - INFO - Screenshot capturado: C10_06_item_con_garantias_procesadas_03.png
2026-03-11 15:07:22,215 - INFO - Garantías procesadas para item 3
2026-03-11 15:07:22,215 - INFO - === PASO 7: ENLAZAR CUSTOMER ==========================================================================
2026-03-11 15:07:22,216 - INFO - === MÓDULO 5: ENLAZAR CUSTOMER ===
2026-03-11 15:07:22,276 - INFO - Screenshot capturado: C10_12_antes_enlazar_cliente.png
2026-03-11 15:07:27,317 - INFO - Enlace cliente encontrado: /html/body/div[2]/div[3]/div[28]/div[3]/h4/a
2026-03-11 15:07:27,367 - INFO - Click en enlace cliente
2026-03-11 15:07:30,493 - INFO - Screenshot capturado: C10_13_formulario_cliente.png
2026-03-11 15:07:31,836 - INFO - Cliente 013803328 ingresado
2026-03-11 15:07:32,918 - INFO - Screenshot capturado: C10_14_cliente_ingresado.png
2026-03-11 15:07:33,512 - INFO - Primer Next
2026-03-11 15:07:36,617 - INFO - Screenshot capturado: C10_15_primer_next.png
2026-03-11 15:07:40,548 - INFO - Segundo Next
2026-03-11 15:07:43,649 - INFO - Screenshot capturado: C10_16_segundo_next.png
2026-03-11 15:07:43,650 - INFO - Customer enlazado exitosamente
2026-03-11 15:07:43,651 - INFO - === PASO 8: CONFIGURAR ENTREGA ====================================================================
2026-03-11 15:07:43,651 - INFO - === MÓDULO 6: DESPACHO/ENTREGA ===
2026-03-11 15:07:43,652 - INFO - Despacho/Entrega: CONFIGURAR
2026-03-11 15:07:43,652 - INFO - Tipo de entrega: cliente llevará
2026-03-11 15:07:43,755 - INFO - Screenshot capturado: C10_17_antes_entrega_cliente.png
2026-03-11 15:07:43,756 - INFO - Paso 1: Buscando botón Transaction Options
2026-03-11 15:07:46,794 - INFO - ✓ Transaction Options encontrado con: transactionOptionsBtn
2026-03-11 15:07:46,828 - INFO - Click en Transaction Options exitoso
2026-03-11 15:07:49,959 - INFO - Screenshot capturado: C10_18_menu_transaction_options.png
2026-03-11 15:07:49,960 - INFO - Paso 2: Seleccionando opción de entrega
2026-03-11 15:07:50,018 - INFO - Opción de entrega seleccionada
2026-03-11 15:07:53,148 - INFO - Screenshot capturado: C10_19_formulario_entrega.png
2026-03-11 15:07:53,152 - INFO - Paso 3: Llenando datos del formulario
2026-03-11 15:07:53,222 - INFO - Nombre 1 ingresado: ELISEO AMILCAR LOPEZ + Enter
2026-03-11 15:07:54,296 - INFO - Nombre 2 ingresado: MARGARITA PORTILLO DE LOPEZ + Enter
2026-03-11 15:07:55,369 - INFO - ✓ Campo adicional (div[4]) ingresado: ELISEO LOPEZ + Enter
2026-03-11 15:07:56,370 - INFO - Paso 4: Configurando select MADRE
2026-03-11 15:07:56,675 - INFO - Select MADRE abierto
2026-03-11 15:07:58,462 - INFO - ✓ Opción MADRE seleccionada
2026-03-11 15:07:59,463 - INFO - Paso 4B: Configurando transportador (relationship)
2026-03-11 15:07:59,772 - INFO - ✓ Select TRANSPORTADOR abierto con: /html/body/div[2]/form/div[1]/div/div[2]/div[6]/span[2]/span/a
2026-03-11 15:08:01,048 - INFO - ✓ Opción TRANSPORTADOR seleccionada
2026-03-11 15:08:02,051 - INFO - Paso 5: Configurando tipo de entrega: cliente llevará
2026-03-11 15:08:02,319 - INFO - ✓ Select TIPO ENTREGA abierto
2026-03-11 15:08:03,585 - INFO - ✓ Tipo entrega seleccionado: Cliente llevará (Cliente Recoge)
2026-03-11 15:08:05,586 - INFO - Paso 6: Configurando lugar de salida (Bodega Nejapa)
2026-03-11 15:08:05,703 - INFO - ✓ Texto escrito: BODEGA 94 NEJAPA
2026-03-11 15:08:07,983 - INFO - ✓ Opción clickeada del dropdown: BODEGA 94 NEJAPA
2026-03-11 15:08:12,998 - INFO - ℹ️ No se requiere OK para lugar de salida
2026-03-11 15:08:14,999 - INFO - Paso 7: Configurando transporte (11094 - BODEGA 94 NEJAPA)
2026-03-11 15:08:17,026 - INFO - ✓ Caja de texto del transporte encontrada
2026-03-11 15:08:17,802 - INFO - ✓ Texto escrito: BODEGA 94 NEJAPA
2026-03-11 15:08:18,803 - INFO - -Buscando opción '11094 - BODEGA 94 NEJAPA' en dropdown...
2026-03-11 15:08:18,803 - INFO - Intentando con selector: //li[@class='ui-menu-item']//a[contains(text(), '11094 - BODEGA 94 NEJAPA')]
2026-03-11 15:08:19,880 - INFO - Intentando con selector: //li[@role='menuitem']//a[contains(text(), '11094 - BODEGA 94 NEJAPA')]
2026-03-11 15:08:20,954 - INFO - Intentando con selector: //li[contains(@class, 'ui-menu-item')]//a[contains(text(), 'BODEGA 94 NEJAPA')]
2026-03-11 15:08:22,024 - INFO - Intentando con selector: //ul[contains(@class, 'ui-autocomplete')]//a[contains(text(), '11094')]
2026-03-11 15:08:23,085 - INFO - Intentando con selector: //a[@class='ui-corner-all'][contains(text(), '11094 - BODEGA 94 NEJAPA')]
2026-03-11 15:08:24,138 - INFO - Intentando con selector: /html/body/ul[4]/li/a
2026-03-11 15:08:25,197 - INFO - 🔄 Fallback: Usando flecha abajo + Enter...
2026-03-11 15:08:25,765 - INFO - ✓ Flecha abajo + Enter ejecutado
2026-03-11 15:08:26,789 - INFO - 🔍 Verificación final: Input='11094 - BODEGA 94 NEJAPA', Select='11094'
2026-03-11 15:08:26,790 - INFO - ✅ TRANSPORTE CONFIGURADO EXITOSAMENTE
2026-03-11 15:08:29,790 - INFO - Paso 8: Agregando instrucciones
2026-03-11 15:08:34,809 - WARNING - Error agregando instrucciones: Message: Unable to locate element: //*[@id='instructions']; For documentation on this error, please visit: https://www.selenium.dev/documentation/webdriver/troubleshooting/errors#nosuchelementexception
Stacktrace:
RemoteError@chrome://remote/content/shared/RemoteError.sys.mjs:8:8
WebDriverError@chrome://remote/content/shared/webdriver/Errors.sys.mjs:187:5
NoSuchElementError@chrome://remote/content/shared/webdriver/Errors.sys.mjs:505:5
element.find/</<@chrome://remote/content/marionette/element.sys.mjs:135:16

2026-03-11 15:08:34,809 - INFO - Paso 9: Enviando formulario de entrega
2026-03-11 15:08:39,819 - WARNING - Error enviando formulario: Message: Unable to locate element: /html/body/div[2]/form/div[2]/button; For documentation on this error, please visit: https://www.selenium.dev/documentation/webdriver/troubleshooting/errors#nosuchelementexception
Stacktrace:
RemoteError@chrome://remote/content/shared/RemoteError.sys.mjs:8:8
WebDriverError@chrome://remote/content/shared/webdriver/Errors.sys.mjs:187:5
NoSuchElementError@chrome://remote/content/shared/webdriver/Errors.sys.mjs:505:5
element.find/</<@chrome://remote/content/marionette/element.sys.mjs:135:16

2026-03-11 15:08:39,820 - WARNING - ⚠️ Error en despacho, continuando...
2026-03-11 15:08:39,820 - INFO - === PASO 11: FINALIZAR COTIZACIÓN ===
2026-03-11 15:08:39,820 - INFO - === FINALIZANDO COTIZACIÓN ===
2026-03-11 15:08:39,868 - INFO - Screenshot capturado: C10_17_antes_finalizar.png
2026-03-11 15:08:41,874 - INFO - PASO 1: Click en botón finalizar
2026-03-11 15:08:44,923 - INFO - ✓ Botón finalizar encontrado con: /html/body/div[2]/div[4]/div/div/div[3]/form[1]/button
2026-03-11 15:08:45,005 - INFO - Screenshot capturado: C10_18_antes_finalizar.png
2026-03-11 15:08:45,005 - INFO - 🔧 Preservando datos de sesión...
2026-03-11 15:08:45,018 - INFO - 📝 Sesión preservada - OrderID: undefined, SessionData: 
2026-03-11 15:08:45,053 - INFO - ✓ Click en botón finalizar exitoso
2026-03-11 15:08:48,066 - INFO - 🖨️ Elementos printer encontrados: 18
2026-03-11 15:08:48,100 - INFO -   Elemento 1: tag=form, id=printForm, class=
2026-03-11 15:08:48,127 - INFO -   Elemento 2: tag=div, id=, class=printingBox
2026-03-11 15:08:48,152 - INFO -   Elemento 3: tag=input, id=printerGroup, class=printerRadioButton btnFloatRight
2026-03-11 15:08:48,178 - INFO -   Elemento 4: tag=input, id=printerName0, class=
2026-03-11 15:08:48,202 - INFO -   Elemento 5: tag=input, id=printerLocation0, class=
2026-03-11 15:08:48,212 - INFO - 📋 Modales encontrados: 222
2026-03-11 15:08:48,233 - INFO -   Modal 1: tag=div, id=itemInquiryDialog, visible=False
2026-03-11 15:08:48,253 - INFO -   Modal 2: tag=div, id=, visible=False
2026-03-11 15:08:48,275 - INFO -   Modal 3: tag=div, id=, visible=False
2026-03-11 15:08:48,285 - INFO - 📝 Formularios encontrados: 62
2026-03-11 15:08:48,286 - INFO - 🔍 MONITOREANDO ESTADO POST-SAVE...
2026-03-11 15:08:49,293 - INFO - 📍 Segundo 1: URL = http://ursvtols8b3c:8080/engage-unicomer-web/saleOrder/saveAndPrint
2026-03-11 15:08:49,298 - INFO - 📄 Segundo 1: Título = Grupo Unicomer
2026-03-11 15:08:50,800 - INFO - 🔘 Segundo 1: Botones visibles = ['Search', 'Item Inquiry', 'Transaction Options', 'Save & Print', 'Save']
2026-03-11 15:08:50,816 - INFO - 🖨️ Segundo 1: Printer Group encontrado! Visible=True
2026-03-11 15:08:50,816 - INFO - ✅ PRINTER GROUP DISPONIBLE - Procediendo a hacer click...
2026-03-11 15:08:51,061 - INFO - ✓ Default Printer seleccionado: //*[@id='printerGroup']
2026-03-11 15:08:52,088 - INFO - 🖨️ Botón print encontrado: //button[@id='defaultSubmitPrintButton']
2026-03-11 15:08:52,105 - INFO - ✅ CLICK EN BOTÓN IMPRIMIR EXITOSO
2026-03-11 15:08:54,157 - INFO - ✅ CONFIRMACIÓN FINAL EXITOSA
2026-03-11 15:08:54,225 - INFO - Screenshot capturado: C10_21_print_completado.png
2026-03-11 15:08:54,226 - INFO - ✅ Finalización exitosa
2026-03-11 15:08:54,226 - INFO - === PASO 12: GENERAR REPORTE INDIVIDUAL ===
2026-03-11 15:08:54,227 - INFO - Generando reporte para cotización 10 con número 1160921926000N
2026-03-11 15:08:54,227 - INFO - Screenshots disponibles: 19
2026-03-11 15:08:54,227 - INFO - 🔄 Generando reporte para cotización 10: 1160921926000N
2026-03-11 15:08:54,377 - INFO - ✅ Excel actualizado - Cotización 10: 1160921926000N
2026-03-11 15:08:54,659 - INFO - Reporte ejecutivo generado: Reporte_cotizacion_1160921926000N.docx
2026-03-11 15:08:54,660 - INFO - Archivo verificado: 1817614 bytes
2026-03-11 15:08:54,661 - INFO - Reporte Word generado exitosamente para cotización 10
2026-03-11 15:08:54,661 - INFO - Iniciando limpieza de screenshots después de generar reporte
2026-03-11 15:08:54,662 - INFO - Screenshot eliminado: C10_02_dashboard.png
2026-03-11 15:08:54,663 - INFO - Screenshot eliminado: C10_04_formulario_orden.png
2026-03-11 15:08:54,665 - INFO - Screenshot eliminado: C10_07_pantalla_garantias_01.png
2026-03-11 15:08:54,666 - INFO - Screenshot eliminado: C10_06_item_con_garantias_procesadas_01.png
2026-03-11 15:08:54,667 - INFO - Screenshot eliminado: C10_07_pantalla_garantias_02.png
2026-03-11 15:08:54,669 - INFO - Screenshot eliminado: C10_06_item_con_garantias_procesadas_02.png
2026-03-11 15:08:54,671 - INFO - Screenshot eliminado: C10_07_pantalla_garantias_03.png
2026-03-11 15:08:54,674 - INFO - Screenshot eliminado: C10_06_item_con_garantias_procesadas_03.png
2026-03-11 15:08:54,675 - INFO - Screenshot eliminado: C10_12_antes_enlazar_cliente.png
2026-03-11 15:08:54,677 - INFO - Screenshot eliminado: C10_13_formulario_cliente.png
2026-03-11 15:08:54,678 - INFO - Screenshot eliminado: C10_14_cliente_ingresado.png
2026-03-11 15:08:54,679 - INFO - Screenshot eliminado: C10_15_primer_next.png
2026-03-11 15:08:54,681 - INFO - Screenshot eliminado: C10_16_segundo_next.png
2026-03-11 15:08:54,682 - INFO - Screenshot eliminado: C10_17_antes_entrega_cliente.png
2026-03-11 15:08:54,683 - INFO - Screenshot eliminado: C10_18_menu_transaction_options.png
2026-03-11 15:08:54,685 - INFO - Screenshot eliminado: C10_19_formulario_entrega.png
2026-03-11 15:08:54,686 - INFO - Screenshot eliminado: C10_17_antes_finalizar.png
2026-03-11 15:08:54,688 - INFO - Screenshot eliminado: C10_18_antes_finalizar.png
2026-03-11 15:08:54,691 - INFO - Screenshot eliminado: C10_21_print_completado.png
2026-03-11 15:08:54,692 - INFO - 19 screenshots eliminados para esta cotización
2026-03-11 15:08:54,692 - INFO - Cotización 10 completada: 1160921926000N
2026-03-11 15:08:56,693 - INFO - 
🔄 PROCESANDO COTIZACIÓN 11/13: 11
2026-03-11 15:08:56,694 - INFO - === PASO 4: INICIAR ORDEN DE COMPRA ===
2026-03-11 15:08:56,694 - INFO - Buscando botón 'Comience una Orden de Compra'...
2026-03-11 15:08:56,756 - INFO - Screenshot capturado: C11_02_dashboard.png
2026-03-11 15:08:56,756 - INFO - Intentando selector 1: /html/body/div[2]/div[4]/div/div/div[1]/a[1]/input
2026-03-11 15:08:56,756 - INFO - Esperando que botón orden selector 1 sea visible (timeout: 300s, se reinicia con progreso)...
2026-03-11 15:08:56,774 - INFO - PROGRESO: botón orden selector 1 visible - REINICIANDO timeout
2026-03-11 15:08:56,790 - INFO - OK - botón orden selector 1 listo después de 0.0s
2026-03-11 15:08:57,332 - INFO - Click exitoso en botón orden selector 1
2026-03-11 15:08:58,402 - INFO - Screenshot capturado: C11_04_formulario_orden.png
2026-03-11 15:08:58,403 - INFO - Click realizado en botón orden
2026-03-11 15:08:58,403 - INFO - Preparando nueva cotización...
2026-03-11 15:09:03,422 - INFO - ✓ Storage del navegador limpiado
2026-03-11 15:09:03,427 - INFO - ✓ Página estabilizada para nueva cotización
2026-03-11 15:09:03,428 - INFO - ✓ Sistema listo para siguiente cotización automática
2026-03-11 15:09:04,430 - INFO - Configuración - Garantías: NO, Descuento: NO, Créditos: NO, Entrega: SI, Tipo Entrega: cliente llevará
2026-03-11 15:09:04,430 - INFO - === PASO 5: EXTRAER NÚMERO COTIZACIÓN ===
2026-03-11 15:09:04,431 - INFO - === EXTRAYENDO NÚMERO DE COTIZACIÓN INICIAL ===
2026-03-11 15:09:06,474 - INFO - Número encontrado con selector: li.quotationNumberTitle p:last-child
2026-03-11 15:09:06,474 - INFO - Número de cotización: 1160921926000P
2026-03-11 15:09:06,475 - INFO - Número base extraído: 1160921926000P
2026-03-11 15:09:06,476 - INFO - Número único generado: 1160921926000P_6475
2026-03-11 15:09:06,476 - INFO - === PASO 6: AGREGAR ITEMS ============================================================================
2026-03-11 15:09:06,477 - INFO - --- ITEM 1/1 ---
2026-03-11 15:09:06,477 - INFO - === MÓDULO 3: AGREGAR ITEM 1 ===
2026-03-11 15:09:06,478 - INFO - Código: 462648500012, Cantidad: 1
2026-03-11 15:09:06,479 - INFO - Esperando que campo búsqueda item 1 sea visible (timeout: 300s, se reinicia con progreso)...
2026-03-11 15:09:06,508 - INFO - PROGRESO: campo búsqueda item 1 visible - REINICIANDO timeout
2026-03-11 15:09:06,527 - INFO - OK - campo búsqueda item 1 listo después de 0.0s
2026-03-11 15:09:06,581 - INFO - Código 462648500012 ingresado en campo búsqueda
2026-03-11 15:09:06,602 - INFO - Enter enviado para búsqueda
2026-03-11 15:09:09,702 - INFO - Mensaje informativo (ignorado): Error
close
ERROR TO OBTAIN THE PARAMATER: permitirNoInventariadosSeguros...
2026-03-11 15:09:09,703 - INFO - Item 462648500012 procesado correctamente
2026-03-11 15:09:09,704 - INFO - === MÓDULO 4: GARANTÍAS ITEM 1 ===
2026-03-11 15:09:09,704 - INFO - Garantía: RECHAZAR
2026-03-11 15:09:10,783 - INFO - Screenshot capturado: C11_07_pantalla_garantias_01.png
2026-03-11 15:09:16,833 - INFO - Botón No Thanks encontrado - rechazando garantía
2026-03-11 15:09:16,874 - INFO - Click en No Thanks
2026-03-11 15:09:17,970 - INFO - Screenshot capturado: C11_06_item_con_garantias_procesadas_01.png
2026-03-11 15:09:17,971 - INFO - Garantías procesadas para item 1
2026-03-11 15:09:17,972 - INFO - === PASO 7: ENLAZAR CUSTOMER ==========================================================================
2026-03-11 15:09:17,972 - INFO - === MÓDULO 5: ENLAZAR CUSTOMER ===
2026-03-11 15:09:18,040 - INFO - Screenshot capturado: C11_12_antes_enlazar_cliente.png
2026-03-11 15:09:23,076 - INFO - Enlace cliente encontrado: /html/body/div[2]/div[3]/div[28]/div[3]/h4/a
2026-03-11 15:09:23,100 - INFO - Click en enlace cliente
2026-03-11 15:09:26,200 - INFO - Screenshot capturado: C11_13_formulario_cliente.png
2026-03-11 15:09:27,496 - INFO - Cliente 013803328 ingresado
2026-03-11 15:09:28,557 - INFO - Screenshot capturado: C11_14_cliente_ingresado.png
2026-03-11 15:09:29,401 - INFO - Primer Next
2026-03-11 15:09:32,477 - INFO - Screenshot capturado: C11_15_primer_next.png
2026-03-11 15:09:35,196 - INFO - Segundo Next
2026-03-11 15:09:38,261 - INFO - Screenshot capturado: C11_16_segundo_next.png
2026-03-11 15:09:38,262 - INFO - Customer enlazado exitosamente
2026-03-11 15:09:38,262 - INFO - === PASO 8: CONFIGURAR ENTREGA ====================================================================
2026-03-11 15:09:38,263 - INFO - === MÓDULO 6: DESPACHO/ENTREGA ===
2026-03-11 15:09:38,263 - INFO - Despacho/Entrega: CONFIGURAR
2026-03-11 15:09:38,263 - INFO - Tipo de entrega: cliente llevará
2026-03-11 15:09:38,325 - INFO - Screenshot capturado: C11_17_antes_entrega_cliente.png
2026-03-11 15:09:38,326 - INFO - Paso 1: Buscando botón Transaction Options
2026-03-11 15:09:41,359 - INFO - ✓ Transaction Options encontrado con: transactionOptionsBtn
2026-03-11 15:09:41,379 - INFO - Click en Transaction Options exitoso
2026-03-11 15:09:44,513 - INFO - Screenshot capturado: C11_18_menu_transaction_options.png
2026-03-11 15:09:44,513 - INFO - Paso 2: Seleccionando opción de entrega
2026-03-11 15:09:44,563 - INFO - Opción de entrega seleccionada
2026-03-11 15:09:47,629 - INFO - Screenshot capturado: C11_19_formulario_entrega.png
2026-03-11 15:09:47,630 - INFO - Paso 3: Llenando datos del formulario
2026-03-11 15:09:47,712 - INFO - Nombre 1 ingresado: ELISEO AMILCAR LOPEZ + Enter
2026-03-11 15:09:48,759 - INFO - Nombre 2 ingresado: MARGARITA PORTILLO DE LOPEZ + Enter
2026-03-11 15:09:49,834 - INFO - ✓ Campo adicional (div[4]) ingresado: ELISEO LOPEZ + Enter
2026-03-11 15:09:50,835 - INFO - Paso 4: Configurando select MADRE
2026-03-11 15:09:51,107 - INFO - Select MADRE abierto
2026-03-11 15:09:52,880 - INFO - ✓ Opción MADRE seleccionada
2026-03-11 15:09:53,881 - INFO - Paso 4B: Configurando transportador (relationship)
2026-03-11 15:09:54,135 - INFO - ✓ Select TRANSPORTADOR abierto con: /html/body/div[2]/form/div[1]/div/div[2]/div[6]/span[2]/span/a
2026-03-11 15:09:55,378 - INFO - ✓ Opción TRANSPORTADOR seleccionada
2026-03-11 15:09:56,379 - INFO - Paso 5: Configurando tipo de entrega: cliente llevará
2026-03-11 15:09:56,661 - INFO - ✓ Select TIPO ENTREGA abierto
2026-03-11 15:09:57,916 - INFO - ✓ Tipo entrega seleccionado: Cliente llevará (Cliente Recoge)
2026-03-11 15:09:59,917 - INFO - Paso 6: Configurando lugar de salida (Bodega Nejapa)
2026-03-11 15:09:59,986 - INFO - ✓ Texto escrito: BODEGA 94 NEJAPA
2026-03-11 15:10:02,248 - INFO - ✓ Opción clickeada del dropdown: BODEGA 94 NEJAPA
2026-03-11 15:10:07,261 - INFO - ℹ️ No se requiere OK para lugar de salida
2026-03-11 15:10:09,262 - INFO - Paso 7: Configurando transporte (11094 - BODEGA 94 NEJAPA)
2026-03-11 15:10:11,286 - INFO - ✓ Caja de texto del transporte encontrada
2026-03-11 15:10:12,065 - INFO - ✓ Texto escrito: BODEGA 94 NEJAPA
2026-03-11 15:10:13,066 - INFO - -Buscando opción '11094 - BODEGA 94 NEJAPA' en dropdown...
2026-03-11 15:10:13,067 - INFO - Intentando con selector: //li[@class='ui-menu-item']//a[contains(text(), '11094 - BODEGA 94 NEJAPA')]
2026-03-11 15:10:14,153 - INFO - Intentando con selector: //li[@role='menuitem']//a[contains(text(), '11094 - BODEGA 94 NEJAPA')]
2026-03-11 15:10:15,217 - INFO - Intentando con selector: //li[contains(@class, 'ui-menu-item')]//a[contains(text(), 'BODEGA 94 NEJAPA')]
2026-03-11 15:10:16,274 - INFO - Intentando con selector: //ul[contains(@class, 'ui-autocomplete')]//a[contains(text(), '11094')]
2026-03-11 15:10:17,329 - INFO - Intentando con selector: //a[@class='ui-corner-all'][contains(text(), '11094 - BODEGA 94 NEJAPA')]
2026-03-11 15:10:18,395 - INFO - Intentando con selector: /html/body/ul[4]/li/a
2026-03-11 15:10:19,535 - INFO - 🔄 Fallback: Usando flecha abajo + Enter...
2026-03-11 15:10:20,097 - INFO - ✓ Flecha abajo + Enter ejecutado
2026-03-11 15:10:21,112 - WARNING - Error verificando transporte: Message: The element with the reference 77ab88ea-53d0-46dd-8ae5-ea7f775a295d is stale; either its node document is not the active document, or it is no longer connected to the DOM; For documentation on this error, please visit: https://www.selenium.dev/documentation/webdriver/troubleshooting/errors#staleelementreferenceexception
Stacktrace:
RemoteError@chrome://remote/content/shared/RemoteError.sys.mjs:8:8
WebDriverError@chrome://remote/content/shared/webdriver/Errors.sys.mjs:187:5
StaleElementReferenceError@chrome://remote/content/shared/webdriver/Errors.sys.mjs:659:5
element.getKnownElement@chrome://remote/content/marionette/element.sys.mjs:509:11
deserializeJSON@chrome://remote/content/marionette/json.sys.mjs:233:33
cloneObject/result<@chrome://remote/content/marionette/json.sys.mjs:50:52
cloneObject@chrome://remote/content/marionette/json.sys.mjs:50:25
deserializeJSON@chrome://remote/content/marionette/json.sys.mjs:244:16
cloneObject@chrome://remote/content/marionette/json.sys.mjs:56:24
deserializeJSON@chrome://remote/content/marionette/json.sys.mjs:244:16
json.deserialize@chrome://remote/content/marionette/json.sys.mjs:248:10
receiveMessage@chrome://remote/content/marionette/actors/MarionetteCommandsChild.sys.mjs:85:30

2026-03-11 15:10:24,114 - INFO - Paso 8: Agregando instrucciones
2026-03-11 15:10:29,130 - WARNING - Error agregando instrucciones: Message: Unable to locate element: //*[@id='instructions']; For documentation on this error, please visit: https://www.selenium.dev/documentation/webdriver/troubleshooting/errors#nosuchelementexception
Stacktrace:
RemoteError@chrome://remote/content/shared/RemoteError.sys.mjs:8:8
WebDriverError@chrome://remote/content/shared/webdriver/Errors.sys.mjs:187:5
NoSuchElementError@chrome://remote/content/shared/webdriver/Errors.sys.mjs:505:5
element.find/</<@chrome://remote/content/marionette/element.sys.mjs:135:16

2026-03-11 15:10:29,130 - INFO - Paso 9: Enviando formulario de entrega
2026-03-11 15:10:34,146 - WARNING - Error enviando formulario: Message: Unable to locate element: /html/body/div[2]/form/div[2]/button; For documentation on this error, please visit: https://www.selenium.dev/documentation/webdriver/troubleshooting/errors#nosuchelementexception
Stacktrace:
RemoteError@chrome://remote/content/shared/RemoteError.sys.mjs:8:8
WebDriverError@chrome://remote/content/shared/webdriver/Errors.sys.mjs:187:5
NoSuchElementError@chrome://remote/content/shared/webdriver/Errors.sys.mjs:505:5
element.find/</<@chrome://remote/content/marionette/element.sys.mjs:135:16

2026-03-11 15:10:34,147 - WARNING - ⚠️ Error en despacho, continuando...
2026-03-11 15:10:34,148 - INFO - === PASO 11: FINALIZAR COTIZACIÓN ===
2026-03-11 15:10:34,149 - INFO - === FINALIZANDO COTIZACIÓN ===
2026-03-11 15:10:34,247 - INFO - Screenshot capturado: C11_17_antes_finalizar.png
2026-03-11 15:10:36,248 - INFO - PASO 1: Click en botón finalizar
2026-03-11 15:10:39,288 - INFO - ✓ Botón finalizar encontrado con: /html/body/div[2]/div[4]/div/div/div[3]/form[1]/button
2026-03-11 15:10:39,409 - INFO - Screenshot capturado: C11_18_antes_finalizar.png
2026-03-11 15:10:39,410 - INFO - 🔧 Preservando datos de sesión...
2026-03-11 15:10:39,422 - INFO - 📝 Sesión preservada - OrderID: undefined, SessionData: 
2026-03-11 15:10:39,447 - INFO - ✓ Click en botón finalizar exitoso
2026-03-11 15:10:42,464 - INFO - 🖨️ Elementos printer encontrados: 18
2026-03-11 15:10:42,504 - INFO -   Elemento 1: tag=form, id=printForm, class=
2026-03-11 15:10:42,529 - INFO -   Elemento 2: tag=div, id=, class=printingBox
2026-03-11 15:10:42,548 - INFO -   Elemento 3: tag=input, id=printerGroup, class=printerRadioButton btnFloatRight
2026-03-11 15:10:42,567 - INFO -   Elemento 4: tag=input, id=printerName0, class=
2026-03-11 15:10:42,585 - INFO -   Elemento 5: tag=input, id=printerLocation0, class=
2026-03-11 15:10:42,594 - INFO - 📋 Modales encontrados: 156
2026-03-11 15:10:42,617 - INFO -   Modal 1: tag=div, id=itemInquiryDialog, visible=False
2026-03-11 15:10:42,638 - INFO -   Modal 2: tag=div, id=, visible=False
2026-03-11 15:10:42,658 - INFO -   Modal 3: tag=div, id=, visible=False
2026-03-11 15:10:42,665 - INFO - 📝 Formularios encontrados: 44
2026-03-11 15:10:42,666 - INFO - 🔍 MONITOREANDO ESTADO POST-SAVE...
2026-03-11 15:10:43,674 - INFO - 📍 Segundo 1: URL = http://ursvtols8b3c:8080/engage-unicomer-web/saleOrder/saveAndPrint
2026-03-11 15:10:43,679 - INFO - 📄 Segundo 1: Título = Grupo Unicomer
2026-03-11 15:10:44,855 - INFO - 🔘 Segundo 1: Botones visibles = ['Search', 'Item Inquiry', 'Transaction Options', 'Save & Print', 'Save']
2026-03-11 15:10:44,866 - INFO - 🖨️ Segundo 1: Printer Group encontrado! Visible=True
2026-03-11 15:10:44,867 - INFO - ✅ PRINTER GROUP DISPONIBLE - Procediendo a hacer click...
2026-03-11 15:10:45,101 - INFO - ✓ Default Printer seleccionado: //*[@id='printerGroup']
2026-03-11 15:10:46,134 - INFO - 🖨️ Botón print encontrado: //button[@id='defaultSubmitPrintButton']
2026-03-11 15:10:46,155 - INFO - ✅ CLICK EN BOTÓN IMPRIMIR EXITOSO
2026-03-11 15:10:48,218 - INFO - ✅ CONFIRMACIÓN FINAL EXITOSA
2026-03-11 15:10:48,301 - INFO - Screenshot capturado: C11_21_print_completado.png
2026-03-11 15:10:48,302 - INFO - ✅ Finalización exitosa
2026-03-11 15:10:48,302 - INFO - === PASO 12: GENERAR REPORTE INDIVIDUAL ===
2026-03-11 15:10:48,303 - INFO - Generando reporte para cotización 11 con número 1160921926000P
2026-03-11 15:10:48,303 - INFO - Screenshots disponibles: 15
2026-03-11 15:10:48,304 - INFO - 🔄 Generando reporte para cotización 11: 1160921926000P
2026-03-11 15:10:48,458 - INFO - ✅ Excel actualizado - Cotización 11: 1160921926000P
2026-03-11 15:10:48,678 - INFO - Reporte ejecutivo generado: Reporte_cotizacion_1160921926000P.docx
2026-03-11 15:10:48,679 - INFO - Archivo verificado: 1247451 bytes
2026-03-11 15:10:48,680 - INFO - Reporte Word generado exitosamente para cotización 11
2026-03-11 15:10:48,681 - INFO - Iniciando limpieza de screenshots después de generar reporte
2026-03-11 15:10:48,683 - INFO - Screenshot eliminado: C11_02_dashboard.png
2026-03-11 15:10:48,685 - INFO - Screenshot eliminado: C11_04_formulario_orden.png
2026-03-11 15:10:48,688 - INFO - Screenshot eliminado: C11_07_pantalla_garantias_01.png
2026-03-11 15:10:48,691 - INFO - Screenshot eliminado: C11_06_item_con_garantias_procesadas_01.png
2026-03-11 15:10:48,697 - INFO - Screenshot eliminado: C11_12_antes_enlazar_cliente.png
2026-03-11 15:10:48,700 - INFO - Screenshot eliminado: C11_13_formulario_cliente.png
2026-03-11 15:10:48,702 - INFO - Screenshot eliminado: C11_14_cliente_ingresado.png
2026-03-11 15:10:48,704 - INFO - Screenshot eliminado: C11_15_primer_next.png
2026-03-11 15:10:48,708 - INFO - Screenshot eliminado: C11_16_segundo_next.png
2026-03-11 15:10:48,712 - INFO - Screenshot eliminado: C11_17_antes_entrega_cliente.png
2026-03-11 15:10:48,715 - INFO - Screenshot eliminado: C11_18_menu_transaction_options.png
2026-03-11 15:10:48,718 - INFO - Screenshot eliminado: C11_19_formulario_entrega.png
2026-03-11 15:10:48,719 - INFO - Screenshot eliminado: C11_17_antes_finalizar.png
2026-03-11 15:10:48,721 - INFO - Screenshot eliminado: C11_18_antes_finalizar.png
2026-03-11 15:10:48,722 - INFO - Screenshot eliminado: C11_21_print_completado.png
2026-03-11 15:10:48,722 - INFO - 15 screenshots eliminados para esta cotización
2026-03-11 15:10:48,723 - INFO - Cotización 11 completada: 1160921926000P
2026-03-11 15:10:50,723 - INFO - 
🔄 PROCESANDO COTIZACIÓN 12/13: 12
2026-03-11 15:10:50,724 - INFO - === PASO 4: INICIAR ORDEN DE COMPRA ===
2026-03-11 15:10:50,725 - INFO - Buscando botón 'Comience una Orden de Compra'...
2026-03-11 15:10:50,822 - INFO - Screenshot capturado: C12_02_dashboard.png
2026-03-11 15:10:50,823 - INFO - Intentando selector 1: /html/body/div[2]/div[4]/div/div/div[1]/a[1]/input
2026-03-11 15:10:50,824 - INFO - Esperando que botón orden selector 1 sea visible (timeout: 300s, se reinicia con progreso)...
2026-03-11 15:10:50,930 - INFO - PROGRESO: botón orden selector 1 visible - REINICIANDO timeout
2026-03-11 15:10:50,951 - INFO - OK - botón orden selector 1 listo después de 0.0s
2026-03-11 15:10:51,489 - INFO - Click exitoso en botón orden selector 1
2026-03-11 15:10:52,551 - INFO - Screenshot capturado: C12_04_formulario_orden.png
2026-03-11 15:10:52,552 - INFO - Click realizado en botón orden
2026-03-11 15:10:52,552 - INFO - Preparando nueva cotización...
2026-03-11 15:10:57,574 - INFO - ✓ Storage del navegador limpiado
2026-03-11 15:10:57,578 - INFO - ✓ Página estabilizada para nueva cotización
2026-03-11 15:10:57,579 - INFO - ✓ Sistema listo para siguiente cotización automática
2026-03-11 15:10:58,580 - INFO - Configuración - Garantías: NO, Descuento: NO, Créditos: NO, Entrega: SI, Tipo Entrega: cliente llevará
2026-03-11 15:10:58,581 - INFO - === PASO 5: EXTRAER NÚMERO COTIZACIÓN ===
2026-03-11 15:10:58,581 - INFO - === EXTRAYENDO NÚMERO DE COTIZACIÓN INICIAL ===
2026-03-11 15:11:00,649 - INFO - Número encontrado con selector: li.quotationNumberTitle p:last-child
2026-03-11 15:11:00,649 - INFO - Número de cotización: 1160921926000Q
2026-03-11 15:11:00,650 - INFO - Número base extraído: 1160921926000Q
2026-03-11 15:11:00,650 - INFO - Número único generado: 1160921926000Q_650
2026-03-11 15:11:00,651 - INFO - === PASO 6: AGREGAR ITEMS ============================================================================
2026-03-11 15:11:00,651 - INFO - --- ITEM 1/4 ---
2026-03-11 15:11:00,653 - INFO - === MÓDULO 3: AGREGAR ITEM 1 ===
2026-03-11 15:11:00,653 - INFO - Código: 437754700007, Cantidad: 1
2026-03-11 15:11:00,654 - INFO - Esperando que campo búsqueda item 1 sea visible (timeout: 300s, se reinicia con progreso)...
2026-03-11 15:11:00,681 - INFO - PROGRESO: campo búsqueda item 1 visible - REINICIANDO timeout
2026-03-11 15:11:00,706 - INFO - OK - campo búsqueda item 1 listo después de 0.0s
2026-03-11 15:11:00,750 - INFO - Código 437754700007 ingresado en campo búsqueda
2026-03-11 15:11:00,777 - INFO - Enter enviado para búsqueda
2026-03-11 15:11:11,816 - INFO - Item 437754700007 procesado correctamente
2026-03-11 15:11:11,816 - INFO - === MÓDULO 4: GARANTÍAS ITEM 1 ===
2026-03-11 15:11:11,817 - INFO - Garantía: RECHAZAR
2026-03-11 15:11:12,904 - INFO - Screenshot capturado: C12_07_pantalla_garantias_01.png
2026-03-11 15:11:18,978 - INFO - Botón No Thanks encontrado - rechazando garantía
2026-03-11 15:11:19,008 - INFO - Click en No Thanks
2026-03-11 15:11:20,100 - INFO - Screenshot capturado: C12_06_item_con_garantias_procesadas_01.png
2026-03-11 15:11:20,100 - INFO - Garantías procesadas para item 1
2026-03-11 15:11:20,102 - INFO - --- ITEM 2/4 ---
2026-03-11 15:11:20,103 - INFO - === MÓDULO 3: AGREGAR ITEM 2 ===
2026-03-11 15:11:20,104 - INFO - Código: 463870000011, Cantidad: 1
2026-03-11 15:11:20,105 - INFO - Esperando que campo búsqueda item 2 sea visible (timeout: 300s, se reinicia con progreso)...
2026-03-11 15:11:20,136 - INFO - PROGRESO: campo búsqueda item 2 visible - REINICIANDO timeout
2026-03-11 15:11:20,166 - INFO - OK - campo búsqueda item 2 listo después de 0.0s
2026-03-11 15:11:20,201 - INFO - Código 463870000011 ingresado en campo búsqueda
2026-03-11 15:11:20,225 - INFO - Enter enviado para búsqueda
2026-03-11 15:11:25,621 - INFO - Mensaje informativo (ignorado): Error
close
ERROR TO OBTAIN THE PARAMATER: permitirNoInventariadosSeguros...
2026-03-11 15:11:25,621 - INFO - Item 463870000011 procesado correctamente
2026-03-11 15:11:25,621 - INFO - === MÓDULO 4: GARANTÍAS ITEM 2 ===
2026-03-11 15:11:25,622 - INFO - Garantía: RECHAZAR
2026-03-11 15:11:26,719 - INFO - Screenshot capturado: C12_07_pantalla_garantias_02.png
2026-03-11 15:11:32,760 - INFO - Botón No Thanks encontrado - rechazando garantía
2026-03-11 15:11:32,777 - INFO - Click en No Thanks
2026-03-11 15:11:33,850 - INFO - Screenshot capturado: C12_06_item_con_garantias_procesadas_02.png
2026-03-11 15:11:33,851 - INFO - Garantías procesadas para item 2
2026-03-11 15:11:33,852 - INFO - --- ITEM 3/4 ---
2026-03-11 15:11:33,852 - INFO - === MÓDULO 3: AGREGAR ITEM 3 ===
2026-03-11 15:11:33,853 - INFO - Código: 454268200014, Cantidad: 1
2026-03-11 15:11:33,853 - INFO - Esperando que campo búsqueda item 3 sea visible (timeout: 300s, se reinicia con progreso)...
2026-03-11 15:11:33,878 - INFO - PROGRESO: campo búsqueda item 3 visible - REINICIANDO timeout
2026-03-11 15:11:33,908 - INFO - OK - campo búsqueda item 3 listo después de 0.0s
2026-03-11 15:11:33,938 - INFO - Código 454268200014 ingresado en campo búsqueda
2026-03-11 15:11:33,956 - INFO - Enter enviado para búsqueda
2026-03-11 15:11:39,433 - INFO - Mensaje informativo (ignorado): Error
close
ERROR TO OBTAIN THE PARAMATER: permitirNoInventariadosSeguros...
2026-03-11 15:11:39,433 - INFO - Item 454268200014 procesado correctamente
2026-03-11 15:11:39,433 - INFO - === MÓDULO 4: GARANTÍAS ITEM 3 ===
2026-03-11 15:11:39,434 - INFO - Garantía: RECHAZAR
2026-03-11 15:11:40,522 - INFO - Screenshot capturado: C12_07_pantalla_garantias_03.png
2026-03-11 15:11:46,568 - INFO - Botón No Thanks encontrado - rechazando garantía
2026-03-11 15:11:46,593 - INFO - Click en No Thanks
2026-03-11 15:11:47,677 - INFO - Screenshot capturado: C12_06_item_con_garantias_procesadas_03.png
2026-03-11 15:11:47,678 - INFO - Garantías procesadas para item 3
2026-03-11 15:11:47,679 - INFO - --- ITEM 4/4 ---
2026-03-11 15:11:47,680 - INFO - === MÓDULO 3: AGREGAR ITEM 4 ===
2026-03-11 15:11:47,680 - INFO - Código: 463802000010, Cantidad: 1
2026-03-11 15:11:47,681 - INFO - Esperando que campo búsqueda item 4 sea visible (timeout: 300s, se reinicia con progreso)...
2026-03-11 15:11:47,704 - INFO - PROGRESO: campo búsqueda item 4 visible - REINICIANDO timeout
2026-03-11 15:11:47,724 - INFO - OK - campo búsqueda item 4 listo después de 0.0s
2026-03-11 15:11:47,768 - INFO - Código 463802000010 ingresado en campo búsqueda
2026-03-11 15:11:47,787 - INFO - Enter enviado para búsqueda
2026-03-11 15:11:54,059 - INFO - Mensaje informativo (ignorado): Error
close
ERROR TO OBTAIN THE PARAMATER: permitirNoInventariadosSeguros...
2026-03-11 15:11:54,059 - INFO - Item 463802000010 procesado correctamente
2026-03-11 15:11:54,060 - INFO - === MÓDULO 4: GARANTÍAS ITEM 4 ===
2026-03-11 15:11:54,061 - INFO - Garantía: RECHAZAR
2026-03-11 15:11:55,146 - INFO - Screenshot capturado: C12_07_pantalla_garantias_04.png
2026-03-11 15:12:01,228 - INFO - Botón No Thanks encontrado - rechazando garantía
2026-03-11 15:12:01,248 - INFO - Click en No Thanks
2026-03-11 15:12:02,326 - INFO - Screenshot capturado: C12_06_item_con_garantias_procesadas_04.png
2026-03-11 15:12:02,326 - INFO - Garantías procesadas para item 4
2026-03-11 15:12:02,326 - INFO - === PASO 7: ENLAZAR CUSTOMER ==========================================================================
2026-03-11 15:12:02,326 - INFO - === MÓDULO 5: ENLAZAR CUSTOMER ===
2026-03-11 15:12:02,390 - INFO - Screenshot capturado: C12_12_antes_enlazar_cliente.png
2026-03-11 15:12:07,422 - INFO - Enlace cliente encontrado: /html/body/div[2]/div[3]/div[28]/div[3]/h4/a
2026-03-11 15:12:07,444 - INFO - Click en enlace cliente
2026-03-11 15:12:10,516 - INFO - Screenshot capturado: C12_13_formulario_cliente.png
2026-03-11 15:12:11,791 - INFO - Cliente 013803328 ingresado
2026-03-11 15:12:12,856 - INFO - Screenshot capturado: C12_14_cliente_ingresado.png
2026-03-11 15:12:14,571 - INFO - Primer Next
2026-03-11 15:12:17,656 - INFO - Screenshot capturado: C12_15_primer_next.png
2026-03-11 15:12:22,544 - INFO - Segundo Next
2026-03-11 15:12:25,608 - INFO - Screenshot capturado: C12_16_segundo_next.png
2026-03-11 15:12:25,609 - INFO - Customer enlazado exitosamente
2026-03-11 15:12:25,610 - INFO - === PASO 8: CONFIGURAR ENTREGA ====================================================================
2026-03-11 15:12:25,610 - INFO - === MÓDULO 6: DESPACHO/ENTREGA ===
2026-03-11 15:12:25,611 - INFO - Despacho/Entrega: CONFIGURAR
2026-03-11 15:12:25,611 - INFO - Tipo de entrega: cliente llevará
2026-03-11 15:12:25,680 - INFO - Screenshot capturado: C12_17_antes_entrega_cliente.png
2026-03-11 15:12:25,681 - INFO - Paso 1: Buscando botón Transaction Options
2026-03-11 15:12:28,715 - INFO - ✓ Transaction Options encontrado con: transactionOptionsBtn
2026-03-11 15:12:28,741 - INFO - Click en Transaction Options exitoso
2026-03-11 15:12:31,811 - INFO - Screenshot capturado: C12_18_menu_transaction_options.png
2026-03-11 15:12:31,812 - INFO - Paso 2: Seleccionando opción de entrega
2026-03-11 15:12:31,870 - INFO - Opción de entrega seleccionada
2026-03-11 15:12:34,937 - INFO - Screenshot capturado: C12_19_formulario_entrega.png
2026-03-11 15:12:34,938 - INFO - Paso 3: Llenando datos del formulario
2026-03-11 15:12:34,989 - INFO - Nombre 1 ingresado: ELISEO AMILCAR LOPEZ + Enter
2026-03-11 15:12:36,032 - INFO - Nombre 2 ingresado: MARGARITA PORTILLO DE LOPEZ + Enter
2026-03-11 15:12:37,105 - INFO - ✓ Campo adicional (div[4]) ingresado: ELISEO LOPEZ + Enter
2026-03-11 15:12:38,107 - INFO - Paso 4: Configurando select MADRE
2026-03-11 15:12:38,368 - INFO - Select MADRE abierto
2026-03-11 15:12:40,132 - INFO - ✓ Opción MADRE seleccionada
2026-03-11 15:12:41,133 - INFO - Paso 4B: Configurando transportador (relationship)
2026-03-11 15:12:41,396 - INFO - ✓ Select TRANSPORTADOR abierto con: /html/body/div[2]/form/div[1]/div/div[2]/div[6]/span[2]/span/a
2026-03-11 15:12:42,642 - INFO - ✓ Opción TRANSPORTADOR seleccionada
2026-03-11 15:12:43,643 - INFO - Paso 5: Configurando tipo de entrega: cliente llevará
2026-03-11 15:12:43,893 - INFO - ✓ Select TIPO ENTREGA abierto
2026-03-11 15:12:45,129 - INFO - ✓ Tipo entrega seleccionado: Cliente llevará (Cliente Recoge)
2026-03-11 15:12:47,130 - INFO - Paso 6: Configurando lugar de salida (Bodega Nejapa)
2026-03-11 15:12:47,198 - INFO - ✓ Texto escrito: BODEGA 94 NEJAPA
2026-03-11 15:12:49,433 - INFO - ✓ Opción clickeada del dropdown: BODEGA 94 NEJAPA
2026-03-11 15:12:54,446 - INFO - ℹ️ No se requiere OK para lugar de salida
2026-03-11 15:12:56,447 - INFO - Paso 7: Configurando transporte (11094 - BODEGA 94 NEJAPA)
2026-03-11 15:12:58,471 - INFO - ✓ Caja de texto del transporte encontrada
2026-03-11 15:12:59,229 - INFO - ✓ Texto escrito: BODEGA 94 NEJAPA
2026-03-11 15:13:00,230 - INFO - -Buscando opción '11094 - BODEGA 94 NEJAPA' en dropdown...
2026-03-11 15:13:00,231 - INFO - Intentando con selector: //li[@class='ui-menu-item']//a[contains(text(), '11094 - BODEGA 94 NEJAPA')]
2026-03-11 15:13:01,296 - INFO - Intentando con selector: //li[@role='menuitem']//a[contains(text(), '11094 - BODEGA 94 NEJAPA')]
2026-03-11 15:13:02,347 - INFO - Intentando con selector: //li[contains(@class, 'ui-menu-item')]//a[contains(text(), 'BODEGA 94 NEJAPA')]
2026-03-11 15:13:03,399 - INFO - Intentando con selector: //ul[contains(@class, 'ui-autocomplete')]//a[contains(text(), '11094')]
2026-03-11 15:13:04,481 - INFO - Intentando con selector: //a[@class='ui-corner-all'][contains(text(), '11094 - BODEGA 94 NEJAPA')]
2026-03-11 15:13:05,545 - INFO - Intentando con selector: /html/body/ul[4]/li/a
2026-03-11 15:13:06,600 - INFO - 🔄 Fallback: Usando flecha abajo + Enter...
2026-03-11 15:13:07,170 - INFO - ✓ Flecha abajo + Enter ejecutado
2026-03-11 15:13:08,204 - INFO - 🔍 Verificación final: Input='11094 - BODEGA 94 NEJAPA', Select='11094'
2026-03-11 15:13:08,204 - INFO - ✅ TRANSPORTE CONFIGURADO EXITOSAMENTE
2026-03-11 15:13:11,205 - INFO - Paso 8: Agregando instrucciones
2026-03-11 15:13:16,228 - WARNING - Error agregando instrucciones: Message: Unable to locate element: //*[@id='instructions']; For documentation on this error, please visit: https://www.selenium.dev/documentation/webdriver/troubleshooting/errors#nosuchelementexception
Stacktrace:
RemoteError@chrome://remote/content/shared/RemoteError.sys.mjs:8:8
WebDriverError@chrome://remote/content/shared/webdriver/Errors.sys.mjs:187:5
NoSuchElementError@chrome://remote/content/shared/webdriver/Errors.sys.mjs:505:5
element.find/</<@chrome://remote/content/marionette/element.sys.mjs:135:16

2026-03-11 15:13:16,229 - INFO - Paso 9: Enviando formulario de entrega
2026-03-11 15:13:21,240 - WARNING - Error enviando formulario: Message: Unable to locate element: /html/body/div[2]/form/div[2]/button; For documentation on this error, please visit: https://www.selenium.dev/documentation/webdriver/troubleshooting/errors#nosuchelementexception
Stacktrace:
RemoteError@chrome://remote/content/shared/RemoteError.sys.mjs:8:8
WebDriverError@chrome://remote/content/shared/webdriver/Errors.sys.mjs:187:5
NoSuchElementError@chrome://remote/content/shared/webdriver/Errors.sys.mjs:505:5
element.find/</<@chrome://remote/content/marionette/element.sys.mjs:135:16

2026-03-11 15:13:21,241 - WARNING - ⚠️ Error en despacho, continuando...
2026-03-11 15:13:21,241 - INFO - === PASO 11: FINALIZAR COTIZACIÓN ===
2026-03-11 15:13:21,242 - INFO - === FINALIZANDO COTIZACIÓN ===
2026-03-11 15:13:21,311 - INFO - Screenshot capturado: C12_17_antes_finalizar.png
2026-03-11 15:13:23,312 - INFO - PASO 1: Click en botón finalizar
2026-03-11 15:13:26,348 - INFO - ✓ Botón finalizar encontrado con: /html/body/div[2]/div[4]/div/div/div[3]/form[1]/button
2026-03-11 15:13:26,418 - INFO - Screenshot capturado: C12_18_antes_finalizar.png
2026-03-11 15:13:26,419 - INFO - 🔧 Preservando datos de sesión...
2026-03-11 15:13:26,429 - INFO - 📝 Sesión preservada - OrderID: undefined, SessionData: 
2026-03-11 15:13:26,449 - INFO - ✓ Click en botón finalizar exitoso
2026-03-11 15:13:29,460 - INFO - 🖨️ Elementos printer encontrados: 18
2026-03-11 15:13:29,510 - INFO -   Elemento 1: tag=form, id=printForm, class=
2026-03-11 15:13:29,538 - INFO -   Elemento 2: tag=div, id=, class=printingBox
2026-03-11 15:13:29,560 - INFO -   Elemento 3: tag=input, id=printerGroup, class=printerRadioButton btnFloatRight
2026-03-11 15:13:29,588 - INFO -   Elemento 4: tag=input, id=printerName0, class=
2026-03-11 15:13:29,613 - INFO -   Elemento 5: tag=input, id=printerLocation0, class=
2026-03-11 15:13:29,631 - INFO - 📋 Modales encontrados: 255
2026-03-11 15:13:29,661 - INFO -   Modal 1: tag=div, id=itemInquiryDialog, visible=False
2026-03-11 15:13:29,679 - INFO -   Modal 2: tag=div, id=, visible=False
2026-03-11 15:13:29,700 - INFO -   Modal 3: tag=div, id=, visible=False
2026-03-11 15:13:29,709 - INFO - 📝 Formularios encontrados: 71
2026-03-11 15:13:29,709 - INFO - 🔍 MONITOREANDO ESTADO POST-SAVE...
2026-03-11 15:13:30,715 - INFO - 📍 Segundo 1: URL = http://ursvtols8b3c:8080/engage-unicomer-web/saleOrder/saveAndPrint
2026-03-11 15:13:30,721 - INFO - 📄 Segundo 1: Título = Grupo Unicomer
2026-03-11 15:13:32,405 - INFO - 🔘 Segundo 1: Botones visibles = ['Search', 'Item Inquiry', 'Transaction Options', 'Save & Print', 'Save']
2026-03-11 15:13:32,419 - INFO - 🖨️ Segundo 1: Printer Group encontrado! Visible=True
2026-03-11 15:13:32,419 - INFO - ✅ PRINTER GROUP DISPONIBLE - Procediendo a hacer click...
2026-03-11 15:13:32,661 - INFO - ✓ Default Printer seleccionado: //*[@id='printerGroup']
2026-03-11 15:13:33,694 - INFO - 🖨️ Botón print encontrado: //button[@id='defaultSubmitPrintButton']
2026-03-11 15:13:33,715 - INFO - ✅ CLICK EN BOTÓN IMPRIMIR EXITOSO
2026-03-11 15:13:35,773 - INFO - ✅ CONFIRMACIÓN FINAL EXITOSA
2026-03-11 15:13:35,849 - INFO - Screenshot capturado: C12_21_print_completado.png
2026-03-11 15:13:35,850 - INFO - ✅ Finalización exitosa
2026-03-11 15:13:35,850 - INFO - === PASO 12: GENERAR REPORTE INDIVIDUAL ===
2026-03-11 15:13:35,851 - INFO - Generando reporte para cotización 12 con número 1160921926000Q
2026-03-11 15:13:35,851 - INFO - Screenshots disponibles: 21
2026-03-11 15:13:35,852 - INFO - 🔄 Generando reporte para cotización 12: 1160921926000Q
2026-03-11 15:13:35,957 - INFO - ✅ Excel actualizado - Cotización 12: 1160921926000Q
2026-03-11 15:13:36,186 - INFO - Reporte ejecutivo generado: Reporte_cotizacion_1160921926000Q.docx
2026-03-11 15:13:36,186 - INFO - Archivo verificado: 1972717 bytes
2026-03-11 15:13:36,187 - INFO - Reporte Word generado exitosamente para cotización 12
2026-03-11 15:13:36,187 - INFO - Iniciando limpieza de screenshots después de generar reporte
2026-03-11 15:13:36,188 - INFO - Screenshot eliminado: C12_02_dashboard.png
2026-03-11 15:13:36,189 - INFO - Screenshot eliminado: C12_04_formulario_orden.png
2026-03-11 15:13:36,193 - INFO - Screenshot eliminado: C12_07_pantalla_garantias_01.png
2026-03-11 15:13:36,195 - INFO - Screenshot eliminado: C12_06_item_con_garantias_procesadas_01.png
2026-03-11 15:13:36,196 - INFO - Screenshot eliminado: C12_07_pantalla_garantias_02.png
2026-03-11 15:13:36,199 - INFO - Screenshot eliminado: C12_06_item_con_garantias_procesadas_02.png
2026-03-11 15:13:36,202 - INFO - Screenshot eliminado: C12_07_pantalla_garantias_03.png
2026-03-11 15:13:36,204 - INFO - Screenshot eliminado: C12_06_item_con_garantias_procesadas_03.png
2026-03-11 15:13:36,206 - INFO - Screenshot eliminado: C12_07_pantalla_garantias_04.png
2026-03-11 15:13:36,211 - INFO - Screenshot eliminado: C12_06_item_con_garantias_procesadas_04.png
2026-03-11 15:13:36,214 - INFO - Screenshot eliminado: C12_12_antes_enlazar_cliente.png
2026-03-11 15:13:36,215 - INFO - Screenshot eliminado: C12_13_formulario_cliente.png
2026-03-11 15:13:36,218 - INFO - Screenshot eliminado: C12_14_cliente_ingresado.png
2026-03-11 15:13:36,220 - INFO - Screenshot eliminado: C12_15_primer_next.png
2026-03-11 15:13:36,222 - INFO - Screenshot eliminado: C12_16_segundo_next.png
2026-03-11 15:13:36,224 - INFO - Screenshot eliminado: C12_17_antes_entrega_cliente.png
2026-03-11 15:13:36,226 - INFO - Screenshot eliminado: C12_18_menu_transaction_options.png
2026-03-11 15:13:36,227 - INFO - Screenshot eliminado: C12_19_formulario_entrega.png
2026-03-11 15:13:36,228 - INFO - Screenshot eliminado: C12_17_antes_finalizar.png
2026-03-11 15:13:36,229 - INFO - Screenshot eliminado: C12_18_antes_finalizar.png
2026-03-11 15:13:36,231 - INFO - Screenshot eliminado: C12_21_print_completado.png
2026-03-11 15:13:36,232 - INFO - 21 screenshots eliminados para esta cotización
2026-03-11 15:13:36,232 - INFO - Cotización 12 completada: 1160921926000Q
2026-03-11 15:13:38,233 - INFO - 
🔄 PROCESANDO COTIZACIÓN 13/13: 13
2026-03-11 15:13:38,233 - INFO - === PASO 4: INICIAR ORDEN DE COMPRA ===
2026-03-11 15:13:38,234 - INFO - Buscando botón 'Comience una Orden de Compra'...
2026-03-11 15:13:38,293 - INFO - Screenshot capturado: C13_02_dashboard.png
2026-03-11 15:13:38,293 - INFO - Intentando selector 1: /html/body/div[2]/div[4]/div/div/div[1]/a[1]/input
2026-03-11 15:13:38,293 - INFO - Esperando que botón orden selector 1 sea visible (timeout: 300s, se reinicia con progreso)...
2026-03-11 15:13:40,241 - INFO - PROGRESO: botón orden selector 1 visible - REINICIANDO timeout
2026-03-11 15:13:40,265 - INFO - OK - botón orden selector 1 listo después de 0.0s
2026-03-11 15:13:40,802 - INFO - Click exitoso en botón orden selector 1
2026-03-11 15:13:41,881 - INFO - Screenshot capturado: C13_04_formulario_orden.png
2026-03-11 15:13:41,881 - INFO - Click realizado en botón orden
2026-03-11 15:13:41,882 - INFO - Preparando nueva cotización...
2026-03-11 15:13:46,906 - INFO - ✓ Storage del navegador limpiado
2026-03-11 15:13:46,910 - INFO - ✓ Página estabilizada para nueva cotización
2026-03-11 15:13:46,910 - INFO - ✓ Sistema listo para siguiente cotización automática
2026-03-11 15:13:47,911 - INFO - Configuración - Garantías: NO, Descuento: NO, Créditos: NO, Entrega: SI, Tipo Entrega: cliente llevará
2026-03-11 15:13:47,912 - INFO - === PASO 5: EXTRAER NÚMERO COTIZACIÓN ===
2026-03-11 15:13:47,912 - INFO - === EXTRAYENDO NÚMERO DE COTIZACIÓN INICIAL ===
2026-03-11 15:13:49,967 - INFO - Número encontrado con selector: li.quotationNumberTitle p:last-child
2026-03-11 15:13:49,967 - INFO - Número de cotización: 1160921926000R
2026-03-11 15:13:49,968 - INFO - Número base extraído: 1160921926000R
2026-03-11 15:13:49,969 - INFO - Número único generado: 1160921926000R_9968
2026-03-11 15:13:49,970 - INFO - === PASO 6: AGREGAR ITEMS ============================================================================
2026-03-11 15:13:49,970 - INFO - --- ITEM 1/6 ---
2026-03-11 15:13:49,971 - INFO - === MÓDULO 3: AGREGAR ITEM 1 ===
2026-03-11 15:13:49,972 - INFO - Código: 464607700013, Cantidad: 1
2026-03-11 15:13:49,972 - INFO - Esperando que campo búsqueda item 1 sea visible (timeout: 300s, se reinicia con progreso)...
2026-03-11 15:13:49,992 - INFO - PROGRESO: campo búsqueda item 1 visible - REINICIANDO timeout
2026-03-11 15:13:50,009 - INFO - OK - campo búsqueda item 1 listo después de 0.0s
2026-03-11 15:13:50,069 - INFO - Código 464607700013 ingresado en campo búsqueda
2026-03-11 15:13:50,089 - INFO - Enter enviado para búsqueda
2026-03-11 15:13:57,914 - INFO - Item 464607700013 procesado correctamente
2026-03-11 15:13:57,914 - INFO - === MÓDULO 4: GARANTÍAS ITEM 1 ===
2026-03-11 15:13:57,914 - INFO - Garantía: RECHAZAR
2026-03-11 15:13:59,009 - INFO - Screenshot capturado: C13_07_pantalla_garantias_01.png
2026-03-11 15:14:05,042 - INFO - Botón No Thanks encontrado - rechazando garantía
2026-03-11 15:14:05,081 - INFO - Click en No Thanks
2026-03-11 15:14:06,189 - INFO - Screenshot capturado: C13_06_item_con_garantias_procesadas_01.png
2026-03-11 15:14:06,189 - INFO - Garantías procesadas para item 1
2026-03-11 15:14:06,190 - INFO - --- ITEM 2/6 ---
2026-03-11 15:14:06,191 - INFO - === MÓDULO 3: AGREGAR ITEM 2 ===
2026-03-11 15:14:06,191 - INFO - Código: 427486700000, Cantidad: 1
2026-03-11 15:14:06,192 - INFO - Esperando que campo búsqueda item 2 sea visible (timeout: 300s, se reinicia con progreso)...
2026-03-11 15:14:06,327 - INFO - PROGRESO: campo búsqueda item 2 visible - REINICIANDO timeout
2026-03-11 15:14:06,404 - INFO - OK - campo búsqueda item 2 listo después de 0.0s
2026-03-11 15:14:06,533 - INFO - Código 427486700000 ingresado en campo búsqueda
2026-03-11 15:14:06,563 - INFO - Enter enviado para búsqueda
2026-03-11 15:14:11,619 - INFO - Mensaje informativo (ignorado): Error
close
ERROR TO OBTAIN THE PARAMATER: permitirNoInventariadosSeguros...
2026-03-11 15:14:11,620 - INFO - Item 427486700000 procesado correctamente
2026-03-11 15:14:11,620 - INFO - === MÓDULO 4: GARANTÍAS ITEM 2 ===
2026-03-11 15:14:11,621 - INFO - Garantía: RECHAZAR
2026-03-11 15:14:12,713 - INFO - Screenshot capturado: C13_07_pantalla_garantias_02.png
2026-03-11 15:14:18,761 - INFO - Botón No Thanks encontrado - rechazando garantía
2026-03-11 15:14:18,803 - INFO - Click en No Thanks
2026-03-11 15:14:19,880 - INFO - Screenshot capturado: C13_06_item_con_garantias_procesadas_02.png
2026-03-11 15:14:19,880 - INFO - Garantías procesadas para item 2
2026-03-11 15:14:19,881 - INFO - --- ITEM 3/6 ---
2026-03-11 15:14:19,881 - INFO - === MÓDULO 3: AGREGAR ITEM 3 ===
2026-03-11 15:14:19,882 - INFO - Código: 440687700006, Cantidad: 1
2026-03-11 15:14:19,882 - INFO - Esperando que campo búsqueda item 3 sea visible (timeout: 300s, se reinicia con progreso)...
2026-03-11 15:14:19,904 - INFO - PROGRESO: campo búsqueda item 3 visible - REINICIANDO timeout
2026-03-11 15:14:19,923 - INFO - OK - campo búsqueda item 3 listo después de 0.0s
2026-03-11 15:14:19,962 - INFO - Código 440687700006 ingresado en campo búsqueda
2026-03-11 15:14:19,979 - INFO - Enter enviado para búsqueda
2026-03-11 15:14:24,519 - INFO -  Popup cerrado
2026-03-11 15:14:24,547 - INFO - Item 440687700006 procesado correctamente
2026-03-11 15:14:24,547 - INFO - === MÓDULO 4: GARANTÍAS ITEM 3 ===
2026-03-11 15:14:24,547 - INFO - Garantía: RECHAZAR
2026-03-11 15:14:25,636 - INFO - Screenshot capturado: C13_07_pantalla_garantias_03.png
2026-03-11 15:14:36,688 - INFO - No se detectó pantalla de garantías - continuando sin rechazar
2026-03-11 15:14:37,781 - INFO - Screenshot capturado: C13_06_item_con_garantias_procesadas_03.png
2026-03-11 15:14:37,782 - INFO - Garantías procesadas para item 3
2026-03-11 15:14:37,782 - INFO - --- ITEM 4/6 ---
2026-03-11 15:14:37,782 - INFO - === MÓDULO 3: AGREGAR ITEM 4 ===
2026-03-11 15:14:37,783 - INFO - Código: 456485200013, Cantidad: 1
2026-03-11 15:14:37,783 - INFO - Esperando que campo búsqueda item 4 sea visible (timeout: 300s, se reinicia con progreso)...
2026-03-11 15:14:37,807 - INFO - PROGRESO: campo búsqueda item 4 visible - REINICIANDO timeout
2026-03-11 15:14:37,827 - INFO - OK - campo búsqueda item 4 listo después de 0.0s
2026-03-11 15:14:37,862 - INFO - Código 456485200013 ingresado en campo búsqueda
2026-03-11 15:14:37,890 - INFO - Enter enviado para búsqueda
2026-03-11 15:14:38,998 - INFO - Item 456485200013 procesado correctamente
2026-03-11 15:14:38,999 - INFO - === MÓDULO 4: GARANTÍAS ITEM 4 ===
2026-03-11 15:14:38,999 - INFO - Garantía: RECHAZAR
2026-03-11 15:14:40,081 - INFO - Screenshot capturado: C13_07_pantalla_garantias_04.png
2026-03-11 15:14:48,206 - INFO - Botón No Thanks encontrado - rechazando garantía
2026-03-11 15:14:48,239 - INFO - Click en No Thanks
2026-03-11 15:14:49,311 - INFO - Screenshot capturado: C13_06_item_con_garantias_procesadas_04.png
2026-03-11 15:14:49,311 - INFO - Garantías procesadas para item 4
2026-03-11 15:14:49,312 - INFO - --- ITEM 5/6 ---
2026-03-11 15:14:49,312 - INFO - === MÓDULO 3: AGREGAR ITEM 5 ===
2026-03-11 15:14:49,312 - INFO - Código: 427029500005, Cantidad: 1
2026-03-11 15:14:49,312 - INFO - Esperando que campo búsqueda item 5 sea visible (timeout: 300s, se reinicia con progreso)...
2026-03-11 15:14:49,340 - INFO - PROGRESO: campo búsqueda item 5 visible - REINICIANDO timeout
2026-03-11 15:14:49,366 - INFO - OK - campo búsqueda item 5 listo después de 0.0s
2026-03-11 15:14:49,394 - INFO - Código 427029500005 ingresado en campo búsqueda
2026-03-11 15:14:49,474 - INFO - Enter enviado para búsqueda
2026-03-11 15:14:58,037 - INFO - Mensaje informativo (ignorado): Error
close
ERROR TO OBTAIN THE PARAMATER: permitirNoInventariadosSeguros...
2026-03-11 15:14:58,037 - INFO - Item 427029500005 procesado correctamente
2026-03-11 15:14:58,037 - INFO - === MÓDULO 4: GARANTÍAS ITEM 5 ===
2026-03-11 15:14:58,038 - INFO - Garantía: RECHAZAR
2026-03-11 15:14:59,123 - INFO - Screenshot capturado: C13_07_pantalla_garantias_05.png
2026-03-11 15:15:05,160 - INFO - Botón No Thanks encontrado - rechazando garantía
2026-03-11 15:15:05,185 - INFO - Click en No Thanks
2026-03-11 15:15:06,288 - INFO - Screenshot capturado: C13_06_item_con_garantias_procesadas_05.png
2026-03-11 15:15:06,288 - INFO - Garantías procesadas para item 5
2026-03-11 15:15:06,288 - INFO - --- ITEM 6/6 ---
2026-03-11 15:15:06,289 - INFO - === MÓDULO 3: AGREGAR ITEM 6 ===
2026-03-11 15:15:06,289 - INFO - Código: 462983400015, Cantidad: 1
2026-03-11 15:15:06,289 - INFO - Esperando que campo búsqueda item 6 sea visible (timeout: 300s, se reinicia con progreso)...
2026-03-11 15:15:06,311 - INFO - PROGRESO: campo búsqueda item 6 visible - REINICIANDO timeout
2026-03-11 15:15:06,331 - INFO - OK - campo búsqueda item 6 listo después de 0.0s
2026-03-11 15:15:06,380 - INFO - Código 462983400015 ingresado en campo búsqueda
2026-03-11 15:15:06,398 - INFO - Enter enviado para búsqueda
2026-03-11 15:15:13,288 - INFO - Mensaje informativo (ignorado): Error
close
ERROR TO OBTAIN THE PARAMATER: permitirNoInventariadosSeguros...
2026-03-11 15:15:13,289 - INFO - Item 462983400015 procesado correctamente
2026-03-11 15:15:13,290 - INFO - === MÓDULO 4: GARANTÍAS ITEM 6 ===
2026-03-11 15:15:13,290 - INFO - Garantía: RECHAZAR
2026-03-11 15:15:14,374 - INFO - Screenshot capturado: C13_07_pantalla_garantias_06.png
2026-03-11 15:15:20,410 - INFO - Botón No Thanks encontrado - rechazando garantía
2026-03-11 15:15:20,428 - INFO - Click en No Thanks
2026-03-11 15:15:21,505 - INFO - Screenshot capturado: C13_06_item_con_garantias_procesadas_06.png
2026-03-11 15:15:21,506 - INFO - Garantías procesadas para item 6
2026-03-11 15:15:21,506 - INFO - === PASO 7: ENLAZAR CUSTOMER ==========================================================================
2026-03-11 15:15:21,507 - INFO - === MÓDULO 5: ENLAZAR CUSTOMER ===
2026-03-11 15:15:21,569 - INFO - Screenshot capturado: C13_12_antes_enlazar_cliente.png
2026-03-11 15:15:26,609 - INFO - Enlace cliente encontrado: /html/body/div[2]/div[3]/div[28]/div[3]/h4/a
2026-03-11 15:15:26,627 - INFO - Click en enlace cliente
2026-03-11 15:15:29,701 - INFO - Screenshot capturado: C13_13_formulario_cliente.png
2026-03-11 15:15:30,986 - INFO - Cliente 013803328 ingresado
2026-03-11 15:15:32,052 - INFO - Screenshot capturado: C13_14_cliente_ingresado.png
2026-03-11 15:15:32,346 - INFO - Primer Next
2026-03-11 15:15:35,449 - INFO - Screenshot capturado: C13_15_primer_next.png
2026-03-11 15:15:41,361 - INFO - Segundo Next
2026-03-11 15:15:44,526 - INFO - Screenshot capturado: C13_16_segundo_next.png
2026-03-11 15:15:44,528 - INFO - Customer enlazado exitosamente
2026-03-11 15:15:44,529 - INFO - === PASO 8: CONFIGURAR ENTREGA ====================================================================
2026-03-11 15:15:44,530 - INFO - === MÓDULO 6: DESPACHO/ENTREGA ===
2026-03-11 15:15:44,531 - INFO - Despacho/Entrega: CONFIGURAR
2026-03-11 15:15:44,531 - INFO - Tipo de entrega: cliente llevará
2026-03-11 15:15:44,687 - INFO - Screenshot capturado: C13_17_antes_entrega_cliente.png
2026-03-11 15:15:44,688 - INFO - Paso 1: Buscando botón Transaction Options
2026-03-11 15:15:47,717 - INFO - ✓ Transaction Options encontrado con: transactionOptionsBtn
2026-03-11 15:15:47,744 - INFO - Click en Transaction Options exitoso
2026-03-11 15:15:50,896 - INFO - Screenshot capturado: C13_18_menu_transaction_options.png
2026-03-11 15:15:50,897 - INFO - Paso 2: Seleccionando opción de entrega
2026-03-11 15:15:50,954 - INFO - Opción de entrega seleccionada
2026-03-11 15:15:54,057 - INFO - Screenshot capturado: C13_19_formulario_entrega.png
2026-03-11 15:15:54,057 - INFO - Paso 3: Llenando datos del formulario
2026-03-11 15:15:54,165 - INFO - Nombre 1 ingresado: ELISEO AMILCAR LOPEZ + Enter
2026-03-11 15:15:55,216 - INFO - Nombre 2 ingresado: MARGARITA PORTILLO DE LOPEZ + Enter
2026-03-11 15:15:56,362 - INFO - ✓ Campo adicional (div[4]) ingresado: ELISEO LOPEZ + Enter
2026-03-11 15:15:57,363 - INFO - Paso 4: Configurando select MADRE
2026-03-11 15:15:57,652 - INFO - Select MADRE abierto
2026-03-11 15:15:59,445 - INFO - ✓ Opción MADRE seleccionada
2026-03-11 15:16:00,448 - INFO - Paso 4B: Configurando transportador (relationship)
2026-03-11 15:16:00,754 - INFO - ✓ Select TRANSPORTADOR abierto con: /html/body/div[2]/form/div[1]/div/div[2]/div[6]/span[2]/span/a
2026-03-11 15:16:02,050 - INFO - ✓ Opción TRANSPORTADOR seleccionada
2026-03-11 15:16:03,052 - INFO - Paso 5: Configurando tipo de entrega: cliente llevará
2026-03-11 15:16:03,330 - INFO - ✓ Select TIPO ENTREGA abierto
2026-03-11 15:16:04,622 - INFO - ✓ Tipo entrega seleccionado: Cliente llevará (Cliente Recoge)
2026-03-11 15:16:06,624 - INFO - Paso 6: Configurando lugar de salida (Bodega Nejapa)
2026-03-11 15:16:06,793 - INFO - ✓ Texto escrito: BODEGA 94 NEJAPA
2026-03-11 15:16:09,074 - INFO - ✓ Opción clickeada del dropdown: BODEGA 94 NEJAPA
2026-03-11 15:16:14,088 - INFO - ℹ️ No se requiere OK para lugar de salida
2026-03-11 15:16:16,089 - INFO - Paso 7: Configurando transporte (11094 - BODEGA 94 NEJAPA)
2026-03-11 15:16:18,117 - INFO - ✓ Caja de texto del transporte encontrada
2026-03-11 15:16:18,969 - INFO - ✓ Texto escrito: BODEGA 94 NEJAPA
2026-03-11 15:16:19,970 - INFO - -Buscando opción '11094 - BODEGA 94 NEJAPA' en dropdown...
2026-03-11 15:16:19,971 - INFO - Intentando con selector: //li[@class='ui-menu-item']//a[contains(text(), '11094 - BODEGA 94 NEJAPA')]
2026-03-11 15:16:21,061 - INFO - Intentando con selector: //li[@role='menuitem']//a[contains(text(), '11094 - BODEGA 94 NEJAPA')]
2026-03-11 15:16:22,142 - INFO - Intentando con selector: //li[contains(@class, 'ui-menu-item')]//a[contains(text(), 'BODEGA 94 NEJAPA')]
2026-03-11 15:16:23,217 - INFO - Intentando con selector: //ul[contains(@class, 'ui-autocomplete')]//a[contains(text(), '11094')]
2026-03-11 15:16:24,292 - INFO - Intentando con selector: //a[@class='ui-corner-all'][contains(text(), '11094 - BODEGA 94 NEJAPA')]
2026-03-11 15:16:25,367 - INFO - Intentando con selector: /html/body/ul[4]/li/a
2026-03-11 15:16:26,428 - INFO - 🔄 Fallback: Usando flecha abajo + Enter...
2026-03-11 15:16:27,015 - INFO - ✓ Flecha abajo + Enter ejecutado
2026-03-11 15:16:28,049 - INFO - 🔍 Verificación final: Input='11094 - BODEGA 94 NEJAPA', Select='11094'
2026-03-11 15:16:28,050 - INFO - ✅ TRANSPORTE CONFIGURADO EXITOSAMENTE
2026-03-11 15:16:31,051 - INFO - Paso 8: Agregando instrucciones
2026-03-11 15:16:36,072 - WARNING - Error agregando instrucciones: Message: Unable to locate element: //*[@id='instructions']; For documentation on this error, please visit: https://www.selenium.dev/documentation/webdriver/troubleshooting/errors#nosuchelementexception
Stacktrace:
RemoteError@chrome://remote/content/shared/RemoteError.sys.mjs:8:8
WebDriverError@chrome://remote/content/shared/webdriver/Errors.sys.mjs:187:5
NoSuchElementError@chrome://remote/content/shared/webdriver/Errors.sys.mjs:505:5
element.find/</<@chrome://remote/content/marionette/element.sys.mjs:135:16

2026-03-11 15:16:36,073 - INFO - Paso 9: Enviando formulario de entrega
2026-03-11 15:16:41,101 - WARNING - Error enviando formulario: Message: Unable to locate element: /html/body/div[2]/form/div[2]/button; For documentation on this error, please visit: https://www.selenium.dev/documentation/webdriver/troubleshooting/errors#nosuchelementexception
Stacktrace:
RemoteError@chrome://remote/content/shared/RemoteError.sys.mjs:8:8
WebDriverError@chrome://remote/content/shared/webdriver/Errors.sys.mjs:187:5
NoSuchElementError@chrome://remote/content/shared/webdriver/Errors.sys.mjs:505:5
element.find/</<@chrome://remote/content/marionette/element.sys.mjs:135:16

2026-03-11 15:16:41,102 - WARNING - ⚠️ Error en despacho, continuando...
2026-03-11 15:16:41,102 - INFO - === PASO 11: FINALIZAR COTIZACIÓN ===
2026-03-11 15:16:41,103 - INFO - === FINALIZANDO COTIZACIÓN ===
2026-03-11 15:16:41,179 - INFO - Screenshot capturado: C13_17_antes_finalizar.png
2026-03-11 15:16:43,179 - INFO - PASO 1: Click en botón finalizar
2026-03-11 15:16:46,208 - INFO - ✓ Botón finalizar encontrado con: /html/body/div[2]/div[4]/div/div/div[3]/form[1]/button
2026-03-11 15:16:46,282 - INFO - Screenshot capturado: C13_18_antes_finalizar.png
2026-03-11 15:16:46,283 - INFO - 🔧 Preservando datos de sesión...
2026-03-11 15:16:46,302 - INFO - 📝 Sesión preservada - OrderID: undefined, SessionData: 
2026-03-11 15:16:46,332 - INFO - ✓ Click en botón finalizar exitoso
2026-03-11 15:16:49,357 - INFO - 🖨️ Elementos printer encontrados: 18
2026-03-11 15:16:49,399 - INFO -   Elemento 1: tag=form, id=printForm, class=
2026-03-11 15:16:49,462 - INFO -   Elemento 2: tag=div, id=, class=printingBox
2026-03-11 15:16:49,512 - INFO -   Elemento 3: tag=input, id=printerGroup, class=printerRadioButton btnFloatRight
2026-03-11 15:16:49,548 - INFO -   Elemento 4: tag=input, id=printerName0, class=
2026-03-11 15:16:49,599 - INFO -   Elemento 5: tag=input, id=printerLocation0, class=
2026-03-11 15:16:49,639 - INFO - 📋 Modales encontrados: 321
2026-03-11 15:16:49,665 - INFO -   Modal 1: tag=div, id=itemInquiryDialog, visible=False
2026-03-11 15:16:49,693 - INFO -   Modal 2: tag=div, id=, visible=False
2026-03-11 15:16:49,721 - INFO -   Modal 3: tag=div, id=, visible=False
2026-03-11 15:16:49,730 - INFO - 📝 Formularios encontrados: 89
2026-03-11 15:16:49,731 - INFO - 🔍 MONITOREANDO ESTADO POST-SAVE...
2026-03-11 15:16:50,736 - INFO - 📍 Segundo 1: URL = http://ursvtols8b3c:8080/engage-unicomer-web/saleOrder/saveAndPrint
2026-03-11 15:16:50,740 - INFO - 📄 Segundo 1: Título = Grupo Unicomer
2026-03-11 15:16:52,931 - INFO - 🔘 Segundo 1: Botones visibles = ['Search', 'Item Inquiry', 'Transaction Options', 'Save & Print', 'Save']
2026-03-11 15:16:52,943 - INFO - 🖨️ Segundo 1: Printer Group encontrado! Visible=True
2026-03-11 15:16:52,944 - INFO - ✅ PRINTER GROUP DISPONIBLE - Procediendo a hacer click...
2026-03-11 15:16:53,204 - INFO - ✓ Default Printer seleccionado: //*[@id='printerGroup']
2026-03-11 15:16:54,227 - INFO - 🖨️ Botón print encontrado: //button[@id='defaultSubmitPrintButton']
2026-03-11 15:16:54,243 - INFO - ✅ CLICK EN BOTÓN IMPRIMIR EXITOSO
2026-03-11 15:16:56,297 - INFO - ✅ CONFIRMACIÓN FINAL EXITOSA
2026-03-11 15:16:56,370 - INFO - Screenshot capturado: C13_21_print_completado.png
2026-03-11 15:16:56,371 - INFO - ✅ Finalización exitosa
2026-03-11 15:16:56,371 - INFO - === PASO 12: GENERAR REPORTE INDIVIDUAL ===
2026-03-11 15:16:56,372 - INFO - Generando reporte para cotización 13 con número 1160921926000R
2026-03-11 15:16:56,372 - INFO - Screenshots disponibles: 25
2026-03-11 15:16:56,372 - INFO - 🔄 Generando reporte para cotización 13: 1160921926000R
2026-03-11 15:16:56,465 - INFO - ✅ Excel actualizado - Cotización 13: 1160921926000R
2026-03-11 15:16:56,973 - INFO - Reporte ejecutivo generado: Reporte_cotizacion_1160921926000R.docx
2026-03-11 15:16:56,974 - INFO - Archivo verificado: 2491108 bytes
2026-03-11 15:16:56,974 - INFO - Reporte Word generado exitosamente para cotización 13
2026-03-11 15:16:56,974 - INFO - Iniciando limpieza de screenshots después de generar reporte
2026-03-11 15:16:56,976 - INFO - Screenshot eliminado: C13_02_dashboard.png
2026-03-11 15:16:56,977 - INFO - Screenshot eliminado: C13_04_formulario_orden.png
2026-03-11 15:16:56,979 - INFO - Screenshot eliminado: C13_07_pantalla_garantias_01.png
2026-03-11 15:16:56,981 - INFO - Screenshot eliminado: C13_06_item_con_garantias_procesadas_01.png
2026-03-11 15:16:56,983 - INFO - Screenshot eliminado: C13_07_pantalla_garantias_02.png
2026-03-11 15:16:56,985 - INFO - Screenshot eliminado: C13_06_item_con_garantias_procesadas_02.png
2026-03-11 15:16:56,986 - INFO - Screenshot eliminado: C13_07_pantalla_garantias_03.png
2026-03-11 15:16:56,987 - INFO - Screenshot eliminado: C13_06_item_con_garantias_procesadas_03.png
2026-03-11 15:16:56,989 - INFO - Screenshot eliminado: C13_07_pantalla_garantias_04.png
2026-03-11 15:16:56,994 - INFO - Screenshot eliminado: C13_06_item_con_garantias_procesadas_04.png
2026-03-11 15:16:56,998 - INFO - Screenshot eliminado: C13_07_pantalla_garantias_05.png
2026-03-11 15:16:57,003 - INFO - Screenshot eliminado: C13_06_item_con_garantias_procesadas_05.png
2026-03-11 15:16:57,005 - INFO - Screenshot eliminado: C13_07_pantalla_garantias_06.png
2026-03-11 15:16:57,006 - INFO - Screenshot eliminado: C13_06_item_con_garantias_procesadas_06.png
2026-03-11 15:16:57,007 - INFO - Screenshot eliminado: C13_12_antes_enlazar_cliente.png
2026-03-11 15:16:57,009 - INFO - Screenshot eliminado: C13_13_formulario_cliente.png
2026-03-11 15:16:57,011 - INFO - Screenshot eliminado: C13_14_cliente_ingresado.png
2026-03-11 15:16:57,013 - INFO - Screenshot eliminado: C13_15_primer_next.png
2026-03-11 15:16:57,015 - INFO - Screenshot eliminado: C13_16_segundo_next.png
2026-03-11 15:16:57,016 - INFO - Screenshot eliminado: C13_17_antes_entrega_cliente.png
2026-03-11 15:16:57,017 - INFO - Screenshot eliminado: C13_18_menu_transaction_options.png
2026-03-11 15:16:57,018 - INFO - Screenshot eliminado: C13_19_formulario_entrega.png
2026-03-11 15:16:57,020 - INFO - Screenshot eliminado: C13_17_antes_finalizar.png
2026-03-11 15:16:57,021 - INFO - Screenshot eliminado: C13_18_antes_finalizar.png
2026-03-11 15:16:57,023 - INFO - Screenshot eliminado: C13_21_print_completado.png
2026-03-11 15:16:57,023 - INFO - 25 screenshots eliminados para esta cotización
2026-03-11 15:16:57,023 - INFO - Cotización 13 completada: 1160921926000R
2026-03-11 15:16:59,024 - INFO - === PASO 13: CREAR REPORTES FINALES ===
2026-03-11 15:16:59,026 - INFO - === REPORTE FINAL ===
2026-03-11 15:16:59,026 - INFO - Excel ya fue actualizado individualmente por cotización
2026-03-11 15:16:59,026 - INFO - Reportes Word ya fueron generados individualmente
2026-03-11 15:16:59,033 - INFO - Reportes encontrados: 12
2026-03-11 15:16:59,034 - INFO - === RESUMEN FINAL ===
2026-03-11 15:16:59,034 - INFO -  PROCESO MODULAR COMPLETADO
2026-03-11 15:16:59,034 - INFO - Cotizaciones procesadas: 12
2026-03-11 15:16:59,035 - INFO - Excel: productos_avanzado.xlsx
2026-03-11 15:16:59,036 - INFO - 📑 Word: ['Reporte_cotizacion_1160921926000D.docx', 'Reporte_cotizacion_1160921926000F.docx', 'Reporte_cotizacion_1160921926000G.docx', 'Reporte_cotizacion_1160921926000H.docx', 'Reporte_cotizacion_1160921926000J.docx', 'Reporte_cotizacion_1160921926000K.docx', 'Reporte_cotizacion_1160921926000L.docx', 'Reporte_cotizacion_1160921926000M.docx', 'Reporte_cotizacion_1160921926000N.docx', 'Reporte_cotizacion_1160921926000P.docx', 'Reporte_cotizacion_1160921926000Q.docx', 'Reporte_cotizacion_1160921926000R.docx']
2026-03-11 15:16:59,037 - INFO - Navegador abierto por 60 segundos...
2026-03-11 15:17:01,037 - INFO - Limpiando recursos...
2026-03-11 15:17:01,038 - INFO - Screenshots ya fueron eliminados por cotización
2026-03-11 15:17:04,457 - INFO - Navegador cerrado
2026-03-11 15:17:04,457 - INFO - Limpieza de recursos completada
2026-03-11 15:17:04,458 - INFO - === AUTOMATIZACIÓN FINALIZADA ===
