2026-01-20 06:45:57,701 - INFO - Log guardándose en: logs\automatizacion_20260120.log
2026-01-20 06:45:57,702 - INFO -  === AUTOMATIZACIÓN MODULAR INICIADA ===
2026-01-20 06:45:57,702 - INFO - Archivo: productos_avanzado.xlsx
2026-01-20 06:45:57,702 - INFO - === PASO 1: LECTURA EXCEL ===
2026-01-20 06:45:57,702 - INFO - === MÓDULO 1: LECTURA EXCEL ===
2026-01-20 06:45:57,703 - INFO - Archivo: productos_avanzado.xlsx
2026-01-20 06:45:57,793 - INFO - Columnas encontradas: ['cotizacion_id', 'codigo', 'descripcion', 'cantidad', 'con_garantia', 'descuento_empleado', 'con_creditos', 'entrega_cliente', 'COTIZACION', 'ESTADO', 'FECHA_PROCESADO', 'ARCHIVO_WORD', 'tipo_entrega', 'Unnamed: 13']
2026-01-20 06:45:57,863 - INFO - Se encontraron 13 cotizaciones
2026-01-20 06:45:57,864 - INFO - Cotización 1: 2 productos
2026-01-20 06:45:57,864 - INFO - Cotización 2: 3 productos
2026-01-20 06:45:57,865 - INFO - Cotización 3: 3 productos
2026-01-20 06:45:57,865 - INFO - Cotización 4: 3 productos
2026-01-20 06:45:57,866 - INFO - Cotización 5: 1 productos
2026-01-20 06:45:57,866 - INFO - Cotización 6: 1 productos
2026-01-20 06:45:57,866 - INFO - Cotización 7: 1 productos
2026-01-20 06:45:57,867 - INFO - Cotización 8: 1 productos
2026-01-20 06:45:57,867 - INFO - Cotización 9: 1 productos
2026-01-20 06:45:57,867 - INFO - Cotización 10: 3 productos
2026-01-20 06:45:57,868 - INFO - Cotización 11: 1 productos
2026-01-20 06:45:57,868 - INFO - Cotización 12: 4 productos
2026-01-20 06:45:57,868 - INFO - Cotización 13: 6 productos
2026-01-20 06:45:57,869 - INFO - === PASO 2: INICIALIZAR NAVEGADOR ===
2026-01-20 06:46:07,523 - INFO - Navegador Firefox inicializado con configuración limpia
2026-01-20 06:46:07,525 - INFO - === PASO 3: INICIAR SESIÓN ===
2026-01-20 06:46:07,525 - INFO - === MÓDULO 2: INICIO SESIÓN ===
2026-01-20 06:46:14,084 - ERROR - Error en módulo inicio sesión: Message: Reached error page: about:neterror?e=dnsNotFound&u=http%3A//ursvtols8b3c%3A8080/engage-unicomer-web/&c=UTF-8&d=We%20can%E2%80%99t%20connect%20to%20the%20server%20at%20ursvtols8b3c.
Stacktrace:
RemoteError@chrome://remote/content/shared/RemoteError.sys.mjs:8:8
WebDriverError@chrome://remote/content/shared/webdriver/Errors.sys.mjs:187:5
UnknownError@chrome://remote/content/shared/webdriver/Errors.sys.mjs:736:5
checkReadyState@chrome://remote/content/marionette/navigate.sys.mjs:61:24
onNavigation@chrome://remote/content/marionette/navigate.sys.mjs:329:39
emit@resource://gre/modules/EventEmitter.sys.mjs:154:20
receiveMessage@chrome://remote/content/marionette/actors/MarionetteEventsParent.sys.mjs:35:25

2026-01-20 06:46:14,084 - ERROR - Error en inicio de sesión - No se puede continuar con automatización
2026-01-20 06:46:14,085 - INFO - Como no hay cotizaciones procesadas, saltando generación de reportes
2026-01-20 06:46:14,086 - INFO - Limpiando recursos...
2026-01-20 06:46:14,086 - INFO - Screenshots ya fueron eliminados por cotización
2026-01-20 06:46:17,560 - INFO - Navegador cerrado
2026-01-20 06:46:17,562 - INFO - Limpieza de recursos completada
2026-01-20 06:46:17,564 - INFO - === AUTOMATIZACIÓN FINALIZADA ===
2026-01-20 06:46:27,979 - INFO - Log guardándose en: logs\automatizacion_20260120.log
2026-01-20 06:46:27,979 - INFO -  === AUTOMATIZACIÓN MODULAR INICIADA ===
2026-01-20 06:46:27,980 - INFO - Archivo: productos_avanzado.xlsx
2026-01-20 06:46:27,980 - INFO - === PASO 1: LECTURA EXCEL ===
2026-01-20 06:46:27,981 - INFO - === MÓDULO 1: LECTURA EXCEL ===
2026-01-20 06:46:27,982 - INFO - Archivo: productos_avanzado.xlsx
2026-01-20 06:46:28,068 - INFO - Columnas encontradas: ['cotizacion_id', 'codigo', 'descripcion', 'cantidad', 'con_garantia', 'descuento_empleado', 'con_creditos', 'entrega_cliente', 'COTIZACION', 'ESTADO', 'FECHA_PROCESADO', 'ARCHIVO_WORD', 'tipo_entrega', 'Unnamed: 13']
2026-01-20 06:46:28,088 - INFO - Se encontraron 13 cotizaciones
2026-01-20 06:46:28,088 - INFO - Cotización 1: 2 productos
2026-01-20 06:46:28,088 - INFO - Cotización 2: 3 productos
2026-01-20 06:46:28,088 - INFO - Cotización 3: 3 productos
2026-01-20 06:46:28,089 - INFO - Cotización 4: 3 productos
2026-01-20 06:46:28,089 - INFO - Cotización 5: 1 productos
2026-01-20 06:46:28,090 - INFO - Cotización 6: 1 productos
2026-01-20 06:46:28,090 - INFO - Cotización 7: 1 productos
2026-01-20 06:46:28,090 - INFO - Cotización 8: 1 productos
2026-01-20 06:46:28,091 - INFO - Cotización 9: 1 productos
2026-01-20 06:46:28,091 - INFO - Cotización 10: 3 productos
2026-01-20 06:46:28,092 - INFO - Cotización 11: 1 productos
2026-01-20 06:46:28,092 - INFO - Cotización 12: 4 productos
2026-01-20 06:46:28,092 - INFO - Cotización 13: 6 productos
2026-01-20 06:46:28,093 - INFO - === PASO 2: INICIALIZAR NAVEGADOR ===
2026-01-20 06:46:37,435 - INFO - Navegador Firefox inicializado con configuración limpia
2026-01-20 06:46:37,436 - INFO - === PASO 3: INICIAR SESIÓN ===
2026-01-20 06:46:37,436 - INFO - === MÓDULO 2: INICIO SESIÓN ===
2026-01-20 06:46:43,844 - ERROR - Error en módulo inicio sesión: Message: Reached error page: about:neterror?e=dnsNotFound&u=http%3A//ursvtols8b3c%3A8080/engage-unicomer-web/&c=UTF-8&d=We%20can%E2%80%99t%20connect%20to%20the%20server%20at%20ursvtols8b3c.
Stacktrace:
RemoteError@chrome://remote/content/shared/RemoteError.sys.mjs:8:8
WebDriverError@chrome://remote/content/shared/webdriver/Errors.sys.mjs:187:5
UnknownError@chrome://remote/content/shared/webdriver/Errors.sys.mjs:736:5
checkReadyState@chrome://remote/content/marionette/navigate.sys.mjs:61:24
onNavigation@chrome://remote/content/marionette/navigate.sys.mjs:329:39
emit@resource://gre/modules/EventEmitter.sys.mjs:154:20
receiveMessage@chrome://remote/content/marionette/actors/MarionetteEventsParent.sys.mjs:35:25

2026-01-20 06:46:43,845 - ERROR - Error en inicio de sesión - No se puede continuar con automatización
2026-01-20 06:46:43,845 - INFO - Como no hay cotizaciones procesadas, saltando generación de reportes
2026-01-20 06:46:43,846 - INFO - Limpiando recursos...
2026-01-20 06:46:43,847 - INFO - Screenshots ya fueron eliminados por cotización
2026-01-20 06:46:48,070 - INFO - Navegador cerrado
2026-01-20 06:46:48,071 - INFO - Limpieza de recursos completada
2026-01-20 06:46:48,071 - INFO - === AUTOMATIZACIÓN FINALIZADA ===
2026-01-20 06:47:04,630 - INFO - Log guardándose en: logs\automatizacion_20260120.log
2026-01-20 06:47:04,630 - INFO -  === AUTOMATIZACIÓN MODULAR INICIADA ===
2026-01-20 06:47:04,631 - INFO - Archivo: productos_avanzado.xlsx
2026-01-20 06:47:04,631 - INFO - === PASO 1: LECTURA EXCEL ===
2026-01-20 06:47:04,632 - INFO - === MÓDULO 1: LECTURA EXCEL ===
2026-01-20 06:47:04,634 - INFO - Archivo: productos_avanzado.xlsx
2026-01-20 06:47:04,684 - INFO - Columnas encontradas: ['cotizacion_id', 'codigo', 'descripcion', 'cantidad', 'con_garantia', 'descuento_empleado', 'con_creditos', 'entrega_cliente', 'COTIZACION', 'ESTADO', 'FECHA_PROCESADO', 'ARCHIVO_WORD', 'tipo_entrega', 'Unnamed: 13']
2026-01-20 06:47:04,701 - INFO - Se encontraron 13 cotizaciones
2026-01-20 06:47:04,701 - INFO - Cotización 1: 2 productos
2026-01-20 06:47:04,702 - INFO - Cotización 2: 3 productos
2026-01-20 06:47:04,702 - INFO - Cotización 3: 3 productos
2026-01-20 06:47:04,702 - INFO - Cotización 4: 3 productos
2026-01-20 06:47:04,703 - INFO - Cotización 5: 1 productos
2026-01-20 06:47:04,703 - INFO - Cotización 6: 1 productos
2026-01-20 06:47:04,704 - INFO - Cotización 7: 1 productos
2026-01-20 06:47:04,704 - INFO - Cotización 8: 1 productos
2026-01-20 06:47:04,705 - INFO - Cotización 9: 1 productos
2026-01-20 06:47:04,706 - INFO - Cotización 10: 3 productos
2026-01-20 06:47:04,706 - INFO - Cotización 11: 1 productos
2026-01-20 06:47:04,707 - INFO - Cotización 12: 4 productos
2026-01-20 06:47:04,707 - INFO - Cotización 13: 6 productos
2026-01-20 06:47:04,707 - INFO - === PASO 2: INICIALIZAR NAVEGADOR ===
2026-01-20 06:47:12,630 - INFO - Navegador Firefox inicializado con configuración limpia
2026-01-20 06:47:12,631 - INFO - === PASO 3: INICIAR SESIÓN ===
2026-01-20 06:47:12,632 - INFO - === MÓDULO 2: INICIO SESIÓN ===
2026-01-20 06:47:19,297 - ERROR - Error en módulo inicio sesión: Message: Reached error page: about:neterror?e=dnsNotFound&u=http%3A//ursvtols8b3c%3A8080/engage-unicomer-web/&c=UTF-8&d=We%20can%E2%80%99t%20connect%20to%20the%20server%20at%20ursvtols8b3c.
Stacktrace:
RemoteError@chrome://remote/content/shared/RemoteError.sys.mjs:8:8
WebDriverError@chrome://remote/content/shared/webdriver/Errors.sys.mjs:187:5
UnknownError@chrome://remote/content/shared/webdriver/Errors.sys.mjs:736:5
checkReadyState@chrome://remote/content/marionette/navigate.sys.mjs:61:24
onNavigation@chrome://remote/content/marionette/navigate.sys.mjs:329:39
emit@resource://gre/modules/EventEmitter.sys.mjs:154:20
receiveMessage@chrome://remote/content/marionette/actors/MarionetteEventsParent.sys.mjs:35:25

2026-01-20 06:47:19,299 - ERROR - Error en inicio de sesión - No se puede continuar con automatización
2026-01-20 06:47:19,301 - INFO - Como no hay cotizaciones procesadas, saltando generación de reportes
2026-01-20 06:47:19,304 - INFO - Limpiando recursos...
2026-01-20 06:47:19,306 - INFO - Screenshots ya fueron eliminados por cotización
2026-01-20 06:47:23,457 - INFO - Navegador cerrado
2026-01-20 06:47:23,458 - INFO - Limpieza de recursos completada
2026-01-20 06:47:23,459 - INFO - === AUTOMATIZACIÓN FINALIZADA ===
2026-01-20 06:48:24,397 - INFO - Log guardándose en: logs\automatizacion_20260120.log
2026-01-20 06:48:24,398 - INFO -  === AUTOMATIZACIÓN MODULAR INICIADA ===
2026-01-20 06:48:24,398 - INFO - Archivo: productos_avanzado.xlsx
2026-01-20 06:48:24,398 - INFO - === PASO 1: LECTURA EXCEL ===
2026-01-20 06:48:24,399 - INFO - === MÓDULO 1: LECTURA EXCEL ===
2026-01-20 06:48:24,399 - INFO - Archivo: productos_avanzado.xlsx
2026-01-20 06:48:24,439 - INFO - Columnas encontradas: ['cotizacion_id', 'codigo', 'descripcion', 'cantidad', 'con_garantia', 'descuento_empleado', 'con_creditos', 'entrega_cliente', 'COTIZACION', 'ESTADO', 'FECHA_PROCESADO', 'ARCHIVO_WORD', 'tipo_entrega', 'Unnamed: 13']
2026-01-20 06:48:24,452 - INFO - Se encontraron 13 cotizaciones
2026-01-20 06:48:24,453 - INFO - Cotización 1: 2 productos
2026-01-20 06:48:24,453 - INFO - Cotización 2: 3 productos
2026-01-20 06:48:24,453 - INFO - Cotización 3: 3 productos
2026-01-20 06:48:24,453 - INFO - Cotización 4: 3 productos
2026-01-20 06:48:24,453 - INFO - Cotización 5: 1 productos
2026-01-20 06:48:24,454 - INFO - Cotización 6: 1 productos
2026-01-20 06:48:24,454 - INFO - Cotización 7: 1 productos
2026-01-20 06:48:24,454 - INFO - Cotización 8: 1 productos
2026-01-20 06:48:24,454 - INFO - Cotización 9: 1 productos
2026-01-20 06:48:24,454 - INFO - Cotización 10: 3 productos
2026-01-20 06:48:24,454 - INFO - Cotización 11: 1 productos
2026-01-20 06:48:24,454 - INFO - Cotización 12: 4 productos
2026-01-20 06:48:24,455 - INFO - Cotización 13: 6 productos
2026-01-20 06:48:24,455 - INFO - === PASO 2: INICIALIZAR NAVEGADOR ===
2026-01-20 06:48:32,346 - INFO - Navegador Firefox inicializado con configuración limpia
2026-01-20 06:48:32,347 - INFO - === PASO 3: INICIAR SESIÓN ===
2026-01-20 06:48:32,349 - INFO - === MÓDULO 2: INICIO SESIÓN ===
2026-01-20 06:48:41,453 - INFO - Accediendo a: http://ursvtols8b3c:8080/engage-unicomer-web/
2026-01-20 06:48:41,605 - INFO - Credenciales ingresadas
2026-01-20 06:48:45,966 - INFO - Formulario enviado
2026-01-20 06:48:48,062 - INFO - Screenshot capturado: 01_login_resultado.png
2026-01-20 06:48:48,073 - INFO - Login exitoso - URL cambió
2026-01-20 06:48:48,074 - INFO - 
🔄 PROCESANDO COTIZACIÓN 1/13: 1
2026-01-20 06:48:48,074 - INFO - === PASO 4: INICIAR ORDEN DE COMPRA ===
2026-01-20 06:48:48,075 - INFO - Buscando botón 'Comience una Orden de Compra'...
2026-01-20 06:48:48,175 - INFO - Screenshot capturado: C1_02_dashboard.png
2026-01-20 06:48:48,176 - INFO - Intentando selector 1: /html/body/div[2]/div[4]/div/div/div[1]/a[1]/input
2026-01-20 06:48:48,176 - INFO - Esperando que botón orden selector 1 sea visible (timeout: 300s, se reinicia con progreso)...
2026-01-20 06:48:48,390 - INFO - PROGRESO: botón orden selector 1 visible - REINICIANDO timeout
2026-01-20 06:48:48,425 - INFO - OK - botón orden selector 1 listo después de 0.0s
2026-01-20 06:48:48,980 - INFO - Click exitoso en botón orden selector 1
2026-01-20 06:48:50,082 - INFO - Screenshot capturado: C1_04_formulario_orden.png
2026-01-20 06:48:50,083 - INFO - Click realizado en botón orden
2026-01-20 06:48:50,083 - INFO - Configuración - Garantías: SI, Descuento: NO, Créditos: SI, Entrega: NO, Tipo Entrega: cliente llevará
2026-01-20 06:48:50,084 - INFO - === PASO 5: EXTRAER NÚMERO COTIZACIÓN ===
2026-01-20 06:48:50,084 - INFO - === EXTRAYENDO NÚMERO DE COTIZACIÓN INICIAL ===
2026-01-20 06:48:52,126 - INFO - Número encontrado con selector: li.quotationNumberTitle p:last-child
2026-01-20 06:48:52,127 - INFO - Número de cotización: 11609217250002
2026-01-20 06:48:52,128 - INFO - Número base extraído: 11609217250002
2026-01-20 06:48:52,128 - INFO - Número único generado: 11609217250002_2128
2026-01-20 06:48:52,129 - INFO - === PASO 6: AGREGAR ITEMS ============================================================================
2026-01-20 06:48:52,129 - INFO - --- ITEM 1/2 ---
2026-01-20 06:48:52,130 - INFO - === MÓDULO 3: AGREGAR ITEM 1 ===
2026-01-20 06:48:52,130 - INFO - Código: 461431200016, Cantidad: 1
2026-01-20 06:48:52,131 - INFO - Esperando que campo búsqueda item 1 sea visible (timeout: 300s, se reinicia con progreso)...
2026-01-20 06:48:52,159 - INFO - PROGRESO: campo búsqueda item 1 visible - REINICIANDO timeout
2026-01-20 06:48:52,185 - INFO - OK - campo búsqueda item 1 listo después de 0.0s
2026-01-20 06:48:52,271 - INFO - Código 461431200016 ingresado en campo búsqueda
2026-01-20 06:48:52,307 - INFO - Enter enviado para búsqueda
2026-01-20 06:48:55,640 - INFO - Mensaje informativo (ignorado): Error
close
ERROR TO OBTAIN THE PARAMATER: permitirNoInventariadosSeguros...
2026-01-20 06:48:55,641 - INFO - Item 461431200016 procesado correctamente
2026-01-20 06:48:55,642 - INFO - === MÓDULO 4: GARANTÍAS ITEM 1 ===
2026-01-20 06:48:55,642 - INFO - Garantía: AGREGAR
2026-01-20 06:48:56,725 - INFO - Screenshot capturado: C1_07_pantalla_garantias_01.png
2026-01-20 06:49:02,765 - INFO - Botón Add encontrado: //button[contains(@class, 'btn-success') and contains(text(), 'Add')]
2026-01-20 06:49:02,793 - INFO - Click en Añadir garantía
2026-01-20 06:49:06,769 - INFO - Encontradas 6 opciones de garantía
2026-01-20 06:49:06,852 - INFO - Garantía seleccionada - precio: $82.25
2026-01-20 06:49:07,882 - INFO - Clic en botón final para garantía con precio
2026-01-20 06:49:08,990 - INFO - Screenshot capturado: C1_08_garantia_procesada_01.png
2026-01-20 06:49:10,095 - INFO - Screenshot capturado: C1_06_item_con_garantias_procesadas_01.png
2026-01-20 06:49:10,096 - INFO - Garantías procesadas para item 1
2026-01-20 06:49:10,097 - INFO - --- ITEM 2/2 ---
2026-01-20 06:49:10,098 - INFO - === MÓDULO 3: AGREGAR ITEM 2 ===
2026-01-20 06:49:10,099 - INFO - Código: 439766400005, Cantidad: 1
2026-01-20 06:49:10,100 - INFO - Esperando que campo búsqueda item 2 sea visible (timeout: 300s, se reinicia con progreso)...
2026-01-20 06:49:10,148 - INFO - PROGRESO: campo búsqueda item 2 visible - REINICIANDO timeout
2026-01-20 06:49:10,197 - INFO - OK - campo búsqueda item 2 listo después de 0.0s
2026-01-20 06:49:10,272 - INFO - Código 439766400005 ingresado en campo búsqueda
2026-01-20 06:49:10,336 - INFO - Enter enviado para búsqueda
2026-01-20 06:49:17,014 - INFO - Item 439766400005 procesado correctamente
2026-01-20 06:49:17,015 - INFO - === MÓDULO 4: GARANTÍAS ITEM 2 ===
2026-01-20 06:49:17,017 - INFO - Garantía: AGREGAR
2026-01-20 06:49:18,142 - INFO - Screenshot capturado: C1_07_pantalla_garantias_02.png
2026-01-20 06:49:24,210 - INFO - Botón Add encontrado: //button[contains(@class, 'btn-success') and contains(text(), 'Add')]
2026-01-20 06:49:24,247 - INFO - Click en Añadir garantía
2026-01-20 06:49:26,270 - INFO - Encontradas 6 opciones de garantía
2026-01-20 06:49:26,344 - INFO - Garantía seleccionada - precio: $212.50
2026-01-20 06:49:27,371 - INFO - Clic en botón final para garantía con precio
2026-01-20 06:49:28,500 - INFO - Screenshot capturado: C1_08_garantia_procesada_02.png
2026-01-20 06:49:29,676 - INFO - Screenshot capturado: C1_06_item_con_garantias_procesadas_02.png
2026-01-20 06:49:29,682 - INFO - Garantías procesadas para item 2
2026-01-20 06:49:29,691 - INFO - === PASO 7: ENLAZAR CUSTOMER ==========================================================================
2026-01-20 06:49:29,703 - INFO - === MÓDULO 5: ENLAZAR CUSTOMER ===
2026-01-20 06:49:29,848 - INFO - Screenshot capturado: C1_12_antes_enlazar_cliente.png
2026-01-20 06:49:34,908 - INFO - Enlace cliente encontrado: /html/body/div[2]/div[3]/div[28]/div[3]/h4/a
2026-01-20 06:49:34,951 - INFO - Click en enlace cliente
2026-01-20 06:49:38,056 - INFO - Screenshot capturado: C1_13_formulario_cliente.png
2026-01-20 06:49:39,439 - INFO - Cliente 057874256 ingresado
2026-01-20 06:49:40,562 - INFO - Screenshot capturado: C1_14_cliente_ingresado.png
2026-01-20 06:49:43,334 - INFO - Primer Next
2026-01-20 06:49:46,477 - INFO - Screenshot capturado: C1_15_primer_next.png
2026-01-20 06:49:51,788 - INFO - Segundo Next
2026-01-20 06:49:54,905 - INFO - Screenshot capturado: C1_16_segundo_next.png
2026-01-20 06:49:54,905 - INFO - Customer enlazado exitosamente
2026-01-20 06:49:54,906 - INFO - === PASO 9: DESCUENTO EMPLEADO ====================================================================
2026-01-20 06:49:54,907 - INFO - === MÓDULO 7: Creditos ==========================================================
2026-01-20 06:50:12,920 - INFO - Entrando al sistema de creditos
2026-01-20 06:50:23,390 - INFO - Dando click a al select una bandera del select
2026-01-20 06:50:28,413 - ERROR - Error general: Message: Unable to clear element that cannot be edited: <a class="ui-corner-all">
Stacktrace:
RemoteError@chrome://remote/content/shared/RemoteError.sys.mjs:8:8
WebDriverError@chrome://remote/content/shared/webdriver/Errors.sys.mjs:187:5
InvalidElementStateError@chrome://remote/content/shared/webdriver/Errors.sys.mjs:411:5
interaction.clearElement@chrome://remote/content/marionette/interaction.sys.mjs:336:11
clearElement@chrome://remote/content/marionette/actors/MarionetteCommandsChild.sys.mjs:205:22
receiveMessage@chrome://remote/content/marionette/actors/MarionetteCommandsChild.sys.mjs:93:16

2026-01-20 06:50:28,414 - INFO - 📋 Ver detalles del error en: logs\automatizacion_20260120.log
2026-01-20 06:50:28,417 - INFO - Limpiando recursos...
2026-01-20 06:50:28,417 - INFO - Eliminando screenshots residuales...
2026-01-20 06:50:28,445 - INFO - 14 screenshots residuales eliminados
2026-01-20 06:50:31,789 - INFO - Navegador cerrado
2026-01-20 06:50:31,789 - INFO - Limpieza de recursos completada
2026-01-20 06:50:31,790 - INFO - === AUTOMATIZACIÓN FINALIZADA ===
2026-01-20 06:56:41,662 - INFO - Log guardándose en: logs\automatizacion_20260120.log
2026-01-20 06:56:41,663 - INFO -  === AUTOMATIZACIÓN MODULAR INICIADA ===
2026-01-20 06:56:41,664 - INFO - Archivo: productos_avanzado.xlsx
2026-01-20 06:56:41,664 - INFO - === PASO 1: LECTURA EXCEL ===
2026-01-20 06:56:41,665 - INFO - === MÓDULO 1: LECTURA EXCEL ===
2026-01-20 06:56:41,665 - INFO - Archivo: productos_avanzado.xlsx
2026-01-20 06:56:41,782 - INFO - Columnas encontradas: ['cotizacion_id', 'codigo', 'descripcion', 'cantidad', 'con_garantia', 'descuento_empleado', 'con_creditos', 'entrega_cliente', 'COTIZACION', 'ESTADO', 'FECHA_PROCESADO', 'ARCHIVO_WORD', 'tipo_entrega', 'Unnamed: 13']
2026-01-20 06:56:41,807 - INFO - Se encontraron 13 cotizaciones
2026-01-20 06:56:41,808 - INFO - Cotización 1: 2 productos
2026-01-20 06:56:41,808 - INFO - Cotización 2: 3 productos
2026-01-20 06:56:41,808 - INFO - Cotización 3: 3 productos
2026-01-20 06:56:41,809 - INFO - Cotización 4: 3 productos
2026-01-20 06:56:41,809 - INFO - Cotización 5: 1 productos
2026-01-20 06:56:41,809 - INFO - Cotización 6: 1 productos
2026-01-20 06:56:41,810 - INFO - Cotización 7: 1 productos
2026-01-20 06:56:41,810 - INFO - Cotización 8: 1 productos
2026-01-20 06:56:41,811 - INFO - Cotización 9: 1 productos
2026-01-20 06:56:41,811 - INFO - Cotización 10: 3 productos
2026-01-20 06:56:41,811 - INFO - Cotización 11: 1 productos
2026-01-20 06:56:41,811 - INFO - Cotización 12: 4 productos
2026-01-20 06:56:41,812 - INFO - Cotización 13: 6 productos
2026-01-20 06:56:41,812 - INFO - === PASO 2: INICIALIZAR NAVEGADOR ===
2026-01-20 06:56:50,061 - INFO - Navegador Firefox inicializado con configuración limpia
2026-01-20 06:56:50,062 - INFO - === PASO 3: INICIAR SESIÓN ===
2026-01-20 06:56:50,064 - INFO - === MÓDULO 2: INICIO SESIÓN ===
2026-01-20 06:56:55,215 - INFO - Accediendo a: http://ursvtols8b3c:8080/engage-unicomer-web/
2026-01-20 06:56:55,393 - INFO - Credenciales ingresadas
2026-01-20 06:56:57,018 - INFO - Formulario enviado
2026-01-20 06:56:59,102 - INFO - Screenshot capturado: 01_login_resultado.png
2026-01-20 06:56:59,114 - INFO - Login exitoso - URL cambió
2026-01-20 06:56:59,115 - INFO - 
🔄 PROCESANDO COTIZACIÓN 1/13: 1
2026-01-20 06:56:59,116 - INFO - === PASO 4: INICIAR ORDEN DE COMPRA ===
2026-01-20 06:56:59,116 - INFO - Buscando botón 'Comience una Orden de Compra'...
2026-01-20 06:56:59,210 - INFO - Screenshot capturado: C1_02_dashboard.png
2026-01-20 06:56:59,211 - INFO - Intentando selector 1: /html/body/div[2]/div[4]/div/div/div[1]/a[1]/input
2026-01-20 06:56:59,212 - INFO - Esperando que botón orden selector 1 sea visible (timeout: 300s, se reinicia con progreso)...
2026-01-20 06:56:59,444 - INFO - PROGRESO: botón orden selector 1 visible - REINICIANDO timeout
2026-01-20 06:56:59,486 - INFO - OK - botón orden selector 1 listo después de 0.0s
2026-01-20 06:57:00,075 - INFO - Click exitoso en botón orden selector 1
2026-01-20 06:57:01,205 - INFO - Screenshot capturado: C1_04_formulario_orden.png
2026-01-20 06:57:01,206 - INFO - Click realizado en botón orden
2026-01-20 06:57:01,208 - INFO - Configuración - Garantías: SI, Descuento: NO, Créditos: SI, Entrega: NO, Tipo Entrega: cliente llevará
2026-01-20 06:57:01,210 - INFO - === PASO 5: EXTRAER NÚMERO COTIZACIÓN ===
2026-01-20 06:57:01,211 - INFO - === EXTRAYENDO NÚMERO DE COTIZACIÓN INICIAL ===
2026-01-20 06:57:03,289 - INFO - Número encontrado con selector: li.quotationNumberTitle p:last-child
2026-01-20 06:57:03,290 - INFO - Número de cotización: 11609218250003
2026-01-20 06:57:03,290 - INFO - Número base extraído: 11609218250003
2026-01-20 06:57:03,291 - INFO - Número único generado: 11609218250003_3290
2026-01-20 06:57:03,292 - INFO - === PASO 6: AGREGAR ITEMS ============================================================================
2026-01-20 06:57:03,293 - INFO - --- ITEM 1/2 ---
2026-01-20 06:57:03,294 - INFO - === MÓDULO 3: AGREGAR ITEM 1 ===
2026-01-20 06:57:03,294 - INFO - Código: 461431200016, Cantidad: 1
2026-01-20 06:57:03,295 - INFO - Esperando que campo búsqueda item 1 sea visible (timeout: 300s, se reinicia con progreso)...
2026-01-20 06:57:03,334 - INFO - PROGRESO: campo búsqueda item 1 visible - REINICIANDO timeout
2026-01-20 06:57:03,373 - INFO - OK - campo búsqueda item 1 listo después de 0.0s
2026-01-20 06:57:03,461 - INFO - Código 461431200016 ingresado en campo búsqueda
2026-01-20 06:57:03,497 - INFO - Enter enviado para búsqueda
2026-01-20 06:57:05,093 - INFO - Mensaje informativo (ignorado): Error
close
ERROR TO OBTAIN THE PARAMATER: permitirNoInventariadosSeguros...
2026-01-20 06:57:05,094 - INFO - Item 461431200016 procesado correctamente
2026-01-20 06:57:05,094 - INFO - === MÓDULO 4: GARANTÍAS ITEM 1 ===
2026-01-20 06:57:05,095 - INFO - Garantía: AGREGAR
2026-01-20 06:57:06,195 - INFO - Screenshot capturado: C1_07_pantalla_garantias_01.png
2026-01-20 06:57:12,247 - INFO - Botón Add encontrado: //button[contains(@class, 'btn-success') and contains(text(), 'Add')]
2026-01-20 06:57:12,282 - INFO - Click en Añadir garantía
2026-01-20 06:57:14,303 - INFO - Encontradas 6 opciones de garantía
2026-01-20 06:57:14,369 - INFO - Garantía seleccionada - precio: $82.25
2026-01-20 06:57:15,397 - INFO - Clic en botón final para garantía con precio
2026-01-20 06:57:16,466 - INFO - Screenshot capturado: C1_08_garantia_procesada_01.png
2026-01-20 06:57:17,596 - INFO - Screenshot capturado: C1_06_item_con_garantias_procesadas_01.png
2026-01-20 06:57:17,597 - INFO - Garantías procesadas para item 1
2026-01-20 06:57:17,598 - INFO - --- ITEM 2/2 ---
2026-01-20 06:57:17,599 - INFO - === MÓDULO 3: AGREGAR ITEM 2 ===
2026-01-20 06:57:17,600 - INFO - Código: 439766400005, Cantidad: 1
2026-01-20 06:57:17,601 - INFO - Esperando que campo búsqueda item 2 sea visible (timeout: 300s, se reinicia con progreso)...
2026-01-20 06:57:17,651 - INFO - PROGRESO: campo búsqueda item 2 visible - REINICIANDO timeout
2026-01-20 06:57:17,684 - INFO - OK - campo búsqueda item 2 listo después de 0.0s
2026-01-20 06:57:17,745 - INFO - Código 439766400005 ingresado en campo búsqueda
2026-01-20 06:57:17,785 - INFO - Enter enviado para búsqueda
2026-01-20 06:57:21,596 - INFO - Mensaje informativo (ignorado): Error
close
ERROR TO OBTAIN THE PARAMATER: permitirNoInventariadosSeguros...
2026-01-20 06:57:21,597 - INFO - Item 439766400005 procesado correctamente
2026-01-20 06:57:21,598 - INFO - === MÓDULO 4: GARANTÍAS ITEM 2 ===
2026-01-20 06:57:21,598 - INFO - Garantía: AGREGAR
2026-01-20 06:57:22,710 - INFO - Screenshot capturado: C1_07_pantalla_garantias_02.png
2026-01-20 06:57:28,759 - INFO - Botón Add encontrado: //button[contains(@class, 'btn-success') and contains(text(), 'Add')]
2026-01-20 06:57:28,791 - INFO - Click en Añadir garantía
2026-01-20 06:57:30,826 - INFO - Encontradas 6 opciones de garantía
2026-01-20 06:57:30,890 - INFO - Garantía seleccionada - precio: $212.50
2026-01-20 06:57:31,922 - INFO - Clic en botón final para garantía con precio
2026-01-20 06:57:33,024 - INFO - Screenshot capturado: C1_08_garantia_procesada_02.png
2026-01-20 06:57:34,097 - INFO - Screenshot capturado: C1_06_item_con_garantias_procesadas_02.png
2026-01-20 06:57:34,098 - INFO - Garantías procesadas para item 2
2026-01-20 06:57:34,099 - INFO - === PASO 7: ENLAZAR CUSTOMER ==========================================================================
2026-01-20 06:57:34,100 - INFO - === MÓDULO 5: ENLAZAR CUSTOMER ===
2026-01-20 06:57:34,171 - INFO - Screenshot capturado: C1_12_antes_enlazar_cliente.png
2026-01-20 06:57:39,216 - INFO - Enlace cliente encontrado: /html/body/div[2]/div[3]/div[28]/div[3]/h4/a
2026-01-20 06:57:39,244 - INFO - Click en enlace cliente
2026-01-20 06:57:42,317 - INFO - Screenshot capturado: C1_13_formulario_cliente.png
2026-01-20 06:57:43,648 - INFO - Cliente 057874256 ingresado
2026-01-20 06:57:44,714 - INFO - Screenshot capturado: C1_14_cliente_ingresado.png
2026-01-20 06:57:46,222 - INFO - Primer Next
2026-01-20 06:57:49,379 - INFO - Screenshot capturado: C1_15_primer_next.png
2026-01-20 06:57:54,664 - INFO - Segundo Next
2026-01-20 06:57:57,797 - INFO - Screenshot capturado: C1_16_segundo_next.png
2026-01-20 06:57:57,797 - INFO - Customer enlazado exitosamente
2026-01-20 06:57:57,798 - INFO - === PASO 9: DESCUENTO EMPLEADO ====================================================================
2026-01-20 06:57:57,799 - INFO - === MÓDULO 7: Creditos ==========================================================
2026-01-20 06:58:02,814 - INFO - Entrando al sistema de creditos
2026-01-20 06:58:09,324 - ERROR - Error general: Message: Select only works on <select> elements, not on ul

2026-01-20 06:58:09,325 - INFO - 📋 Ver detalles del error en: logs\automatizacion_20260120.log
2026-01-20 06:58:09,325 - INFO - Limpiando recursos...
2026-01-20 06:58:09,326 - INFO - Eliminando screenshots residuales...
2026-01-20 06:58:09,362 - INFO - 14 screenshots residuales eliminados
2026-01-20 06:58:12,877 - INFO - Navegador cerrado
2026-01-20 06:58:12,877 - INFO - Limpieza de recursos completada
2026-01-20 06:58:12,877 - INFO - === AUTOMATIZACIÓN FINALIZADA ===
2026-01-20 07:10:33,971 - INFO - Log guardándose en: logs\automatizacion_20260120.log
2026-01-20 07:10:33,972 - INFO -  === AUTOMATIZACIÓN MODULAR INICIADA ===
2026-01-20 07:10:33,972 - INFO - Archivo: productos_avanzado.xlsx
2026-01-20 07:10:33,972 - INFO - === PASO 1: LECTURA EXCEL ===
2026-01-20 07:10:33,972 - INFO - === MÓDULO 1: LECTURA EXCEL ===
2026-01-20 07:10:33,973 - INFO - Archivo: productos_avanzado.xlsx
2026-01-20 07:10:34,057 - INFO - Columnas encontradas: ['cotizacion_id', 'codigo', 'descripcion', 'cantidad', 'con_garantia', 'descuento_empleado', 'con_creditos', 'entrega_cliente', 'COTIZACION', 'ESTADO', 'FECHA_PROCESADO', 'ARCHIVO_WORD', 'tipo_entrega', 'Unnamed: 13']
2026-01-20 07:10:34,075 - INFO - Se encontraron 13 cotizaciones
2026-01-20 07:10:34,075 - INFO - Cotización 1: 2 productos
2026-01-20 07:10:34,076 - INFO - Cotización 2: 3 productos
2026-01-20 07:10:34,076 - INFO - Cotización 3: 3 productos
2026-01-20 07:10:34,076 - INFO - Cotización 4: 3 productos
2026-01-20 07:10:34,077 - INFO - Cotización 5: 1 productos
2026-01-20 07:10:34,077 - INFO - Cotización 6: 1 productos
2026-01-20 07:10:34,078 - INFO - Cotización 7: 1 productos
2026-01-20 07:10:34,078 - INFO - Cotización 8: 1 productos
2026-01-20 07:10:34,078 - INFO - Cotización 9: 1 productos
2026-01-20 07:10:34,078 - INFO - Cotización 10: 3 productos
2026-01-20 07:10:34,078 - INFO - Cotización 11: 1 productos
2026-01-20 07:10:34,079 - INFO - Cotización 12: 4 productos
2026-01-20 07:10:34,079 - INFO - Cotización 13: 6 productos
2026-01-20 07:10:34,079 - INFO - === PASO 2: INICIALIZAR NAVEGADOR ===
2026-01-20 07:10:48,273 - INFO - Navegador Firefox inicializado con configuración limpia
2026-01-20 07:10:48,274 - INFO - === PASO 3: INICIAR SESIÓN ===
2026-01-20 07:10:48,275 - INFO - === MÓDULO 2: INICIO SESIÓN ===
2026-01-20 07:10:53,049 - INFO - Accediendo a: http://ursvtols8b3c:8080/engage-unicomer-web/
2026-01-20 07:10:53,250 - INFO - Credenciales ingresadas
2026-01-20 07:10:55,706 - INFO - Formulario enviado
2026-01-20 07:10:58,053 - INFO - Screenshot capturado: 01_login_resultado.png
2026-01-20 07:10:58,077 - INFO - Login exitoso - URL cambió
2026-01-20 07:10:58,078 - INFO - 
🔄 PROCESANDO COTIZACIÓN 1/13: 1
2026-01-20 07:10:58,078 - INFO - === PASO 4: INICIAR ORDEN DE COMPRA ===
2026-01-20 07:10:58,079 - INFO - Buscando botón 'Comience una Orden de Compra'...
2026-01-20 07:10:58,336 - INFO - Screenshot capturado: C1_02_dashboard.png
2026-01-20 07:10:58,337 - INFO - Intentando selector 1: /html/body/div[2]/div[4]/div/div/div[1]/a[1]/input
2026-01-20 07:10:58,338 - INFO - Esperando que botón orden selector 1 sea visible (timeout: 300s, se reinicia con progreso)...
2026-01-20 07:10:58,689 - INFO - PROGRESO: botón orden selector 1 visible - REINICIANDO timeout
2026-01-20 07:10:58,734 - INFO - OK - botón orden selector 1 listo después de 0.0s
2026-01-20 07:10:59,336 - INFO - Click exitoso en botón orden selector 1
2026-01-20 07:11:00,551 - INFO - Screenshot capturado: C1_04_formulario_orden.png
2026-01-20 07:11:00,558 - INFO - Click realizado en botón orden
2026-01-20 07:11:00,563 - INFO - Configuración - Garantías: SI, Descuento: NO, Créditos: SI, Entrega: NO, Tipo Entrega: cliente llevará
2026-01-20 07:11:00,565 - INFO - === PASO 5: EXTRAER NÚMERO COTIZACIÓN ===
2026-01-20 07:11:00,566 - INFO - === EXTRAYENDO NÚMERO DE COTIZACIÓN INICIAL ===
2026-01-20 07:11:02,638 - INFO - Número encontrado con selector: li.quotationNumberTitle p:last-child
2026-01-20 07:11:02,639 - INFO - Número de cotización: 11609219250008
2026-01-20 07:11:02,640 - INFO - Número base extraído: 11609219250008
2026-01-20 07:11:02,641 - INFO - Número único generado: 11609219250008_2640
2026-01-20 07:11:02,643 - INFO - === PASO 6: AGREGAR ITEMS ============================================================================
2026-01-20 07:11:02,644 - INFO - --- ITEM 1/2 ---
2026-01-20 07:11:02,644 - INFO - === MÓDULO 3: AGREGAR ITEM 1 ===
2026-01-20 07:11:02,645 - INFO - Código: 461431200016, Cantidad: 1
2026-01-20 07:11:02,646 - INFO - Esperando que campo búsqueda item 1 sea visible (timeout: 300s, se reinicia con progreso)...
2026-01-20 07:11:02,708 - INFO - PROGRESO: campo búsqueda item 1 visible - REINICIANDO timeout
2026-01-20 07:11:02,787 - INFO - OK - campo búsqueda item 1 listo después de 0.0s
2026-01-20 07:11:02,942 - INFO - Código 461431200016 ingresado en campo búsqueda
2026-01-20 07:11:02,997 - INFO - Enter enviado para búsqueda
2026-01-20 07:11:04,674 - INFO - Item 461431200016 procesado correctamente
2026-01-20 07:11:04,675 - INFO - === MÓDULO 4: GARANTÍAS ITEM 1 ===
2026-01-20 07:11:04,675 - INFO - Garantía: AGREGAR
2026-01-20 07:11:05,830 - INFO - Screenshot capturado: C1_07_pantalla_garantias_01.png
2026-01-20 07:11:11,909 - INFO - Botón Add encontrado: //button[contains(@class, 'btn-success') and contains(text(), 'Add')]
2026-01-20 07:11:11,951 - INFO - Click en Añadir garantía
2026-01-20 07:11:13,982 - INFO - Encontradas 6 opciones de garantía
2026-01-20 07:11:14,072 - INFO - Garantía seleccionada - precio: $82.25
2026-01-20 07:11:15,107 - INFO - Clic en botón final para garantía con precio
2026-01-20 07:11:16,191 - INFO - Screenshot capturado: C1_08_garantia_procesada_01.png
2026-01-20 07:11:17,271 - INFO - Screenshot capturado: C1_06_item_con_garantias_procesadas_01.png
2026-01-20 07:11:17,271 - INFO - Garantías procesadas para item 1
2026-01-20 07:11:17,272 - INFO - --- ITEM 2/2 ---
2026-01-20 07:11:17,273 - INFO - === MÓDULO 3: AGREGAR ITEM 2 ===
2026-01-20 07:11:17,273 - INFO - Código: 439766400005, Cantidad: 1
2026-01-20 07:11:17,275 - INFO - Esperando que campo búsqueda item 2 sea visible (timeout: 300s, se reinicia con progreso)...
2026-01-20 07:11:17,321 - INFO - PROGRESO: campo búsqueda item 2 visible - REINICIANDO timeout
2026-01-20 07:11:17,350 - INFO - OK - campo búsqueda item 2 listo después de 0.0s
2026-01-20 07:11:17,419 - INFO - Código 439766400005 ingresado en campo búsqueda
2026-01-20 07:11:17,460 - INFO - Enter enviado para búsqueda
2026-01-20 07:11:21,456 - INFO - Mensaje informativo (ignorado): Error
close
ERROR TO OBTAIN THE PARAMATER: permitirNoInventariadosSeguros...
2026-01-20 07:11:21,457 - INFO - Item 439766400005 procesado correctamente
2026-01-20 07:11:21,458 - INFO - === MÓDULO 4: GARANTÍAS ITEM 2 ===
2026-01-20 07:11:21,458 - INFO - Garantía: AGREGAR
2026-01-20 07:11:22,617 - INFO - Screenshot capturado: C1_07_pantalla_garantias_02.png
2026-01-20 07:11:28,660 - INFO - Botón Add encontrado: //button[contains(@class, 'btn-success') and contains(text(), 'Add')]
2026-01-20 07:11:28,685 - INFO - Click en Añadir garantía
2026-01-20 07:11:30,706 - INFO - Encontradas 6 opciones de garantía
2026-01-20 07:11:30,800 - INFO - Garantía seleccionada - precio: $212.50
2026-01-20 07:11:31,823 - INFO - Clic en botón final para garantía con precio
2026-01-20 07:11:32,918 - INFO - Screenshot capturado: C1_08_garantia_procesada_02.png
2026-01-20 07:11:33,990 - INFO - Screenshot capturado: C1_06_item_con_garantias_procesadas_02.png
2026-01-20 07:11:33,991 - INFO - Garantías procesadas para item 2
2026-01-20 07:11:33,991 - INFO - === PASO 7: ENLAZAR CUSTOMER ==========================================================================
2026-01-20 07:11:33,992 - INFO - === MÓDULO 5: ENLAZAR CUSTOMER ===
2026-01-20 07:11:34,060 - INFO - Screenshot capturado: C1_12_antes_enlazar_cliente.png
2026-01-20 07:11:39,098 - INFO - Enlace cliente encontrado: /html/body/div[2]/div[3]/div[28]/div[3]/h4/a
2026-01-20 07:11:39,125 - INFO - Click en enlace cliente
2026-01-20 07:11:42,207 - INFO - Screenshot capturado: C1_13_formulario_cliente.png
2026-01-20 07:11:44,050 - INFO - Cliente 057874256 ingresado
2026-01-20 07:11:45,169 - INFO - Screenshot capturado: C1_14_cliente_ingresado.png
2026-01-20 07:11:46,513 - INFO - Primer Next
2026-01-20 07:11:49,653 - INFO - Screenshot capturado: C1_15_primer_next.png
2026-01-20 07:11:54,949 - INFO - Segundo Next
2026-01-20 07:11:58,051 - INFO - Screenshot capturado: C1_16_segundo_next.png
2026-01-20 07:11:58,052 - INFO - Customer enlazado exitosamente
2026-01-20 07:11:58,052 - INFO - === PASO 9: DESCUENTO EMPLEADO ====================================================================
2026-01-20 07:11:58,053 - INFO - === MÓDULO 7: Creditos ==========================================================
2026-01-20 07:12:03,498 - INFO - Entrando al sistema de creditos
2026-01-20 07:17:12,665 - ERROR - Error general: Message: 
Stacktrace:
RemoteError@chrome://remote/content/shared/RemoteError.sys.mjs:8:8
WebDriverError@chrome://remote/content/shared/webdriver/Errors.sys.mjs:187:5
NoSuchElementError@chrome://remote/content/shared/webdriver/Errors.sys.mjs:505:5
element.find/</<@chrome://remote/content/marionette/element.sys.mjs:135:16

2026-01-20 07:17:12,665 - INFO - 📋 Ver detalles del error en: logs\automatizacion_20260120.log
2026-01-20 07:17:12,666 - INFO - Limpiando recursos...
2026-01-20 07:17:12,667 - INFO - Eliminando screenshots residuales...
2026-01-20 07:17:12,691 - INFO - 14 screenshots residuales eliminados
2026-01-20 07:17:16,557 - INFO - Navegador cerrado
2026-01-20 07:17:16,557 - INFO - Limpieza de recursos completada
2026-01-20 07:17:16,558 - INFO - === AUTOMATIZACIÓN FINALIZADA ===
2026-01-20 07:17:43,457 - INFO - Log guardándose en: logs\automatizacion_20260120.log
2026-01-20 07:17:43,458 - INFO -  === AUTOMATIZACIÓN MODULAR INICIADA ===
2026-01-20 07:17:43,458 - INFO - Archivo: productos_avanzado.xlsx
2026-01-20 07:17:43,459 - INFO - === PASO 1: LECTURA EXCEL ===
2026-01-20 07:17:43,459 - INFO - === MÓDULO 1: LECTURA EXCEL ===
2026-01-20 07:17:43,459 - INFO - Archivo: productos_avanzado.xlsx
2026-01-20 07:17:43,495 - INFO - Columnas encontradas: ['cotizacion_id', 'codigo', 'descripcion', 'cantidad', 'con_garantia', 'descuento_empleado', 'con_creditos', 'entrega_cliente', 'COTIZACION', 'ESTADO', 'FECHA_PROCESADO', 'ARCHIVO_WORD', 'tipo_entrega', 'Unnamed: 13']
2026-01-20 07:17:43,509 - INFO - Se encontraron 13 cotizaciones
2026-01-20 07:17:43,509 - INFO - Cotización 1: 2 productos
2026-01-20 07:17:43,509 - INFO - Cotización 2: 3 productos
2026-01-20 07:17:43,510 - INFO - Cotización 3: 3 productos
2026-01-20 07:17:43,510 - INFO - Cotización 4: 3 productos
2026-01-20 07:17:43,510 - INFO - Cotización 5: 1 productos
2026-01-20 07:17:43,511 - INFO - Cotización 6: 1 productos
2026-01-20 07:17:43,511 - INFO - Cotización 7: 1 productos
2026-01-20 07:17:43,512 - INFO - Cotización 8: 1 productos
2026-01-20 07:17:43,512 - INFO - Cotización 9: 1 productos
2026-01-20 07:17:43,513 - INFO - Cotización 10: 3 productos
2026-01-20 07:17:43,513 - INFO - Cotización 11: 1 productos
2026-01-20 07:17:43,513 - INFO - Cotización 12: 4 productos
2026-01-20 07:17:43,513 - INFO - Cotización 13: 6 productos
2026-01-20 07:17:43,513 - INFO - === PASO 2: INICIALIZAR NAVEGADOR ===
2026-01-20 07:17:51,265 - INFO - Navegador Firefox inicializado con configuración limpia
2026-01-20 07:17:51,266 - INFO - === PASO 3: INICIAR SESIÓN ===
2026-01-20 07:17:51,267 - INFO - === MÓDULO 2: INICIO SESIÓN ===
2026-01-20 07:17:54,200 - INFO - Accediendo a: http://ursvtols8b3c:8080/engage-unicomer-web/
2026-01-20 07:17:54,636 - INFO - Credenciales ingresadas
2026-01-20 07:17:56,930 - INFO - Formulario enviado
2026-01-20 07:17:59,134 - INFO - Screenshot capturado: 01_login_resultado.png
2026-01-20 07:17:59,148 - INFO - Login exitoso - URL cambió
2026-01-20 07:17:59,148 - INFO - 
🔄 PROCESANDO COTIZACIÓN 1/13: 1
2026-01-20 07:17:59,149 - INFO - === PASO 4: INICIAR ORDEN DE COMPRA ===
2026-01-20 07:17:59,150 - INFO - Buscando botón 'Comience una Orden de Compra'...
2026-01-20 07:17:59,326 - INFO - Screenshot capturado: C1_02_dashboard.png
2026-01-20 07:17:59,328 - INFO - Intentando selector 1: /html/body/div[2]/div[4]/div/div/div[1]/a[1]/input
2026-01-20 07:17:59,329 - INFO - Esperando que botón orden selector 1 sea visible (timeout: 300s, se reinicia con progreso)...
2026-01-20 07:17:59,417 - INFO - PROGRESO: botón orden selector 1 visible - REINICIANDO timeout
2026-01-20 07:17:59,457 - INFO - OK - botón orden selector 1 listo después de 0.0s
2026-01-20 07:18:00,052 - INFO - Click exitoso en botón orden selector 1
2026-01-20 07:18:01,302 - INFO - Screenshot capturado: C1_04_formulario_orden.png
2026-01-20 07:18:01,303 - INFO - Click realizado en botón orden
2026-01-20 07:18:01,304 - INFO - Configuración - Garantías: SI, Descuento: NO, Créditos: SI, Entrega: NO, Tipo Entrega: cliente llevará
2026-01-20 07:18:01,306 - INFO - === PASO 5: EXTRAER NÚMERO COTIZACIÓN ===
2026-01-20 07:18:01,307 - INFO - === EXTRAYENDO NÚMERO DE COTIZACIÓN INICIAL ===
2026-01-20 07:18:03,381 - INFO - Número encontrado con selector: li.quotationNumberTitle p:last-child
2026-01-20 07:18:03,382 - INFO - Número de cotización: 11609220250007
2026-01-20 07:18:03,382 - INFO - Número base extraído: 11609220250007
2026-01-20 07:18:03,383 - INFO - Número único generado: 11609220250007_3382
2026-01-20 07:18:03,384 - INFO - === PASO 6: AGREGAR ITEMS ============================================================================
2026-01-20 07:18:03,384 - INFO - --- ITEM 1/2 ---
2026-01-20 07:18:03,385 - INFO - === MÓDULO 3: AGREGAR ITEM 1 ===
2026-01-20 07:18:03,386 - INFO - Código: 461431200016, Cantidad: 1
2026-01-20 07:18:03,386 - INFO - Esperando que campo búsqueda item 1 sea visible (timeout: 300s, se reinicia con progreso)...
2026-01-20 07:18:03,429 - INFO - PROGRESO: campo búsqueda item 1 visible - REINICIANDO timeout
2026-01-20 07:18:03,474 - INFO - OK - campo búsqueda item 1 listo después de 0.0s
2026-01-20 07:18:03,559 - INFO - Código 461431200016 ingresado en campo búsqueda
2026-01-20 07:18:03,603 - INFO - Enter enviado para búsqueda
2026-01-20 07:18:05,188 - INFO - Mensaje informativo (ignorado): Error
close
ERROR TO OBTAIN THE PARAMATER: permitirNoInventariadosSeguros...
2026-01-20 07:18:05,189 - INFO - Item 461431200016 procesado correctamente
2026-01-20 07:18:05,190 - INFO - === MÓDULO 4: GARANTÍAS ITEM 1 ===
2026-01-20 07:18:05,190 - INFO - Garantía: AGREGAR
2026-01-20 07:18:06,367 - INFO - Screenshot capturado: C1_07_pantalla_garantias_01.png
2026-01-20 07:18:12,402 - INFO - Botón Add encontrado: //button[contains(@class, 'btn-success') and contains(text(), 'Add')]
2026-01-20 07:18:12,480 - INFO - Click en Añadir garantía
2026-01-20 07:18:14,501 - INFO - Encontradas 6 opciones de garantía
2026-01-20 07:18:14,569 - INFO - Garantía seleccionada - precio: $82.25
2026-01-20 07:18:15,593 - INFO - Clic en botón final para garantía con precio
2026-01-20 07:18:16,655 - INFO - Screenshot capturado: C1_08_garantia_procesada_01.png
2026-01-20 07:18:17,772 - INFO - Screenshot capturado: C1_06_item_con_garantias_procesadas_01.png
2026-01-20 07:18:17,773 - INFO - Garantías procesadas para item 1
2026-01-20 07:18:17,774 - INFO - --- ITEM 2/2 ---
2026-01-20 07:18:17,775 - INFO - === MÓDULO 3: AGREGAR ITEM 2 ===
2026-01-20 07:18:17,776 - INFO - Código: 439766400005, Cantidad: 1
2026-01-20 07:18:17,777 - INFO - Esperando que campo búsqueda item 2 sea visible (timeout: 300s, se reinicia con progreso)...
2026-01-20 07:18:17,878 - INFO - PROGRESO: campo búsqueda item 2 visible - REINICIANDO timeout
2026-01-20 07:18:17,924 - INFO - OK - campo búsqueda item 2 listo después de 0.0s
2026-01-20 07:18:18,029 - INFO - Código 439766400005 ingresado en campo búsqueda
2026-01-20 07:18:18,081 - INFO - Enter enviado para búsqueda
2026-01-20 07:18:22,230 - INFO - Mensaje informativo (ignorado): Error
close
ERROR TO OBTAIN THE PARAMATER: permitirNoInventariadosSeguros...
2026-01-20 07:18:22,231 - INFO - Item 439766400005 procesado correctamente
2026-01-20 07:18:22,231 - INFO - === MÓDULO 4: GARANTÍAS ITEM 2 ===
2026-01-20 07:18:22,232 - INFO - Garantía: AGREGAR
2026-01-20 07:18:23,350 - INFO - Screenshot capturado: C1_07_pantalla_garantias_02.png
2026-01-20 07:18:29,395 - INFO - Botón Add encontrado: //button[contains(@class, 'btn-success') and contains(text(), 'Add')]
2026-01-20 07:18:29,418 - INFO - Click en Añadir garantía
2026-01-20 07:18:31,441 - INFO - Encontradas 6 opciones de garantía
2026-01-20 07:18:31,515 - INFO - Garantía seleccionada - precio: $212.50
2026-01-20 07:18:32,532 - INFO - Clic en botón final para garantía con precio
2026-01-20 07:18:33,609 - INFO - Screenshot capturado: C1_08_garantia_procesada_02.png
2026-01-20 07:18:34,692 - INFO - Screenshot capturado: C1_06_item_con_garantias_procesadas_02.png
2026-01-20 07:18:34,693 - INFO - Garantías procesadas para item 2
2026-01-20 07:18:34,694 - INFO - === PASO 7: ENLAZAR CUSTOMER ==========================================================================
2026-01-20 07:18:34,694 - INFO - === MÓDULO 5: ENLAZAR CUSTOMER ===
2026-01-20 07:18:34,781 - INFO - Screenshot capturado: C1_12_antes_enlazar_cliente.png
2026-01-20 07:18:39,822 - INFO - Enlace cliente encontrado: /html/body/div[2]/div[3]/div[28]/div[3]/h4/a
2026-01-20 07:18:39,844 - INFO - Click en enlace cliente
2026-01-20 07:18:42,912 - INFO - Screenshot capturado: C1_13_formulario_cliente.png
2026-01-20 07:18:44,244 - INFO - Cliente 057874256 ingresado
2026-01-20 07:18:45,310 - INFO - Screenshot capturado: C1_14_cliente_ingresado.png
2026-01-20 07:18:46,304 - INFO - Primer Next
2026-01-20 07:18:49,381 - INFO - Screenshot capturado: C1_15_primer_next.png
2026-01-20 07:18:54,691 - INFO - Segundo Next
2026-01-20 07:18:57,758 - INFO - Screenshot capturado: C1_16_segundo_next.png
2026-01-20 07:18:57,759 - INFO - Customer enlazado exitosamente
2026-01-20 07:18:57,759 - INFO - === PASO 9: DESCUENTO EMPLEADO ====================================================================
2026-01-20 07:18:57,761 - INFO - === MÓDULO 7: Creditos ==========================================================
2026-01-20 07:19:02,722 - INFO - Entrando al sistema de creditos
2026-01-20 07:19:08,755 - INFO - Haciendo scroll hacia el final
2026-01-20 07:20:30,840 - INFO - ===================================================================================================
2026-01-20 07:20:30,841 - INFO - === PASO 11: FINALIZAR COTIZACIÓN ===
2026-01-20 07:20:30,842 - INFO - === FINALIZANDO COTIZACIÓN ===
2026-01-20 07:20:30,898 - INFO - Screenshot capturado: C1_17_antes_finalizar.png
2026-01-20 07:20:32,899 - INFO - PASO 1: Click en botón finalizar
2026-01-20 07:20:50,963 - INFO - ✓ Botón finalizar encontrado con: //button[contains(@class, 'btn-success') and contains(text(), 'Save')]
2026-01-20 07:20:51,016 - INFO - Screenshot capturado: C1_18_antes_finalizar.png
2026-01-20 07:20:51,016 - INFO - 🔧 Preservando datos de sesión...
2026-01-20 07:20:51,024 - INFO - 📝 Sesión preservada - OrderID: undefined, SessionData: 
2026-01-20 07:20:51,033 - INFO - ✓ Click en botón finalizar exitoso
2026-01-20 07:20:59,058 - INFO - 📋 Modales encontrados: 11
2026-01-20 07:20:59,096 - INFO -   Modal 1: tag=a, id=managerLink, visible=False
2026-01-20 07:20:59,128 - INFO -   Modal 2: tag=div, id=managerDialog, visible=False
2026-01-20 07:20:59,148 - INFO -   Modal 3: tag=div, id=, visible=False
2026-01-20 07:20:59,153 - INFO - 📝 Formularios encontrados: 2
2026-01-20 07:20:59,154 - INFO - 🔍 MONITOREANDO ESTADO POST-SAVE...
2026-01-20 07:21:00,158 - INFO - 📍 Segundo 1: URL = http://ursvtols8b3c:8080/engage-unicomer-web/cashLoan/index
2026-01-20 07:21:00,162 - INFO - 📄 Segundo 1: Título = Grupo Unicomer
2026-01-20 07:21:00,291 - INFO - 🔘 Segundo 1: Botones visibles = ['Back', 'Next', 'Save', 'Cancel']
2026-01-20 07:21:05,296 - INFO - 🖨️ Segundo 1: Printer Group NO encontrado
2026-01-20 07:21:05,300 - INFO - 🐛 Segundo 1: JS Console disponible
2026-01-20 07:21:05,313 - INFO - 💾 Segundo 1: Session=undefined, Local=undefined
2026-01-20 07:21:06,322 - INFO - 📍 Segundo 2: URL = http://ursvtols8b3c:8080/engage-unicomer-web/cashLoan/index
2026-01-20 07:21:06,326 - INFO - 📄 Segundo 2: Título = Grupo Unicomer
2026-01-20 07:21:06,458 - INFO - 🔘 Segundo 2: Botones visibles = ['Back', 'Next', 'Save', 'Cancel']
2026-01-20 07:21:11,463 - INFO - 🖨️ Segundo 2: Printer Group NO encontrado
2026-01-20 07:21:11,469 - INFO - 🐛 Segundo 2: JS Console disponible
2026-01-20 07:21:11,478 - INFO - 💾 Segundo 2: Session=undefined, Local=undefined
2026-01-20 07:21:12,482 - INFO - 📍 Segundo 3: URL = http://ursvtols8b3c:8080/engage-unicomer-web/cashLoan/index
2026-01-20 07:21:12,485 - INFO - 📄 Segundo 3: Título = Grupo Unicomer
2026-01-20 07:21:12,604 - INFO - 🔘 Segundo 3: Botones visibles = ['Back', 'Next', 'Save', 'Cancel']
2026-01-20 07:21:17,615 - INFO - 🖨️ Segundo 3: Printer Group NO encontrado
2026-01-20 07:21:17,619 - INFO - 🐛 Segundo 3: JS Console disponible
2026-01-20 07:21:17,628 - INFO - 💾 Segundo 3: Session=undefined, Local=undefined
2026-01-20 07:21:18,632 - INFO - 📍 Segundo 4: URL = http://ursvtols8b3c:8080/engage-unicomer-web/cashLoan/index
2026-01-20 07:21:18,636 - INFO - 📄 Segundo 4: Título = Grupo Unicomer
2026-01-20 07:21:18,743 - INFO - 🔘 Segundo 4: Botones visibles = ['Back', 'Next', 'Save', 'Cancel']
2026-01-20 07:21:23,761 - INFO - 🖨️ Segundo 4: Printer Group NO encontrado
2026-01-20 07:21:23,765 - INFO - 🐛 Segundo 4: JS Console disponible
2026-01-20 07:21:23,772 - INFO - 💾 Segundo 4: Session=undefined, Local=undefined
2026-01-20 07:21:24,776 - INFO - 📍 Segundo 5: URL = http://ursvtols8b3c:8080/engage-unicomer-web/cashLoan/index
2026-01-20 07:21:24,779 - INFO - 📄 Segundo 5: Título = Grupo Unicomer
2026-01-20 07:21:24,894 - INFO - 🔘 Segundo 5: Botones visibles = ['Back', 'Next', 'Save', 'Cancel']
2026-01-20 07:21:29,904 - INFO - 🖨️ Segundo 5: Printer Group NO encontrado
2026-01-20 07:21:29,910 - INFO - 🐛 Segundo 5: JS Console disponible
2026-01-20 07:21:29,917 - INFO - 💾 Segundo 5: Session=undefined, Local=undefined
2026-01-20 07:21:30,921 - INFO - 📍 Segundo 6: URL = http://ursvtols8b3c:8080/engage-unicomer-web/cashLoan/index
2026-01-20 07:21:30,924 - INFO - 📄 Segundo 6: Título = Grupo Unicomer
2026-01-20 07:21:31,022 - INFO - 🔘 Segundo 6: Botones visibles = ['Back', 'Next', 'Save', 'Cancel']
2026-01-20 07:21:36,037 - INFO - 🖨️ Segundo 6: Printer Group NO encontrado
2026-01-20 07:21:36,042 - INFO - 🐛 Segundo 6: JS Console disponible
2026-01-20 07:21:36,051 - INFO - 💾 Segundo 6: Session=undefined, Local=undefined
2026-01-20 07:21:37,055 - INFO - 📍 Segundo 7: URL = http://ursvtols8b3c:8080/engage-unicomer-web/cashLoan/index
2026-01-20 07:21:37,058 - INFO - 📄 Segundo 7: Título = Grupo Unicomer
2026-01-20 07:21:37,162 - INFO - 🔘 Segundo 7: Botones visibles = ['Back', 'Next', 'Save', 'Cancel']
2026-01-20 07:21:42,165 - INFO - 🖨️ Segundo 7: Printer Group NO encontrado
2026-01-20 07:21:42,173 - INFO - 🐛 Segundo 7: JS Console disponible
2026-01-20 07:21:42,182 - INFO - 💾 Segundo 7: Session=undefined, Local=undefined
2026-01-20 07:21:43,186 - INFO - 📍 Segundo 8: URL = http://ursvtols8b3c:8080/engage-unicomer-web/cashLoan/index
2026-01-20 07:21:43,189 - INFO - 📄 Segundo 8: Título = Grupo Unicomer
2026-01-20 07:21:43,301 - INFO - 🔘 Segundo 8: Botones visibles = ['Back', 'Next', 'Save', 'Cancel']
2026-01-20 07:21:48,323 - INFO - 🖨️ Segundo 8: Printer Group NO encontrado
2026-01-20 07:21:48,329 - INFO - 🐛 Segundo 8: JS Console disponible
2026-01-20 07:21:48,342 - INFO - 💾 Segundo 8: Session=undefined, Local=undefined
2026-01-20 07:21:49,346 - INFO - 📍 Segundo 9: URL = http://ursvtols8b3c:8080/engage-unicomer-web/cashLoan/index
2026-01-20 07:21:49,350 - INFO - 📄 Segundo 9: Título = Grupo Unicomer
2026-01-20 07:21:49,472 - INFO - 🔘 Segundo 9: Botones visibles = ['Back', 'Next', 'Save', 'Cancel']
2026-01-20 07:21:54,485 - INFO - 🖨️ Segundo 9: Printer Group NO encontrado
2026-01-20 07:21:54,490 - INFO - 🐛 Segundo 9: JS Console disponible
2026-01-20 07:21:54,502 - INFO - 💾 Segundo 9: Session=undefined, Local=undefined
2026-01-20 07:21:55,506 - INFO - 📍 Segundo 10: URL = http://ursvtols8b3c:8080/engage-unicomer-web/cashLoan/index
2026-01-20 07:21:55,508 - INFO - 📄 Segundo 10: Título = Grupo Unicomer
2026-01-20 07:21:55,647 - INFO - 🔘 Segundo 10: Botones visibles = ['Back', 'Next', 'Save', 'Cancel']
2026-01-20 07:22:00,663 - INFO - 🖨️ Segundo 10: Printer Group NO encontrado
2026-01-20 07:22:00,668 - INFO - 🐛 Segundo 10: JS Console disponible
2026-01-20 07:22:00,677 - INFO - 💾 Segundo 10: Session=undefined, Local=undefined
2026-01-20 07:22:00,680 - INFO - 🏁 FIN DE MONITOREO POST-SAVE
2026-01-20 07:22:00,681 - INFO - 🔄 Buscando botón Save en página delivery/search...
2026-01-20 07:22:05,689 - INFO - ℹ️ No se encontró botón Save en delivery/search
2026-01-20 07:22:05,690 - INFO - 🔄 Verificación final del Printer Group...
2026-01-20 07:22:11,477 - WARNING - Error en verificación final: ('Connection aborted.', ConnectionResetError(10054, 'Se ha forzado la interrupción de una conexión existente por el host remoto', None, 10054, None))
2026-01-20 07:24:05,599 - INFO - Log guardándose en: logs\automatizacion_20260120.log
2026-01-20 07:24:05,599 - INFO -  === AUTOMATIZACIÓN MODULAR INICIADA ===
2026-01-20 07:24:05,599 - INFO - Archivo: productos_avanzado.xlsx
2026-01-20 07:24:05,599 - INFO - === PASO 1: LECTURA EXCEL ===
2026-01-20 07:24:05,599 - INFO - === MÓDULO 1: LECTURA EXCEL ===
2026-01-20 07:24:05,600 - INFO - Archivo: productos_avanzado.xlsx
2026-01-20 07:24:05,630 - INFO - Columnas encontradas: ['cotizacion_id', 'codigo', 'descripcion', 'cantidad', 'con_garantia', 'descuento_empleado', 'con_creditos', 'entrega_cliente', 'COTIZACION', 'ESTADO', 'FECHA_PROCESADO', 'ARCHIVO_WORD', 'tipo_entrega', 'Unnamed: 13']
2026-01-20 07:24:05,638 - INFO - Se encontraron 13 cotizaciones
2026-01-20 07:24:05,639 - INFO - Cotización 1: 2 productos
2026-01-20 07:24:05,639 - INFO - Cotización 2: 3 productos
2026-01-20 07:24:05,639 - INFO - Cotización 3: 3 productos
2026-01-20 07:24:05,639 - INFO - Cotización 4: 3 productos
2026-01-20 07:24:05,639 - INFO - Cotización 5: 1 productos
2026-01-20 07:24:05,639 - INFO - Cotización 6: 1 productos
2026-01-20 07:24:05,640 - INFO - Cotización 7: 1 productos
2026-01-20 07:24:05,640 - INFO - Cotización 8: 1 productos
2026-01-20 07:24:05,640 - INFO - Cotización 9: 1 productos
2026-01-20 07:24:05,640 - INFO - Cotización 10: 3 productos
2026-01-20 07:24:05,640 - INFO - Cotización 11: 1 productos
2026-01-20 07:24:05,640 - INFO - Cotización 12: 4 productos
2026-01-20 07:24:05,640 - INFO - Cotización 13: 6 productos
2026-01-20 07:24:05,641 - INFO - === PASO 2: INICIALIZAR NAVEGADOR ===
2026-01-20 07:24:11,205 - INFO - Navegador Firefox inicializado con configuración limpia
2026-01-20 07:24:11,205 - INFO - === PASO 3: INICIAR SESIÓN ===
2026-01-20 07:24:11,206 - INFO - === MÓDULO 2: INICIO SESIÓN ===
2026-01-20 07:24:14,807 - INFO - Accediendo a: http://ursvtols8b3c:8080/engage-unicomer-web/
2026-01-20 07:24:14,875 - INFO - Credenciales ingresadas
2026-01-20 07:24:18,277 - INFO - Formulario enviado
2026-01-20 07:24:20,324 - INFO - Screenshot capturado: 01_login_resultado.png
2026-01-20 07:24:20,329 - INFO - Login exitoso - URL cambió
2026-01-20 07:24:20,330 - INFO - 
🔄 PROCESANDO COTIZACIÓN 1/13: 1
2026-01-20 07:24:20,330 - INFO - === PASO 4: INICIAR ORDEN DE COMPRA ===
2026-01-20 07:24:20,331 - INFO - Buscando botón 'Comience una Orden de Compra'...
2026-01-20 07:24:20,379 - INFO - Screenshot capturado: C1_02_dashboard.png
2026-01-20 07:24:20,379 - INFO - Intentando selector 1: /html/body/div[2]/div[4]/div/div/div[1]/a[1]/input
2026-01-20 07:24:20,379 - INFO - Esperando que botón orden selector 1 sea visible (timeout: 300s, se reinicia con progreso)...
2026-01-20 07:24:20,547 - INFO - PROGRESO: botón orden selector 1 visible - REINICIANDO timeout
2026-01-20 07:24:20,565 - INFO - OK - botón orden selector 1 listo después de 0.0s
2026-01-20 07:24:21,095 - INFO - Click exitoso en botón orden selector 1
2026-01-20 07:24:22,143 - INFO - Screenshot capturado: C1_04_formulario_orden.png
2026-01-20 07:24:22,143 - INFO - Click realizado en botón orden
2026-01-20 07:24:22,143 - INFO - Configuración - Garantías: SI, Descuento: NO, Créditos: SI, Entrega: NO, Tipo Entrega: cliente llevará
2026-01-20 07:24:22,144 - INFO - === PASO 5: EXTRAER NÚMERO COTIZACIÓN ===
2026-01-20 07:24:22,144 - INFO - === EXTRAYENDO NÚMERO DE COTIZACIÓN INICIAL ===
2026-01-20 07:24:24,185 - INFO - Número encontrado con selector: li.quotationNumberTitle p:last-child
2026-01-20 07:24:24,186 - INFO - Número de cotización: 11609221250003
2026-01-20 07:24:24,186 - INFO - Número base extraído: 11609221250003
2026-01-20 07:24:24,186 - INFO - Número único generado: 11609221250003_4186
2026-01-20 07:24:24,187 - INFO - === PASO 6: AGREGAR ITEMS ============================================================================
2026-01-20 07:24:24,187 - INFO - --- ITEM 1/2 ---
2026-01-20 07:24:24,187 - INFO - === MÓDULO 3: AGREGAR ITEM 1 ===
2026-01-20 07:24:24,188 - INFO - Código: 461431200016, Cantidad: 1
2026-01-20 07:24:24,188 - INFO - Esperando que campo búsqueda item 1 sea visible (timeout: 300s, se reinicia con progreso)...
2026-01-20 07:24:24,209 - INFO - PROGRESO: campo búsqueda item 1 visible - REINICIANDO timeout
2026-01-20 07:24:24,232 - INFO - OK - campo búsqueda item 1 listo después de 0.0s
2026-01-20 07:24:24,270 - INFO - Código 461431200016 ingresado en campo búsqueda
2026-01-20 07:24:24,281 - INFO - Enter enviado para búsqueda
2026-01-20 07:24:25,681 - INFO - Mensaje informativo (ignorado): Error
close
ERROR TO OBTAIN THE PARAMATER: permitirNoInventariadosSeguros...
2026-01-20 07:24:25,682 - INFO - Item 461431200016 procesado correctamente
2026-01-20 07:24:25,682 - INFO - === MÓDULO 4: GARANTÍAS ITEM 1 ===
2026-01-20 07:24:25,683 - INFO - Garantía: AGREGAR
2026-01-20 07:24:26,734 - INFO - Screenshot capturado: C1_07_pantalla_garantias_01.png
2026-01-20 07:24:32,762 - INFO - Botón Add encontrado: //button[contains(@class, 'btn-success') and contains(text(), 'Add')]
2026-01-20 07:24:32,775 - INFO - Click en Añadir garantía
2026-01-20 07:24:34,788 - INFO - Encontradas 6 opciones de garantía
2026-01-20 07:24:34,821 - INFO - Garantía seleccionada - precio: $82.25
2026-01-20 07:24:35,833 - INFO - Clic en botón final para garantía con precio
2026-01-20 07:24:36,878 - INFO - Screenshot capturado: C1_08_garantia_procesada_01.png
2026-01-20 07:24:37,931 - INFO - Screenshot capturado: C1_06_item_con_garantias_procesadas_01.png
2026-01-20 07:24:37,932 - INFO - Garantías procesadas para item 1
2026-01-20 07:24:37,932 - INFO - --- ITEM 2/2 ---
2026-01-20 07:24:37,933 - INFO - === MÓDULO 3: AGREGAR ITEM 2 ===
2026-01-20 07:24:37,933 - INFO - Código: 439766400005, Cantidad: 1
2026-01-20 07:24:37,934 - INFO - Esperando que campo búsqueda item 2 sea visible (timeout: 300s, se reinicia con progreso)...
2026-01-20 07:24:37,966 - INFO - PROGRESO: campo búsqueda item 2 visible - REINICIANDO timeout
2026-01-20 07:24:37,996 - INFO - OK - campo búsqueda item 2 listo después de 0.0s
2026-01-20 07:24:38,029 - INFO - Código 439766400005 ingresado en campo búsqueda
2026-01-20 07:24:38,050 - INFO - Enter enviado para búsqueda
2026-01-20 07:24:41,643 - INFO - Mensaje informativo (ignorado): Error
close
ERROR TO OBTAIN THE PARAMATER: permitirNoInventariadosSeguros...
2026-01-20 07:24:41,643 - INFO - Item 439766400005 procesado correctamente
2026-01-20 07:24:41,644 - INFO - === MÓDULO 4: GARANTÍAS ITEM 2 ===
2026-01-20 07:24:41,644 - INFO - Garantía: AGREGAR
2026-01-20 07:24:42,693 - INFO - Screenshot capturado: C1_07_pantalla_garantias_02.png
2026-01-20 07:24:48,735 - INFO - Botón Add encontrado: //button[contains(@class, 'btn-success') and contains(text(), 'Add')]
2026-01-20 07:24:48,763 - INFO - Click en Añadir garantía
2026-01-20 07:24:50,779 - INFO - Encontradas 6 opciones de garantía
2026-01-20 07:24:50,829 - INFO - Garantía seleccionada - precio: $212.50
2026-01-20 07:24:51,849 - INFO - Clic en botón final para garantía con precio
2026-01-20 07:24:52,890 - INFO - Screenshot capturado: C1_08_garantia_procesada_02.png
2026-01-20 07:24:53,939 - INFO - Screenshot capturado: C1_06_item_con_garantias_procesadas_02.png
2026-01-20 07:24:53,940 - INFO - Garantías procesadas para item 2
2026-01-20 07:24:53,940 - INFO - === PASO 7: ENLAZAR CUSTOMER ==========================================================================
2026-01-20 07:24:53,940 - INFO - === MÓDULO 5: ENLAZAR CUSTOMER ===
2026-01-20 07:24:53,981 - INFO - Screenshot capturado: C1_12_antes_enlazar_cliente.png
2026-01-20 07:24:59,006 - INFO - Enlace cliente encontrado: /html/body/div[2]/div[3]/div[28]/div[3]/h4/a
2026-01-20 07:24:59,019 - INFO - Click en enlace cliente
2026-01-20 07:25:02,090 - INFO - Screenshot capturado: C1_13_formulario_cliente.png
2026-01-20 07:25:03,349 - INFO - Cliente 057874256 ingresado
2026-01-20 07:25:04,392 - INFO - Screenshot capturado: C1_14_cliente_ingresado.png
2026-01-20 07:25:06,673 - INFO - Primer Next
2026-01-20 07:25:09,767 - INFO - Screenshot capturado: C1_15_primer_next.png
2026-01-20 07:25:15,822 - INFO - Segundo Next
2026-01-20 07:25:18,864 - INFO - Screenshot capturado: C1_16_segundo_next.png
2026-01-20 07:25:18,864 - INFO - Customer enlazado exitosamente
2026-01-20 07:25:18,864 - INFO - === PASO 9: DESCUENTO EMPLEADO ====================================================================
2026-01-20 07:25:18,865 - INFO - === MÓDULO 7: Creditos ==========================================================
2026-01-20 07:25:24,452 - INFO - Entrando al sistema de creditos
2026-01-20 07:25:29,671 - INFO - Haciendo scroll hacia el final
2026-01-20 07:25:32,396 - ERROR - Error general: Message: The element with the reference 4e2c7b6d-d872-4fe9-ae88-c28cb3610bc4 is stale; either its node document is not the active document, or it is no longer connected to the DOM; For documentation on this error, please visit: https://www.selenium.dev/documentation/webdriver/troubleshooting/errors#staleelementreferenceexception
Stacktrace:
RemoteError@chrome://remote/content/shared/RemoteError.sys.mjs:8:8
WebDriverError@chrome://remote/content/shared/webdriver/Errors.sys.mjs:187:5
StaleElementReferenceError@chrome://remote/content/shared/webdriver/Errors.sys.mjs:659:5
element.getKnownElement@chrome://remote/content/marionette/element.sys.mjs:509:11
deserializeJSON@chrome://remote/content/marionette/json.sys.mjs:233:33
cloneObject@chrome://remote/content/marionette/json.sys.mjs:56:24
deserializeJSON@chrome://remote/content/marionette/json.sys.mjs:244:16
json.deserialize@chrome://remote/content/marionette/json.sys.mjs:248:10
receiveMessage@chrome://remote/content/marionette/actors/MarionetteCommandsChild.sys.mjs:85:30
send@http://ursvtols8b3c:8080/engage-unicomer-web/static/plugins/jquery-1.8.3/js/jquery/jquery-1.8.3.min.js:2:86124
ajax@http://ursvtols8b3c:8080/engage-unicomer-web/static/plugins/jquery-1.8.3/js/jquery/jquery-1.8.3.min.js:2:83562
domManip/<@http://ursvtols8b3c:8080/engage-unicomer-web/static/plugins/jquery-1.8.3/js/jquery/jquery-1.8.3.min.js:2:69220
each@http://ursvtols8b3c:8080/engage-unicomer-web/static/plugins/jquery-1.8.3/js/jquery/jquery-1.8.3.min.js:2:14543
domManip@http://ursvtols8b3c:8080/engage-unicomer-web/static/plugins/jquery-1.8.3/js/jquery/jquery-1.8.3.min.js:2:69184
append@http://ursvtols8b3c:8080/engage-unicomer-web/static/plugins/jquery-1.8.3/js/jquery/jquery-1.8.3.min.js:2:66454
html/<@http://ursvtols8b3c:8080/engage-unicomer-web/static/plugins/jquery-1.8.3/js/jquery/jquery-1.8.3.min.js:2:68139
access@http://ursvtols8b3c:8080/engage-unicomer-web/static/plugins/jquery-1.8.3/js/jquery/jquery-1.8.3.min.js:2:16012
html@http://ursvtols8b3c:8080/engage-unicomer-web/static/plugins/jquery-1.8.3/js/jquery/jquery-1.8.3.min.js:2:67691
success@http://ursvtols8b3c:8080/engage-unicomer-web/cashLoan/index:1:160
l@http://ursvtols8b3c:8080/engage-unicomer-web/static/plugins/jquery-1.8.3/js/jquery/jquery-1.8.3.min.js:2:16996
fireWith@http://ursvtols8b3c:8080/engage-unicomer-web/static/plugins/jquery-1.8.3/js/jquery/jquery-1.8.3.min.js:2:17783
T@http://ursvtols8b3c:8080/engage-unicomer-web/static/plugins/jquery-1.8.3/js/jquery/jquery-1.8.3.min.js:2:80993
r@http://ursvtols8b3c:8080/engage-unicomer-web/static/plugins/jquery-1.8.3/js/jquery/jquery-1.8.3.min.js:2:86563

2026-01-20 07:25:32,397 - INFO - 📋 Ver detalles del error en: logs\automatizacion_20260120.log
2026-01-20 07:25:32,397 - INFO - Limpiando recursos...
2026-01-20 07:25:32,398 - INFO - Eliminando screenshots residuales...
2026-01-20 07:25:32,432 - INFO - 14 screenshots residuales eliminados
2026-01-20 07:25:35,575 - INFO - Navegador cerrado
2026-01-20 07:25:35,576 - INFO - Limpieza de recursos completada
2026-01-20 07:25:35,576 - INFO - === AUTOMATIZACIÓN FINALIZADA ===
2026-01-20 07:25:41,050 - INFO - Log guardándose en: logs\automatizacion_20260120.log
2026-01-20 07:25:41,051 - INFO -  === AUTOMATIZACIÓN MODULAR INICIADA ===
2026-01-20 07:25:41,051 - INFO - Archivo: productos_avanzado.xlsx
2026-01-20 07:25:41,051 - INFO - === PASO 1: LECTURA EXCEL ===
2026-01-20 07:25:41,052 - INFO - === MÓDULO 1: LECTURA EXCEL ===
2026-01-20 07:25:41,052 - INFO - Archivo: productos_avanzado.xlsx
2026-01-20 07:25:41,076 - INFO - Columnas encontradas: ['cotizacion_id', 'codigo', 'descripcion', 'cantidad', 'con_garantia', 'descuento_empleado', 'con_creditos', 'entrega_cliente', 'COTIZACION', 'ESTADO', 'FECHA_PROCESADO', 'ARCHIVO_WORD', 'tipo_entrega', 'Unnamed: 13']
2026-01-20 07:25:41,086 - INFO - Se encontraron 13 cotizaciones
2026-01-20 07:25:41,087 - INFO - Cotización 1: 2 productos
2026-01-20 07:25:41,087 - INFO - Cotización 2: 3 productos
2026-01-20 07:25:41,087 - INFO - Cotización 3: 3 productos
2026-01-20 07:25:41,087 - INFO - Cotización 4: 3 productos
2026-01-20 07:25:41,087 - INFO - Cotización 5: 1 productos
2026-01-20 07:25:41,088 - INFO - Cotización 6: 1 productos
2026-01-20 07:25:41,088 - INFO - Cotización 7: 1 productos
2026-01-20 07:25:41,088 - INFO - Cotización 8: 1 productos
2026-01-20 07:25:41,088 - INFO - Cotización 9: 1 productos
2026-01-20 07:25:41,088 - INFO - Cotización 10: 3 productos
2026-01-20 07:25:41,089 - INFO - Cotización 11: 1 productos
2026-01-20 07:25:41,089 - INFO - Cotización 12: 4 productos
2026-01-20 07:25:41,089 - INFO - Cotización 13: 6 productos
2026-01-20 07:25:41,089 - INFO - === PASO 2: INICIALIZAR NAVEGADOR ===
2026-01-20 07:25:46,600 - INFO - Navegador Firefox inicializado con configuración limpia
2026-01-20 07:25:46,601 - INFO - === PASO 3: INICIAR SESIÓN ===
2026-01-20 07:25:46,603 - INFO - === MÓDULO 2: INICIO SESIÓN ===
2026-01-20 07:25:49,411 - INFO - Accediendo a: http://ursvtols8b3c:8080/engage-unicomer-web/
2026-01-20 07:25:49,501 - INFO - Credenciales ingresadas
2026-01-20 07:25:50,813 - INFO - Formulario enviado
2026-01-20 07:25:52,884 - INFO - Screenshot capturado: 01_login_resultado.png
2026-01-20 07:25:52,891 - INFO - Login exitoso - URL cambió
2026-01-20 07:25:52,891 - INFO - 
🔄 PROCESANDO COTIZACIÓN 1/13: 1
2026-01-20 07:25:52,891 - INFO - === PASO 4: INICIAR ORDEN DE COMPRA ===
2026-01-20 07:25:52,892 - INFO - Buscando botón 'Comience una Orden de Compra'...
2026-01-20 07:25:52,943 - INFO - Screenshot capturado: C1_02_dashboard.png
2026-01-20 07:25:52,944 - INFO - Intentando selector 1: /html/body/div[2]/div[4]/div/div/div[1]/a[1]/input
2026-01-20 07:25:52,944 - INFO - Esperando que botón orden selector 1 sea visible (timeout: 300s, se reinicia con progreso)...
2026-01-20 07:25:52,973 - INFO - PROGRESO: botón orden selector 1 visible - REINICIANDO timeout
2026-01-20 07:25:52,996 - INFO - OK - botón orden selector 1 listo después de 0.0s
2026-01-20 07:25:53,526 - INFO - Click exitoso en botón orden selector 1
2026-01-20 07:25:54,570 - INFO - Screenshot capturado: C1_04_formulario_orden.png
2026-01-20 07:25:54,570 - INFO - Click realizado en botón orden
2026-01-20 07:25:54,571 - INFO - Configuración - Garantías: SI, Descuento: NO, Créditos: SI, Entrega: NO, Tipo Entrega: cliente llevará
2026-01-20 07:25:54,571 - INFO - === PASO 5: EXTRAER NÚMERO COTIZACIÓN ===
2026-01-20 07:25:54,571 - INFO - === EXTRAYENDO NÚMERO DE COTIZACIÓN INICIAL ===
2026-01-20 07:25:56,619 - INFO - Número encontrado con selector: li.quotationNumberTitle p:last-child
2026-01-20 07:25:56,620 - INFO - Número de cotización: 11609222250006
2026-01-20 07:25:56,621 - INFO - Número base extraído: 11609222250006
2026-01-20 07:25:56,621 - INFO - Número único generado: 11609222250006_6621
2026-01-20 07:25:56,622 - INFO - === PASO 6: AGREGAR ITEMS ============================================================================
2026-01-20 07:25:56,622 - INFO - --- ITEM 1/2 ---
2026-01-20 07:25:56,622 - INFO - === MÓDULO 3: AGREGAR ITEM 1 ===
2026-01-20 07:25:56,623 - INFO - Código: 461431200016, Cantidad: 1
2026-01-20 07:25:56,624 - INFO - Esperando que campo búsqueda item 1 sea visible (timeout: 300s, se reinicia con progreso)...
2026-01-20 07:25:56,651 - INFO - PROGRESO: campo búsqueda item 1 visible - REINICIANDO timeout
2026-01-20 07:25:56,678 - INFO - OK - campo búsqueda item 1 listo después de 0.0s
2026-01-20 07:25:56,723 - INFO - Código 461431200016 ingresado en campo búsqueda
2026-01-20 07:25:56,740 - INFO - Enter enviado para búsqueda
2026-01-20 07:25:58,178 - INFO - Item 461431200016 procesado correctamente
2026-01-20 07:25:58,178 - INFO - === MÓDULO 4: GARANTÍAS ITEM 1 ===
2026-01-20 07:25:58,179 - INFO - Garantía: AGREGAR
2026-01-20 07:25:59,236 - INFO - Screenshot capturado: C1_07_pantalla_garantias_01.png
2026-01-20 07:26:05,272 - INFO - Botón Add encontrado: //button[contains(@class, 'btn-success') and contains(text(), 'Add')]
2026-01-20 07:26:05,293 - INFO - Click en Añadir garantía
2026-01-20 07:26:07,313 - INFO - Encontradas 6 opciones de garantía
2026-01-20 07:26:07,357 - INFO - Garantía seleccionada - precio: $82.25
2026-01-20 07:26:08,371 - INFO - Clic en botón final para garantía con precio
2026-01-20 07:26:09,417 - INFO - Screenshot capturado: C1_08_garantia_procesada_01.png
2026-01-20 07:26:10,458 - INFO - Screenshot capturado: C1_06_item_con_garantias_procesadas_01.png
2026-01-20 07:26:10,459 - INFO - Garantías procesadas para item 1
2026-01-20 07:26:10,459 - INFO - --- ITEM 2/2 ---
2026-01-20 07:26:10,459 - INFO - === MÓDULO 3: AGREGAR ITEM 2 ===
2026-01-20 07:26:10,460 - INFO - Código: 439766400005, Cantidad: 1
2026-01-20 07:26:10,460 - INFO - Esperando que campo búsqueda item 2 sea visible (timeout: 300s, se reinicia con progreso)...
2026-01-20 07:26:10,475 - INFO - PROGRESO: campo búsqueda item 2 visible - REINICIANDO timeout
2026-01-20 07:26:10,489 - INFO - OK - campo búsqueda item 2 listo después de 0.0s
2026-01-20 07:26:10,515 - INFO - Código 439766400005 ingresado en campo búsqueda
2026-01-20 07:26:10,528 - INFO - Enter enviado para búsqueda
2026-01-20 07:26:14,066 - INFO - Item 439766400005 procesado correctamente
2026-01-20 07:26:14,067 - INFO - === MÓDULO 4: GARANTÍAS ITEM 2 ===
2026-01-20 07:26:14,067 - INFO - Garantía: AGREGAR
2026-01-20 07:26:15,130 - INFO - Screenshot capturado: C1_07_pantalla_garantias_02.png
2026-01-20 07:26:21,153 - INFO - Botón Add encontrado: //button[contains(@class, 'btn-success') and contains(text(), 'Add')]
2026-01-20 07:26:21,170 - INFO - Click en Añadir garantía
2026-01-20 07:26:23,189 - INFO - Encontradas 6 opciones de garantía
2026-01-20 07:26:23,218 - INFO - Garantía seleccionada - precio: $212.50
2026-01-20 07:26:24,232 - INFO - Clic en botón final para garantía con precio
2026-01-20 07:26:25,294 - INFO - Screenshot capturado: C1_08_garantia_procesada_02.png
2026-01-20 07:26:26,335 - INFO - Screenshot capturado: C1_06_item_con_garantias_procesadas_02.png
2026-01-20 07:26:26,335 - INFO - Garantías procesadas para item 2
2026-01-20 07:26:26,335 - INFO - === PASO 7: ENLAZAR CUSTOMER ==========================================================================
2026-01-20 07:26:26,335 - INFO - === MÓDULO 5: ENLAZAR CUSTOMER ===
2026-01-20 07:26:26,375 - INFO - Screenshot capturado: C1_12_antes_enlazar_cliente.png
2026-01-20 07:26:31,402 - INFO - Enlace cliente encontrado: /html/body/div[2]/div[3]/div[28]/div[3]/h4/a
2026-01-20 07:26:31,418 - INFO - Click en enlace cliente
2026-01-20 07:26:34,457 - INFO - Screenshot capturado: C1_13_formulario_cliente.png
2026-01-20 07:26:35,729 - INFO - Cliente 057874256 ingresado
2026-01-20 07:26:36,772 - INFO - Screenshot capturado: C1_14_cliente_ingresado.png
2026-01-20 07:26:37,871 - INFO - Primer Next
2026-01-20 07:26:40,928 - INFO - Screenshot capturado: C1_15_primer_next.png
2026-01-20 07:26:46,452 - INFO - Segundo Next
2026-01-20 07:26:49,500 - INFO - Screenshot capturado: C1_16_segundo_next.png
2026-01-20 07:26:49,500 - INFO - Customer enlazado exitosamente
2026-01-20 07:26:49,501 - INFO - === PASO 9: DESCUENTO EMPLEADO ====================================================================
2026-01-20 07:26:49,501 - INFO - === MÓDULO 7: Creditos ==========================================================
2026-01-20 07:26:54,501 - INFO - Entrando al sistema de creditos
2026-01-20 07:27:00,455 - INFO - Haciendo scroll hacia el final
2026-01-20 07:27:01,506 - ERROR - Error general: Message: The element with the reference 4e3dfb4b-1874-4cb1-ba84-3382212e4c2d is stale; either its node document is not the active document, or it is no longer connected to the DOM; For documentation on this error, please visit: https://www.selenium.dev/documentation/webdriver/troubleshooting/errors#staleelementreferenceexception
Stacktrace:
RemoteError@chrome://remote/content/shared/RemoteError.sys.mjs:8:8
WebDriverError@chrome://remote/content/shared/webdriver/Errors.sys.mjs:187:5
StaleElementReferenceError@chrome://remote/content/shared/webdriver/Errors.sys.mjs:659:5
element.getKnownElement@chrome://remote/content/marionette/element.sys.mjs:509:11
deserializeJSON@chrome://remote/content/marionette/json.sys.mjs:233:33
cloneObject@chrome://remote/content/marionette/json.sys.mjs:56:24
deserializeJSON@chrome://remote/content/marionette/json.sys.mjs:244:16
json.deserialize@chrome://remote/content/marionette/json.sys.mjs:248:10
receiveMessage@chrome://remote/content/marionette/actors/MarionetteCommandsChild.sys.mjs:85:30
send@http://ursvtols8b3c:8080/engage-unicomer-web/static/plugins/jquery-1.8.3/js/jquery/jquery-1.8.3.min.js:2:86124
ajax@http://ursvtols8b3c:8080/engage-unicomer-web/static/plugins/jquery-1.8.3/js/jquery/jquery-1.8.3.min.js:2:83562
domManip/<@http://ursvtols8b3c:8080/engage-unicomer-web/static/plugins/jquery-1.8.3/js/jquery/jquery-1.8.3.min.js:2:69220
each@http://ursvtols8b3c:8080/engage-unicomer-web/static/plugins/jquery-1.8.3/js/jquery/jquery-1.8.3.min.js:2:14543
domManip@http://ursvtols8b3c:8080/engage-unicomer-web/static/plugins/jquery-1.8.3/js/jquery/jquery-1.8.3.min.js:2:69184
append@http://ursvtols8b3c:8080/engage-unicomer-web/static/plugins/jquery-1.8.3/js/jquery/jquery-1.8.3.min.js:2:66454
html/<@http://ursvtols8b3c:8080/engage-unicomer-web/static/plugins/jquery-1.8.3/js/jquery/jquery-1.8.3.min.js:2:68139
access@http://ursvtols8b3c:8080/engage-unicomer-web/static/plugins/jquery-1.8.3/js/jquery/jquery-1.8.3.min.js:2:16012
html@http://ursvtols8b3c:8080/engage-unicomer-web/static/plugins/jquery-1.8.3/js/jquery/jquery-1.8.3.min.js:2:67691
success@http://ursvtols8b3c:8080/engage-unicomer-web/cashLoan/index:1:160
l@http://ursvtols8b3c:8080/engage-unicomer-web/static/plugins/jquery-1.8.3/js/jquery/jquery-1.8.3.min.js:2:16996
fireWith@http://ursvtols8b3c:8080/engage-unicomer-web/static/plugins/jquery-1.8.3/js/jquery/jquery-1.8.3.min.js:2:17783
T@http://ursvtols8b3c:8080/engage-unicomer-web/static/plugins/jquery-1.8.3/js/jquery/jquery-1.8.3.min.js:2:80993
r@http://ursvtols8b3c:8080/engage-unicomer-web/static/plugins/jquery-1.8.3/js/jquery/jquery-1.8.3.min.js:2:86563

2026-01-20 07:27:01,507 - INFO - 📋 Ver detalles del error en: logs\automatizacion_20260120.log
2026-01-20 07:27:01,507 - INFO - Limpiando recursos...
2026-01-20 07:27:01,507 - INFO - Eliminando screenshots residuales...
2026-01-20 07:27:01,521 - INFO - 14 screenshots residuales eliminados
2026-01-20 07:27:04,392 - INFO - Navegador cerrado
2026-01-20 07:27:04,393 - INFO - Limpieza de recursos completada
2026-01-20 07:27:04,394 - INFO - === AUTOMATIZACIÓN FINALIZADA ===
2026-01-20 07:34:36,676 - INFO - Log guardándose en: logs\automatizacion_20260120.log
2026-01-20 07:34:36,676 - INFO -  === AUTOMATIZACIÓN MODULAR INICIADA ===
2026-01-20 07:34:36,677 - INFO - Archivo: productos_avanzado.xlsx
2026-01-20 07:34:36,677 - INFO - === PASO 1: LECTURA EXCEL ===
2026-01-20 07:34:36,677 - INFO - === MÓDULO 1: LECTURA EXCEL ===
2026-01-20 07:34:36,677 - INFO - Archivo: productos_avanzado.xlsx
2026-01-20 07:34:36,704 - INFO - Columnas encontradas: ['cotizacion_id', 'codigo', 'descripcion', 'cantidad', 'con_garantia', 'descuento_empleado', 'con_creditos', 'entrega_cliente', 'COTIZACION', 'ESTADO', 'FECHA_PROCESADO', 'ARCHIVO_WORD', 'tipo_entrega', 'Unnamed: 13']
2026-01-20 07:34:36,712 - INFO - Se encontraron 13 cotizaciones
2026-01-20 07:34:36,712 - INFO - Cotización 1: 2 productos
2026-01-20 07:34:36,712 - INFO - Cotización 2: 3 productos
2026-01-20 07:34:36,712 - INFO - Cotización 3: 3 productos
2026-01-20 07:34:36,712 - INFO - Cotización 4: 3 productos
2026-01-20 07:34:36,712 - INFO - Cotización 5: 1 productos
2026-01-20 07:34:36,713 - INFO - Cotización 6: 1 productos
2026-01-20 07:34:36,713 - INFO - Cotización 7: 1 productos
2026-01-20 07:34:36,713 - INFO - Cotización 8: 1 productos
2026-01-20 07:34:36,713 - INFO - Cotización 9: 1 productos
2026-01-20 07:34:36,713 - INFO - Cotización 10: 3 productos
2026-01-20 07:34:36,713 - INFO - Cotización 11: 1 productos
2026-01-20 07:34:36,713 - INFO - Cotización 12: 4 productos
2026-01-20 07:34:36,713 - INFO - Cotización 13: 6 productos
2026-01-20 07:34:36,713 - INFO - === PASO 2: INICIALIZAR NAVEGADOR ===
2026-01-20 07:34:42,903 - INFO - Navegador Firefox inicializado con configuración limpia
2026-01-20 07:34:42,904 - INFO - === PASO 3: INICIAR SESIÓN ===
2026-01-20 07:34:42,904 - INFO - === MÓDULO 2: INICIO SESIÓN ===
2026-01-20 07:34:46,464 - INFO - Accediendo a: http://ursvtols8b3c:8080/engage-unicomer-web/
2026-01-20 07:34:46,538 - INFO - Credenciales ingresadas
2026-01-20 07:34:48,013 - INFO - Formulario enviado
2026-01-20 07:34:50,090 - INFO - Screenshot capturado: 01_login_resultado.png
2026-01-20 07:34:50,099 - INFO - Login exitoso - URL cambió
2026-01-20 07:34:50,100 - INFO - 
🔄 PROCESANDO COTIZACIÓN 1/13: 1
2026-01-20 07:34:50,100 - INFO - === PASO 4: INICIAR ORDEN DE COMPRA ===
2026-01-20 07:34:50,101 - INFO - Buscando botón 'Comience una Orden de Compra'...
2026-01-20 07:34:50,156 - INFO - Screenshot capturado: C1_02_dashboard.png
2026-01-20 07:34:50,156 - INFO - Intentando selector 1: /html/body/div[2]/div[4]/div/div/div[1]/a[1]/input
2026-01-20 07:34:50,156 - INFO - Esperando que botón orden selector 1 sea visible (timeout: 300s, se reinicia con progreso)...
2026-01-20 07:34:50,192 - INFO - PROGRESO: botón orden selector 1 visible - REINICIANDO timeout
2026-01-20 07:34:50,209 - INFO - OK - botón orden selector 1 listo después de 0.0s
2026-01-20 07:34:50,747 - INFO - Click exitoso en botón orden selector 1
2026-01-20 07:34:51,798 - INFO - Screenshot capturado: C1_04_formulario_orden.png
2026-01-20 07:34:51,798 - INFO - Click realizado en botón orden
2026-01-20 07:34:51,799 - INFO - Configuración - Garantías: SI, Descuento: NO, Créditos: SI, Entrega: NO, Tipo Entrega: cliente llevará
2026-01-20 07:34:51,799 - INFO - === PASO 5: EXTRAER NÚMERO COTIZACIÓN ===
2026-01-20 07:34:51,799 - INFO - === EXTRAYENDO NÚMERO DE COTIZACIÓN INICIAL ===
2026-01-20 07:34:53,853 - INFO - Número encontrado con selector: li.quotationNumberTitle p:last-child
2026-01-20 07:34:53,854 - INFO - Número de cotización: 11609223250006
2026-01-20 07:34:53,854 - INFO - Número base extraído: 11609223250006
2026-01-20 07:34:53,854 - INFO - Número único generado: 11609223250006_3854
2026-01-20 07:34:53,855 - INFO - === PASO 6: AGREGAR ITEMS ============================================================================
2026-01-20 07:34:53,855 - INFO - --- ITEM 1/2 ---
2026-01-20 07:34:53,856 - INFO - === MÓDULO 3: AGREGAR ITEM 1 ===
2026-01-20 07:34:53,856 - INFO - Código: 461431200016, Cantidad: 1
2026-01-20 07:34:53,856 - INFO - Esperando que campo búsqueda item 1 sea visible (timeout: 300s, se reinicia con progreso)...
2026-01-20 07:34:53,887 - INFO - PROGRESO: campo búsqueda item 1 visible - REINICIANDO timeout
2026-01-20 07:34:53,911 - INFO - OK - campo búsqueda item 1 listo después de 0.0s
2026-01-20 07:34:53,973 - INFO - Código 461431200016 ingresado en campo búsqueda
2026-01-20 07:34:53,992 - INFO - Enter enviado para búsqueda
2026-01-20 07:34:55,463 - INFO - Mensaje informativo (ignorado): Error
close
ERROR TO OBTAIN THE PARAMATER: permitirNoInventariadosSeguros...
2026-01-20 07:34:55,464 - INFO - Item 461431200016 procesado correctamente
2026-01-20 07:34:55,464 - INFO - === MÓDULO 4: GARANTÍAS ITEM 1 ===
2026-01-20 07:34:55,464 - INFO - Garantía: AGREGAR
2026-01-20 07:34:56,515 - INFO - Screenshot capturado: C1_07_pantalla_garantias_01.png
2026-01-20 07:35:02,554 - INFO - Botón Add encontrado: //button[contains(@class, 'btn-success') and contains(text(), 'Add')]
2026-01-20 07:35:02,576 - INFO - Click en Añadir garantía
2026-01-20 07:35:04,591 - INFO - Encontradas 6 opciones de garantía
2026-01-20 07:35:04,622 - INFO - Garantía seleccionada - precio: $82.25
2026-01-20 07:35:05,633 - INFO - Clic en botón final para garantía con precio
2026-01-20 07:35:06,687 - INFO - Screenshot capturado: C1_08_garantia_procesada_01.png
2026-01-20 07:35:07,746 - INFO - Screenshot capturado: C1_06_item_con_garantias_procesadas_01.png
2026-01-20 07:35:07,746 - INFO - Garantías procesadas para item 1
2026-01-20 07:35:07,746 - INFO - --- ITEM 2/2 ---
2026-01-20 07:35:07,747 - INFO - === MÓDULO 3: AGREGAR ITEM 2 ===
2026-01-20 07:35:07,747 - INFO - Código: 439766400005, Cantidad: 1
2026-01-20 07:35:07,747 - INFO - Esperando que campo búsqueda item 2 sea visible (timeout: 300s, se reinicia con progreso)...
2026-01-20 07:35:07,766 - INFO - PROGRESO: campo búsqueda item 2 visible - REINICIANDO timeout
2026-01-20 07:35:07,787 - INFO - OK - campo búsqueda item 2 listo después de 0.0s
2026-01-20 07:35:07,814 - INFO - Código 439766400005 ingresado en campo búsqueda
2026-01-20 07:35:07,828 - INFO - Enter enviado para búsqueda
2026-01-20 07:35:11,901 - INFO - Item 439766400005 procesado correctamente
2026-01-20 07:35:11,901 - INFO - === MÓDULO 4: GARANTÍAS ITEM 2 ===
2026-01-20 07:35:11,901 - INFO - Garantía: AGREGAR
2026-01-20 07:35:12,955 - INFO - Screenshot capturado: C1_07_pantalla_garantias_02.png
2026-01-20 07:35:18,989 - INFO - Botón Add encontrado: //button[contains(@class, 'btn-success') and contains(text(), 'Add')]
2026-01-20 07:35:19,001 - INFO - Click en Añadir garantía
2026-01-20 07:35:21,016 - INFO - Encontradas 6 opciones de garantía
2026-01-20 07:35:21,046 - INFO - Garantía seleccionada - precio: $212.50
2026-01-20 07:35:22,061 - INFO - Clic en botón final para garantía con precio
2026-01-20 07:35:23,110 - INFO - Screenshot capturado: C1_08_garantia_procesada_02.png
2026-01-20 07:35:24,153 - INFO - Screenshot capturado: C1_06_item_con_garantias_procesadas_02.png
2026-01-20 07:35:24,154 - INFO - Garantías procesadas para item 2
2026-01-20 07:35:24,154 - INFO - === PASO 7: ENLAZAR CUSTOMER ==========================================================================
2026-01-20 07:35:24,155 - INFO - === MÓDULO 5: ENLAZAR CUSTOMER ===
2026-01-20 07:35:24,194 - INFO - Screenshot capturado: C1_12_antes_enlazar_cliente.png
2026-01-20 07:35:29,227 - INFO - Enlace cliente encontrado: /html/body/div[2]/div[3]/div[28]/div[3]/h4/a
2026-01-20 07:35:29,244 - INFO - Click en enlace cliente
2026-01-20 07:35:32,284 - INFO - Screenshot capturado: C1_13_formulario_cliente.png
2026-01-20 07:35:33,551 - INFO - Cliente 057874256 ingresado
2026-01-20 07:35:34,607 - INFO - Screenshot capturado: C1_14_cliente_ingresado.png
2026-01-20 07:35:37,291 - INFO - Primer Next
2026-01-20 07:35:40,344 - INFO - Screenshot capturado: C1_15_primer_next.png
2026-01-20 07:35:46,311 - INFO - Segundo Next
2026-01-20 07:35:49,356 - INFO - Screenshot capturado: C1_16_segundo_next.png
2026-01-20 07:35:49,357 - INFO - Customer enlazado exitosamente
2026-01-20 07:35:49,357 - INFO - === PASO 9: DESCUENTO EMPLEADO ====================================================================
2026-01-20 07:35:49,358 - INFO - === MÓDULO 7: Creditos ==========================================================
2026-01-20 07:35:54,558 - INFO - Entrando al sistema de creditos
2026-01-20 07:36:01,178 - INFO - Haciendo scroll hacia el final
2026-01-20 07:36:03,374 - INFO - ===================================================================================================
2026-01-20 07:36:03,375 - INFO - === PASO 11: FINALIZAR COTIZACIÓN ===
2026-01-20 07:36:03,375 - INFO - === FINALIZANDO COTIZACIÓN ===
2026-01-20 07:36:03,447 - INFO - Screenshot capturado: C1_17_antes_finalizar.png
2026-01-20 07:36:05,447 - INFO - PASO 1: Click en botón finalizar
2026-01-20 07:36:23,530 - INFO - ✓ Botón finalizar encontrado con: //button[contains(@class, 'btn-success') and contains(text(), 'Save')]
2026-01-20 07:36:23,596 - INFO - Screenshot capturado: C1_18_antes_finalizar.png
2026-01-20 07:36:23,596 - INFO - 🔧 Preservando datos de sesión...
2026-01-20 07:36:23,612 - INFO - 📝 Sesión preservada - OrderID: undefined, SessionData: 
2026-01-20 07:36:23,626 - INFO - ✓ Click en botón finalizar exitoso
2026-01-20 07:36:31,651 - INFO - 📋 Modales encontrados: 11
2026-01-20 07:36:31,675 - INFO -   Modal 1: tag=a, id=managerLink, visible=False
2026-01-20 07:36:31,703 - INFO -   Modal 2: tag=div, id=managerDialog, visible=False
2026-01-20 07:36:31,729 - INFO -   Modal 3: tag=div, id=, visible=False
2026-01-20 07:36:31,737 - INFO - 📝 Formularios encontrados: 2
2026-01-20 07:36:31,737 - INFO - 🔍 MONITOREANDO ESTADO POST-SAVE...
2026-01-20 07:36:32,741 - INFO - 📍 Segundo 1: URL = http://ursvtols8b3c:8080/engage-unicomer-web/cashLoan/index
2026-01-20 07:36:32,745 - INFO - 📄 Segundo 1: Título = Grupo Unicomer
2026-01-20 07:36:32,905 - INFO - 🔘 Segundo 1: Botones visibles = ['Back', 'Next', 'Save', 'Cancel']
2026-01-20 07:36:37,925 - INFO - 🖨️ Segundo 1: Printer Group NO encontrado
2026-01-20 07:36:37,935 - INFO - 🐛 Segundo 1: JS Console disponible
2026-01-20 07:36:37,951 - INFO - 💾 Segundo 1: Session=undefined, Local=undefined
2026-01-20 07:36:38,955 - INFO - 📍 Segundo 2: URL = http://ursvtols8b3c:8080/engage-unicomer-web/cashLoan/index
2026-01-20 07:36:38,958 - INFO - 📄 Segundo 2: Título = Grupo Unicomer
2026-01-20 07:36:39,098 - INFO - 🔘 Segundo 2: Botones visibles = ['Back', 'Next', 'Save', 'Cancel']
2026-01-20 07:36:44,105 - INFO - 🖨️ Segundo 2: Printer Group NO encontrado
2026-01-20 07:36:44,111 - INFO - 🐛 Segundo 2: JS Console disponible
2026-01-20 07:36:44,125 - INFO - 💾 Segundo 2: Session=undefined, Local=undefined
2026-01-20 07:36:45,129 - INFO - 📍 Segundo 3: URL = http://ursvtols8b3c:8080/engage-unicomer-web/cashLoan/index
2026-01-20 07:36:45,133 - INFO - 📄 Segundo 3: Título = Grupo Unicomer
2026-01-20 07:36:45,258 - INFO - 🔘 Segundo 3: Botones visibles = ['Back', 'Next', 'Save', 'Cancel']
2026-01-20 07:36:50,267 - INFO - 🖨️ Segundo 3: Printer Group NO encontrado
2026-01-20 07:36:50,278 - INFO - 🐛 Segundo 3: JS Console disponible
2026-01-20 07:36:50,289 - INFO - 💾 Segundo 3: Session=undefined, Local=undefined
2026-01-20 07:36:51,293 - INFO - 📍 Segundo 4: URL = http://ursvtols8b3c:8080/engage-unicomer-web/cashLoan/index
2026-01-20 07:36:51,298 - INFO - 📄 Segundo 4: Título = Grupo Unicomer
2026-01-20 07:36:51,427 - INFO - 🔘 Segundo 4: Botones visibles = ['Back', 'Next', 'Save', 'Cancel']
2026-01-20 07:36:56,443 - INFO - 🖨️ Segundo 4: Printer Group NO encontrado
2026-01-20 07:36:56,449 - INFO - 🐛 Segundo 4: JS Console disponible
2026-01-20 07:36:56,462 - INFO - 💾 Segundo 4: Session=undefined, Local=undefined
2026-01-20 07:36:57,468 - INFO - 📍 Segundo 5: URL = http://ursvtols8b3c:8080/engage-unicomer-web/cashLoan/index
2026-01-20 07:36:57,472 - INFO - 📄 Segundo 5: Título = Grupo Unicomer
2026-01-20 07:36:57,600 - INFO - 🔘 Segundo 5: Botones visibles = ['Back', 'Next', 'Save', 'Cancel']
2026-01-20 07:37:02,617 - INFO - 🖨️ Segundo 5: Printer Group NO encontrado
2026-01-20 07:37:02,625 - INFO - 🐛 Segundo 5: JS Console disponible
2026-01-20 07:37:02,639 - INFO - 💾 Segundo 5: Session=undefined, Local=undefined
2026-01-20 07:37:03,644 - INFO - 📍 Segundo 6: URL = http://ursvtols8b3c:8080/engage-unicomer-web/cashLoan/index
2026-01-20 07:37:03,648 - INFO - 📄 Segundo 6: Título = Grupo Unicomer
2026-01-20 07:37:03,856 - INFO - 🔘 Segundo 6: Botones visibles = ['Back', 'Next', 'Save', 'Cancel']
2026-01-20 07:37:08,867 - INFO - 🖨️ Segundo 6: Printer Group NO encontrado
2026-01-20 07:37:08,873 - INFO - 🐛 Segundo 6: JS Console disponible
2026-01-20 07:37:08,890 - INFO - 💾 Segundo 6: Session=undefined, Local=undefined
2026-01-20 07:37:09,893 - INFO - 📍 Segundo 7: URL = http://ursvtols8b3c:8080/engage-unicomer-web/cashLoan/index
2026-01-20 07:37:09,897 - INFO - 📄 Segundo 7: Título = Grupo Unicomer
2026-01-20 07:37:10,009 - INFO - 🔘 Segundo 7: Botones visibles = ['Back', 'Next', 'Save', 'Cancel']
2026-01-20 07:37:15,028 - INFO - 🖨️ Segundo 7: Printer Group NO encontrado
2026-01-20 07:37:15,034 - INFO - 🐛 Segundo 7: JS Console disponible
2026-01-20 07:37:15,044 - INFO - 💾 Segundo 7: Session=undefined, Local=undefined
2026-01-20 07:37:16,048 - INFO - 📍 Segundo 8: URL = http://ursvtols8b3c:8080/engage-unicomer-web/cashLoan/index
2026-01-20 07:37:16,052 - INFO - 📄 Segundo 8: Título = Grupo Unicomer
2026-01-20 07:37:16,152 - INFO - 🔘 Segundo 8: Botones visibles = ['Back', 'Next', 'Save', 'Cancel']
2026-01-20 07:37:21,166 - INFO - 🖨️ Segundo 8: Printer Group NO encontrado
2026-01-20 07:37:21,174 - INFO - 🐛 Segundo 8: JS Console disponible
2026-01-20 07:37:21,191 - INFO - 💾 Segundo 8: Session=undefined, Local=undefined
2026-01-20 07:37:22,196 - INFO - 📍 Segundo 9: URL = http://ursvtols8b3c:8080/engage-unicomer-web/cashLoan/index
2026-01-20 07:37:22,200 - INFO - 📄 Segundo 9: Título = Grupo Unicomer
2026-01-20 07:37:22,392 - INFO - 🔘 Segundo 9: Botones visibles = ['Back', 'Next', 'Save', 'Cancel']
2026-01-20 07:37:27,414 - INFO - 🖨️ Segundo 9: Printer Group NO encontrado
2026-01-20 07:37:27,420 - INFO - 🐛 Segundo 9: JS Console disponible
2026-01-20 07:37:27,435 - INFO - 💾 Segundo 9: Session=undefined, Local=undefined
2026-01-20 07:37:28,440 - INFO - 📍 Segundo 10: URL = http://ursvtols8b3c:8080/engage-unicomer-web/cashLoan/index
2026-01-20 07:37:28,445 - INFO - 📄 Segundo 10: Título = Grupo Unicomer
2026-01-20 07:37:28,618 - INFO - 🔘 Segundo 10: Botones visibles = ['Back', 'Next', 'Save', 'Cancel']
2026-01-20 07:37:33,626 - INFO - 🖨️ Segundo 10: Printer Group NO encontrado
2026-01-20 07:37:33,633 - INFO - 🐛 Segundo 10: JS Console disponible
2026-01-20 07:37:33,651 - INFO - 💾 Segundo 10: Session=undefined, Local=undefined
2026-01-20 07:37:33,651 - INFO - 🏁 FIN DE MONITOREO POST-SAVE
2026-01-20 07:37:33,652 - INFO - 🔄 Buscando botón Save en página delivery/search...
2026-01-20 07:37:38,666 - INFO - ℹ️ No se encontró botón Save en delivery/search
2026-01-20 07:37:38,666 - INFO - 🔄 Verificación final del Printer Group...
2026-01-20 07:37:46,678 - INFO - ℹ️ Printer Group no apareció en verificación final
2026-01-20 07:37:46,678 - INFO - 💡 Esto puede ser normal - el Save ya se ejecutó
2026-01-20 07:37:46,678 - INFO - ⏳ Esperando procesamiento completo del Save...
2026-01-20 07:37:48,685 - INFO - PASO 2: Esperando redirección automática del servidor...
2026-01-20 07:37:48,689 - INFO - 📍 URL antes del submit: http://ursvtols8b3c:8080/engage-unicomer-web/cashLoan/index
2026-01-20 07:37:49,696 - INFO - ⏱️ Segundo 1: URL=http://ursvtols8b3c:8080/engage-unicomer-web/cashLoan/index, Título=Grupo Unicomer
2026-01-20 07:37:49,711 - INFO - ✅ Indicador de éxito encontrado: 'success'
2026-01-20 07:37:49,813 - INFO - Screenshot capturado: C1_20_exito_detectado.png
2026-01-20 07:37:49,814 - INFO - ✅ Finalización exitosa
2026-01-20 07:37:49,814 - INFO - === PASO 12: GENERAR REPORTE INDIVIDUAL ===
2026-01-20 07:37:49,814 - INFO - Generando reporte para cotización 1 con número 11609223250006
2026-01-20 07:37:49,814 - INFO - Screenshots disponibles: 17
2026-01-20 07:37:49,815 - INFO - 🔄 Generando reporte para cotización 1: 11609223250006
2026-01-20 07:37:50,171 - INFO - ✅ Excel actualizado - Cotización 1: 11609223250006
2026-01-20 07:37:50,525 - INFO - Reporte ejecutivo generado: Reporte_cotizacion_11609223250006.docx
2026-01-20 07:37:50,525 - INFO - Archivo verificado: 1362873 bytes
2026-01-20 07:37:50,526 - INFO - Reporte Word generado exitosamente para cotización 1
2026-01-20 07:37:50,526 - INFO - Iniciando limpieza de screenshots después de generar reporte
2026-01-20 07:37:50,527 - INFO - Screenshot eliminado: 01_login_resultado.png
2026-01-20 07:37:50,528 - INFO - Screenshot eliminado: C1_02_dashboard.png
2026-01-20 07:37:50,530 - INFO - Screenshot eliminado: C1_04_formulario_orden.png
2026-01-20 07:37:50,532 - INFO - Screenshot eliminado: C1_07_pantalla_garantias_01.png
2026-01-20 07:37:50,533 - INFO - Screenshot eliminado: C1_08_garantia_procesada_01.png
2026-01-20 07:37:50,534 - INFO - Screenshot eliminado: C1_06_item_con_garantias_procesadas_01.png
2026-01-20 07:37:50,534 - INFO - Screenshot eliminado: C1_07_pantalla_garantias_02.png
2026-01-20 07:37:50,536 - INFO - Screenshot eliminado: C1_08_garantia_procesada_02.png
2026-01-20 07:37:50,537 - INFO - Screenshot eliminado: C1_06_item_con_garantias_procesadas_02.png
2026-01-20 07:37:50,538 - INFO - Screenshot eliminado: C1_12_antes_enlazar_cliente.png
2026-01-20 07:37:50,539 - INFO - Screenshot eliminado: C1_13_formulario_cliente.png
2026-01-20 07:37:50,540 - INFO - Screenshot eliminado: C1_14_cliente_ingresado.png
2026-01-20 07:37:50,542 - INFO - Screenshot eliminado: C1_15_primer_next.png
2026-01-20 07:37:50,544 - INFO - Screenshot eliminado: C1_16_segundo_next.png
2026-01-20 07:37:50,545 - INFO - Screenshot eliminado: C1_17_antes_finalizar.png
2026-01-20 07:37:50,546 - INFO - Screenshot eliminado: C1_18_antes_finalizar.png
2026-01-20 07:37:50,547 - INFO - Screenshot eliminado: C1_20_exito_detectado.png
2026-01-20 07:37:50,547 - INFO - 17 screenshots eliminados para esta cotización
2026-01-20 07:37:50,548 - INFO - Cotización 1 completada: 11609223250006
2026-01-20 07:37:52,549 - INFO - 
🔄 PROCESANDO COTIZACIÓN 2/13: 2
2026-01-20 07:37:52,549 - INFO - === PASO 4: INICIAR ORDEN DE COMPRA ===
2026-01-20 07:37:52,550 - INFO - Buscando botón 'Comience una Orden de Compra'...
2026-01-20 07:37:52,630 - INFO - Screenshot capturado: C2_02_dashboard.png
2026-01-20 07:37:52,630 - INFO - Intentando selector 1: /html/body/div[2]/div[4]/div/div/div[1]/a[1]/input
2026-01-20 07:37:52,630 - INFO - Esperando que botón orden selector 1 sea visible (timeout: 300s, se reinicia con progreso)...
2026-01-20 07:37:58,143 - INFO - Esperando botón orden selector 1... Sin progreso: 0s, Total: 0s, Queda: 300s
2026-01-20 07:38:58,771 - INFO - Esperando botón orden selector 1... Sin progreso: 61s, Total: 61s, Queda: 239s
2026-01-20 07:40:43,574 - INFO - Esperando botón orden selector 1... Sin progreso: 165s, Total: 165s, Queda: 135s
2026-01-20 07:41:28,458 - ERROR - Error inesperado verificando visibilidad de botón orden selector 1: ('Connection aborted.', ConnectionResetError(10054, 'Se ha forzado la interrupción de una conexión existente por el host remoto', None, 10054, None))
2026-01-20 07:44:12,720 - INFO - Log guardándose en: logs\automatizacion_20260120.log
2026-01-20 07:44:12,720 - INFO -  === AUTOMATIZACIÓN MODULAR INICIADA ===
2026-01-20 07:44:12,720 - INFO - Archivo: productos_avanzado.xlsx
2026-01-20 07:44:12,721 - INFO - === PASO 1: LECTURA EXCEL ===
2026-01-20 07:44:12,721 - INFO - === MÓDULO 1: LECTURA EXCEL ===
2026-01-20 07:44:12,721 - INFO - Archivo: productos_avanzado.xlsx
2026-01-20 07:44:12,748 - INFO - Columnas encontradas: ['cotizacion_id', 'codigo', 'descripcion', 'cantidad', 'con_garantia', 'descuento_empleado', 'con_creditos', 'entrega_cliente', 'COTIZACION', 'ESTADO', 'FECHA_PROCESADO', 'ARCHIVO_WORD', 'tipo_entrega', 'Unnamed: 13']
2026-01-20 07:44:12,757 - INFO - Se encontraron 13 cotizaciones
2026-01-20 07:44:12,757 - INFO - Cotización 1: 2 productos
2026-01-20 07:44:12,757 - INFO - Cotización 2: 3 productos
2026-01-20 07:44:12,757 - INFO - Cotización 3: 3 productos
2026-01-20 07:44:12,757 - INFO - Cotización 4: 3 productos
2026-01-20 07:44:12,758 - INFO - Cotización 5: 1 productos
2026-01-20 07:44:12,758 - INFO - Cotización 6: 1 productos
2026-01-20 07:44:12,758 - INFO - Cotización 7: 1 productos
2026-01-20 07:44:12,758 - INFO - Cotización 8: 1 productos
2026-01-20 07:44:12,758 - INFO - Cotización 9: 1 productos
2026-01-20 07:44:12,758 - INFO - Cotización 10: 3 productos
2026-01-20 07:44:12,758 - INFO - Cotización 11: 1 productos
2026-01-20 07:44:12,758 - INFO - Cotización 12: 4 productos
2026-01-20 07:44:12,759 - INFO - Cotización 13: 6 productos
2026-01-20 07:44:12,759 - INFO - === PASO 2: INICIALIZAR NAVEGADOR ===
2026-01-20 07:44:20,697 - INFO - Navegador Firefox inicializado con configuración limpia
2026-01-20 07:44:20,698 - INFO - === PASO 3: INICIAR SESIÓN ===
2026-01-20 07:44:20,699 - INFO - === MÓDULO 2: INICIO SESIÓN ===
2026-01-20 07:44:23,639 - WARNING - ⏹️ Interrumpido por usuario
2026-01-20 07:44:23,640 - INFO - 📋 Log completo disponible en: logs\automatizacion_20260120.log
2026-01-20 07:44:23,641 - INFO - Limpiando recursos...
2026-01-20 07:44:23,642 - INFO - Screenshots ya fueron eliminados por cotización
2026-01-20 07:44:25,704 - WARNING -  Error cerrando navegador
2026-01-20 07:44:25,705 - INFO - Limpieza de recursos completada
2026-01-20 07:44:25,705 - INFO - === AUTOMATIZACIÓN FINALIZADA ===
2026-01-20 07:44:30,323 - INFO - Log guardándose en: logs\automatizacion_20260120.log
2026-01-20 07:44:30,323 - INFO -  === AUTOMATIZACIÓN MODULAR INICIADA ===
2026-01-20 07:44:30,323 - INFO - Archivo: productos_avanzado.xlsx
2026-01-20 07:44:30,324 - INFO - === PASO 1: LECTURA EXCEL ===
2026-01-20 07:44:30,324 - INFO - === MÓDULO 1: LECTURA EXCEL ===
2026-01-20 07:44:30,324 - INFO - Archivo: productos_avanzado.xlsx
2026-01-20 07:44:30,348 - INFO - Columnas encontradas: ['cotizacion_id', 'codigo', 'descripcion', 'cantidad', 'con_garantia', 'descuento_empleado', 'con_creditos', 'entrega_cliente', 'COTIZACION', 'ESTADO', 'FECHA_PROCESADO', 'ARCHIVO_WORD', 'tipo_entrega', 'Unnamed: 13']
2026-01-20 07:44:30,357 - INFO - Se encontraron 13 cotizaciones
2026-01-20 07:44:30,357 - INFO - Cotización 1: 2 productos
2026-01-20 07:44:30,358 - INFO - Cotización 2: 3 productos
2026-01-20 07:44:30,358 - INFO - Cotización 3: 3 productos
2026-01-20 07:44:30,358 - INFO - Cotización 4: 3 productos
2026-01-20 07:44:30,359 - INFO - Cotización 5: 1 productos
2026-01-20 07:44:30,359 - INFO - Cotización 6: 1 productos
2026-01-20 07:44:30,359 - INFO - Cotización 7: 1 productos
2026-01-20 07:44:30,360 - INFO - Cotización 8: 1 productos
2026-01-20 07:44:30,360 - INFO - Cotización 9: 1 productos
2026-01-20 07:44:30,360 - INFO - Cotización 10: 3 productos
2026-01-20 07:44:30,360 - INFO - Cotización 11: 1 productos
2026-01-20 07:44:30,361 - INFO - Cotización 12: 4 productos
2026-01-20 07:44:30,361 - INFO - Cotización 13: 6 productos
2026-01-20 07:44:30,361 - INFO - === PASO 2: INICIALIZAR NAVEGADOR ===
2026-01-20 07:44:35,794 - INFO - Navegador Firefox inicializado con configuración limpia
2026-01-20 07:44:35,797 - INFO - === PASO 3: INICIAR SESIÓN ===
2026-01-20 07:44:35,798 - INFO - === MÓDULO 2: INICIO SESIÓN ===
2026-01-20 07:44:42,702 - INFO - Accediendo a: http://ursvtols8b3c:8080/engage-unicomer-web/
2026-01-20 07:44:42,782 - INFO - Credenciales ingresadas
2026-01-20 07:44:47,134 - INFO - Formulario enviado
2026-01-20 07:44:49,246 - INFO - Screenshot capturado: 01_login_resultado.png
2026-01-20 07:44:49,255 - INFO - Login exitoso - URL cambió
2026-01-20 07:44:49,255 - INFO - 
🔄 PROCESANDO COTIZACIÓN 1/13: 1
2026-01-20 07:44:49,256 - INFO - === PASO 4: INICIAR ORDEN DE COMPRA ===
2026-01-20 07:44:49,256 - INFO - Buscando botón 'Comience una Orden de Compra'...
2026-01-20 07:44:49,351 - INFO - Screenshot capturado: C1_02_dashboard.png
2026-01-20 07:44:49,351 - INFO - Intentando selector 1: /html/body/div[2]/div[4]/div/div/div[1]/a[1]/input
2026-01-20 07:44:49,352 - INFO - Esperando que botón orden selector 1 sea visible (timeout: 300s, se reinicia con progreso)...
2026-01-20 07:44:49,402 - INFO - PROGRESO: botón orden selector 1 visible - REINICIANDO timeout
2026-01-20 07:44:49,428 - INFO - OK - botón orden selector 1 listo después de 0.0s
2026-01-20 07:44:49,987 - INFO - Click exitoso en botón orden selector 1
2026-01-20 07:44:51,117 - INFO - Screenshot capturado: C1_04_formulario_orden.png
2026-01-20 07:44:51,118 - INFO - Click realizado en botón orden
2026-01-20 07:44:51,118 - INFO - Configuración - Garantías: SI, Descuento: NO, Créditos: SI, Entrega: NO, Tipo Entrega: cliente llevará
2026-01-20 07:44:51,118 - INFO - === PASO 5: EXTRAER NÚMERO COTIZACIÓN ===
2026-01-20 07:44:51,118 - INFO - === EXTRAYENDO NÚMERO DE COTIZACIÓN INICIAL ===
2026-01-20 07:44:53,161 - INFO - Número encontrado con selector: li.quotationNumberTitle p:last-child
2026-01-20 07:44:53,162 - INFO - Número de cotización: 11609224250005
2026-01-20 07:44:53,162 - INFO - Número base extraído: 11609224250005
2026-01-20 07:44:53,163 - INFO - Número único generado: 11609224250005_3162
2026-01-20 07:44:53,163 - INFO - === PASO 6: AGREGAR ITEMS ============================================================================
2026-01-20 07:44:53,164 - INFO - --- ITEM 1/2 ---
2026-01-20 07:44:53,164 - INFO - === MÓDULO 3: AGREGAR ITEM 1 ===
2026-01-20 07:44:53,164 - INFO - Código: 461431200016, Cantidad: 1
2026-01-20 07:44:53,165 - INFO - Esperando que campo búsqueda item 1 sea visible (timeout: 300s, se reinicia con progreso)...
2026-01-20 07:44:53,191 - INFO - PROGRESO: campo búsqueda item 1 visible - REINICIANDO timeout
2026-01-20 07:44:53,215 - INFO - OK - campo búsqueda item 1 listo después de 0.0s
2026-01-20 07:44:53,255 - INFO - Código 461431200016 ingresado en campo búsqueda
2026-01-20 07:44:53,299 - INFO - Enter enviado para búsqueda
2026-01-20 07:44:54,781 - INFO - Mensaje informativo (ignorado): Error
close
ERROR TO OBTAIN THE PARAMATER: permitirNoInventariadosSeguros...
2026-01-20 07:44:54,781 - INFO - Item 461431200016 procesado correctamente
2026-01-20 07:44:54,782 - INFO - === MÓDULO 4: GARANTÍAS ITEM 1 ===
2026-01-20 07:44:54,782 - INFO - Garantía: AGREGAR
2026-01-20 07:44:55,889 - INFO - Screenshot capturado: C1_07_pantalla_garantias_01.png
2026-01-20 07:45:01,956 - INFO - Botón Add encontrado: //button[contains(@class, 'btn-success') and contains(text(), 'Add')]
2026-01-20 07:45:01,995 - INFO - Click en Añadir garantía
2026-01-20 07:45:04,006 - INFO - Encontradas 6 opciones de garantía
2026-01-20 07:45:04,054 - INFO - Garantía seleccionada - precio: $82.25
2026-01-20 07:45:05,106 - INFO - Clic en botón final para garantía con precio
2026-01-20 07:45:06,196 - INFO - Screenshot capturado: C1_08_garantia_procesada_01.png
2026-01-20 07:45:07,274 - INFO - Screenshot capturado: C1_06_item_con_garantias_procesadas_01.png
2026-01-20 07:45:07,275 - INFO - Garantías procesadas para item 1
2026-01-20 07:45:07,275 - INFO - --- ITEM 2/2 ---
2026-01-20 07:45:07,275 - INFO - === MÓDULO 3: AGREGAR ITEM 2 ===
2026-01-20 07:45:07,275 - INFO - Código: 439766400005, Cantidad: 1
2026-01-20 07:45:07,276 - INFO - Esperando que campo búsqueda item 2 sea visible (timeout: 300s, se reinicia con progreso)...
2026-01-20 07:45:07,626 - INFO - PROGRESO: campo búsqueda item 2 visible - REINICIANDO timeout
2026-01-20 07:45:07,654 - INFO - OK - campo búsqueda item 2 listo después de 0.0s
2026-01-20 07:45:07,676 - INFO - Código 439766400005 ingresado en campo búsqueda
2026-01-20 07:45:07,710 - INFO - Enter enviado para búsqueda
2026-01-20 07:45:12,983 - INFO - Mensaje informativo (ignorado): Error
close
ERROR TO OBTAIN THE PARAMATER: permitirNoInventariadosSeguros...
2026-01-20 07:45:12,983 - INFO - Item 439766400005 procesado correctamente
2026-01-20 07:45:12,983 - INFO - === MÓDULO 4: GARANTÍAS ITEM 2 ===
2026-01-20 07:45:12,984 - INFO - Garantía: AGREGAR
2026-01-20 07:45:14,096 - INFO - Screenshot capturado: C1_07_pantalla_garantias_02.png
2026-01-20 07:45:20,133 - INFO - Botón Add encontrado: //button[contains(@class, 'btn-success') and contains(text(), 'Add')]
2026-01-20 07:45:20,167 - INFO - Click en Añadir garantía
2026-01-20 07:45:22,200 - INFO - Encontradas 6 opciones de garantía
2026-01-20 07:45:22,240 - INFO - Garantía seleccionada - precio: $212.50
2026-01-20 07:45:23,265 - INFO - Clic en botón final para garantía con precio
2026-01-20 07:45:24,387 - INFO - Screenshot capturado: C1_08_garantia_procesada_02.png
2026-01-20 07:45:25,469 - INFO - Screenshot capturado: C1_06_item_con_garantias_procesadas_02.png
2026-01-20 07:45:25,469 - INFO - Garantías procesadas para item 2
2026-01-20 07:45:25,470 - INFO - === PASO 7: ENLAZAR CUSTOMER ==========================================================================
2026-01-20 07:45:25,471 - INFO - === MÓDULO 5: ENLAZAR CUSTOMER ===
2026-01-20 07:45:25,556 - INFO - Screenshot capturado: C1_12_antes_enlazar_cliente.png
2026-01-20 07:45:30,598 - INFO - Enlace cliente encontrado: /html/body/div[2]/div[3]/div[28]/div[3]/h4/a
2026-01-20 07:45:30,618 - INFO - Click en enlace cliente
2026-01-20 07:45:33,685 - INFO - Screenshot capturado: C1_13_formulario_cliente.png
2026-01-20 07:45:34,961 - INFO - Cliente 057874256 ingresado
2026-01-20 07:45:36,493 - INFO - Screenshot capturado: C1_14_cliente_ingresado.png
2026-01-20 07:45:37,090 - INFO - Primer Next
2026-01-20 07:45:40,134 - INFO - Screenshot capturado: C1_15_primer_next.png
2026-01-20 07:45:45,656 - INFO - Segundo Next
2026-01-20 07:45:48,710 - INFO - Screenshot capturado: C1_16_segundo_next.png
2026-01-20 07:45:48,710 - INFO - Customer enlazado exitosamente
2026-01-20 07:45:48,710 - INFO - === PASO 9: DESCUENTO EMPLEADO ====================================================================
2026-01-20 07:45:48,711 - INFO - === MÓDULO 7: Creditos ==========================================================
2026-01-20 07:45:54,010 - INFO - Entrando al sistema de creditos
2026-01-20 07:45:59,780 - INFO - Haciendo scroll hacia el final
2026-01-20 07:46:00,532 - INFO - Agregando el tiempo de desplazamiento
2026-01-20 07:46:00,909 - INFO - Haciendo segundo next
2026-01-20 07:46:01,638 - INFO - Haciendo tercer next
2026-01-20 07:46:02,383 - INFO - ===================================================================================================
2026-01-20 07:46:02,384 - INFO - === PASO 11: FINALIZAR COTIZACIÓN ===
2026-01-20 07:46:02,384 - INFO - === FINALIZANDO COTIZACIÓN ===
2026-01-20 07:46:02,429 - INFO - Screenshot capturado: C1_17_antes_finalizar.png
2026-01-20 07:46:04,430 - INFO - PASO 1: Click en botón finalizar
2026-01-20 07:46:22,482 - INFO - ✓ Botón finalizar encontrado con: //button[contains(@class, 'btn-success') and contains(text(), 'Save')]
2026-01-20 07:46:22,521 - INFO - Screenshot capturado: C1_18_antes_finalizar.png
2026-01-20 07:46:22,521 - INFO - 🔧 Preservando datos de sesión...
2026-01-20 07:46:22,528 - INFO - 📝 Sesión preservada - OrderID: undefined, SessionData: 
2026-01-20 07:46:22,540 - INFO - ✓ Click en botón finalizar exitoso
2026-01-20 07:46:30,555 - INFO - 📋 Modales encontrados: 11
2026-01-20 07:46:30,570 - INFO -   Modal 1: tag=a, id=managerLink, visible=False
2026-01-20 07:46:30,586 - INFO -   Modal 2: tag=div, id=managerDialog, visible=False
2026-01-20 07:46:30,601 - INFO -   Modal 3: tag=div, id=, visible=False
2026-01-20 07:46:30,605 - INFO - 📝 Formularios encontrados: 2
2026-01-20 07:46:30,606 - INFO - 🔍 MONITOREANDO ESTADO POST-SAVE...
2026-01-20 07:46:31,610 - INFO - 📍 Segundo 1: URL = http://ursvtols8b3c:8080/engage-unicomer-web/cashLoan/index
2026-01-20 07:46:31,614 - INFO - 📄 Segundo 1: Título = Grupo Unicomer
2026-01-20 07:46:31,752 - INFO - 🔘 Segundo 1: Botones visibles = ['Back', 'Next', 'Save', 'Cancel']
2026-01-20 07:46:36,762 - INFO - 🖨️ Segundo 1: Printer Group NO encontrado
2026-01-20 07:46:36,770 - INFO - 🐛 Segundo 1: JS Console disponible
2026-01-20 07:46:36,785 - INFO - 💾 Segundo 1: Session=undefined, Local=undefined
2026-01-20 07:46:37,789 - INFO - 📍 Segundo 2: URL = http://ursvtols8b3c:8080/engage-unicomer-web/cashLoan/index
2026-01-20 07:46:37,793 - INFO - 📄 Segundo 2: Título = Grupo Unicomer
2026-01-20 07:46:37,932 - INFO - 🔘 Segundo 2: Botones visibles = ['Back', 'Next', 'Save', 'Cancel']
2026-01-20 07:46:42,947 - INFO - 🖨️ Segundo 2: Printer Group NO encontrado
2026-01-20 07:46:42,956 - INFO - 🐛 Segundo 2: JS Console disponible
2026-01-20 07:46:42,975 - INFO - 💾 Segundo 2: Session=undefined, Local=undefined
2026-01-20 07:46:43,980 - INFO - 📍 Segundo 3: URL = http://ursvtols8b3c:8080/engage-unicomer-web/cashLoan/index
2026-01-20 07:46:43,985 - INFO - 📄 Segundo 3: Título = Grupo Unicomer
2026-01-20 07:46:44,182 - INFO - 🔘 Segundo 3: Botones visibles = ['Back', 'Next', 'Save', 'Cancel']
2026-01-20 07:46:49,194 - INFO - 🖨️ Segundo 3: Printer Group NO encontrado
2026-01-20 07:46:49,203 - INFO - 🐛 Segundo 3: JS Console disponible
2026-01-20 07:46:49,219 - INFO - 💾 Segundo 3: Session=undefined, Local=undefined
2026-01-20 07:46:50,223 - INFO - 📍 Segundo 4: URL = http://ursvtols8b3c:8080/engage-unicomer-web/cashLoan/index
2026-01-20 07:46:50,228 - INFO - 📄 Segundo 4: Título = Grupo Unicomer
2026-01-20 07:46:50,382 - INFO - 🔘 Segundo 4: Botones visibles = ['Back', 'Next', 'Save', 'Cancel']
2026-01-20 07:46:55,398 - INFO - 🖨️ Segundo 4: Printer Group NO encontrado
2026-01-20 07:46:55,405 - INFO - 🐛 Segundo 4: JS Console disponible
2026-01-20 07:46:55,417 - INFO - 💾 Segundo 4: Session=undefined, Local=undefined
2026-01-20 07:46:56,422 - INFO - 📍 Segundo 5: URL = http://ursvtols8b3c:8080/engage-unicomer-web/cashLoan/index
2026-01-20 07:46:56,426 - INFO - 📄 Segundo 5: Título = Grupo Unicomer
2026-01-20 07:46:56,561 - INFO - 🔘 Segundo 5: Botones visibles = ['Back', 'Next', 'Save', 'Cancel']
2026-01-20 07:47:01,575 - INFO - 🖨️ Segundo 5: Printer Group NO encontrado
2026-01-20 07:47:01,581 - INFO - 🐛 Segundo 5: JS Console disponible
2026-01-20 07:47:01,590 - INFO - 💾 Segundo 5: Session=undefined, Local=undefined
2026-01-20 07:47:02,595 - INFO - 📍 Segundo 6: URL = http://ursvtols8b3c:8080/engage-unicomer-web/cashLoan/index
2026-01-20 07:47:02,599 - INFO - 📄 Segundo 6: Título = Grupo Unicomer
2026-01-20 07:47:02,751 - INFO - 🔘 Segundo 6: Botones visibles = ['Back', 'Next', 'Save', 'Cancel']
2026-01-20 07:47:07,758 - INFO - 🖨️ Segundo 6: Printer Group NO encontrado
2026-01-20 07:47:07,765 - INFO - 🐛 Segundo 6: JS Console disponible
2026-01-20 07:47:07,778 - INFO - 💾 Segundo 6: Session=undefined, Local=undefined
2026-01-20 07:47:08,784 - INFO - 📍 Segundo 7: URL = http://ursvtols8b3c:8080/engage-unicomer-web/cashLoan/index
2026-01-20 07:47:08,787 - INFO - 📄 Segundo 7: Título = Grupo Unicomer
2026-01-20 07:47:08,945 - INFO - 🔘 Segundo 7: Botones visibles = ['Back', 'Next', 'Save', 'Cancel']
2026-01-20 07:47:13,963 - INFO - 🖨️ Segundo 7: Printer Group NO encontrado
2026-01-20 07:47:13,970 - INFO - 🐛 Segundo 7: JS Console disponible
2026-01-20 07:47:13,982 - INFO - 💾 Segundo 7: Session=undefined, Local=undefined
2026-01-20 07:47:14,986 - INFO - 📍 Segundo 8: URL = http://ursvtols8b3c:8080/engage-unicomer-web/cashLoan/index
2026-01-20 07:47:14,990 - INFO - 📄 Segundo 8: Título = Grupo Unicomer
2026-01-20 07:47:15,133 - INFO - 🔘 Segundo 8: Botones visibles = ['Back', 'Next', 'Save', 'Cancel']
2026-01-20 07:47:20,153 - INFO - 🖨️ Segundo 8: Printer Group NO encontrado
2026-01-20 07:47:20,175 - INFO - 🐛 Segundo 8: JS Console disponible
2026-01-20 07:47:20,236 - INFO - 💾 Segundo 8: Session=undefined, Local=undefined
2026-01-20 07:47:21,241 - INFO - 📍 Segundo 9: URL = http://ursvtols8b3c:8080/engage-unicomer-web/cashLoan/index
2026-01-20 07:47:21,245 - INFO - 📄 Segundo 9: Título = Grupo Unicomer
2026-01-20 07:47:21,419 - INFO - 🔘 Segundo 9: Botones visibles = ['Back', 'Next', 'Save', 'Cancel']
2026-01-20 07:47:26,434 - INFO - 🖨️ Segundo 9: Printer Group NO encontrado
2026-01-20 07:47:26,442 - INFO - 🐛 Segundo 9: JS Console disponible
2026-01-20 07:47:26,456 - INFO - 💾 Segundo 9: Session=undefined, Local=undefined
2026-01-20 07:47:27,460 - INFO - 📍 Segundo 10: URL = http://ursvtols8b3c:8080/engage-unicomer-web/cashLoan/index
2026-01-20 07:47:27,464 - INFO - 📄 Segundo 10: Título = Grupo Unicomer
2026-01-20 07:47:27,658 - INFO - 🔘 Segundo 10: Botones visibles = ['Back', 'Next', 'Save', 'Cancel']
2026-01-20 07:47:32,675 - INFO - 🖨️ Segundo 10: Printer Group NO encontrado
2026-01-20 07:47:32,682 - INFO - 🐛 Segundo 10: JS Console disponible
2026-01-20 07:47:32,693 - INFO - 💾 Segundo 10: Session=undefined, Local=undefined
2026-01-20 07:47:32,693 - INFO - 🏁 FIN DE MONITOREO POST-SAVE
2026-01-20 07:47:32,694 - INFO - 🔄 Buscando botón Save en página delivery/search...
2026-01-20 07:47:37,705 - INFO - ℹ️ No se encontró botón Save en delivery/search
2026-01-20 07:47:37,705 - INFO - 🔄 Verificación final del Printer Group...
2026-01-20 07:47:45,727 - INFO - ℹ️ Printer Group no apareció en verificación final
2026-01-20 07:47:45,727 - INFO - 💡 Esto puede ser normal - el Save ya se ejecutó
2026-01-20 07:47:45,728 - INFO - ⏳ Esperando procesamiento completo del Save...
2026-01-20 07:47:47,737 - INFO - PASO 2: Esperando redirección automática del servidor...
2026-01-20 07:47:47,743 - INFO - 📍 URL antes del submit: http://ursvtols8b3c:8080/engage-unicomer-web/cashLoan/index
2026-01-20 07:47:48,752 - INFO - ⏱️ Segundo 1: URL=http://ursvtols8b3c:8080/engage-unicomer-web/cashLoan/index, Título=Grupo Unicomer
2026-01-20 07:47:48,763 - INFO - ✅ Indicador de éxito encontrado: 'success'
2026-01-20 07:47:48,822 - INFO - Screenshot capturado: C1_20_exito_detectado.png
2026-01-20 07:47:48,822 - INFO - ✅ Finalización exitosa
2026-01-20 07:47:48,822 - INFO - === PASO 12: GENERAR REPORTE INDIVIDUAL ===
2026-01-20 07:47:48,822 - INFO - Generando reporte para cotización 1 con número 11609224250005
2026-01-20 07:47:48,823 - INFO - Screenshots disponibles: 17
2026-01-20 07:47:48,823 - INFO - 🔄 Generando reporte para cotización 1: 11609224250005
2026-01-20 07:47:48,926 - INFO - ✅ Excel actualizado - Cotización 1: 11609224250005
2026-01-20 07:47:49,031 - INFO - Reporte ejecutivo generado: Reporte_cotizacion_11609224250005.docx
2026-01-20 07:47:49,031 - INFO - Archivo verificado: 1568607 bytes
2026-01-20 07:47:49,032 - INFO - Reporte Word generado exitosamente para cotización 1
2026-01-20 07:47:49,032 - INFO - Iniciando limpieza de screenshots después de generar reporte
2026-01-20 07:47:49,033 - INFO - Screenshot eliminado: 01_login_resultado.png
2026-01-20 07:47:49,034 - INFO - Screenshot eliminado: C1_02_dashboard.png
2026-01-20 07:47:49,035 - INFO - Screenshot eliminado: C1_04_formulario_orden.png
2026-01-20 07:47:49,036 - INFO - Screenshot eliminado: C1_07_pantalla_garantias_01.png
2026-01-20 07:47:49,036 - INFO - Screenshot eliminado: C1_08_garantia_procesada_01.png
2026-01-20 07:47:49,037 - INFO - Screenshot eliminado: C1_06_item_con_garantias_procesadas_01.png
2026-01-20 07:47:49,038 - INFO - Screenshot eliminado: C1_07_pantalla_garantias_02.png
2026-01-20 07:47:49,039 - INFO - Screenshot eliminado: C1_08_garantia_procesada_02.png
2026-01-20 07:47:49,039 - INFO - Screenshot eliminado: C1_06_item_con_garantias_procesadas_02.png
2026-01-20 07:47:49,040 - INFO - Screenshot eliminado: C1_12_antes_enlazar_cliente.png
2026-01-20 07:47:49,041 - INFO - Screenshot eliminado: C1_13_formulario_cliente.png
2026-01-20 07:47:49,041 - INFO - Screenshot eliminado: C1_14_cliente_ingresado.png
2026-01-20 07:47:49,042 - INFO - Screenshot eliminado: C1_15_primer_next.png
2026-01-20 07:47:49,043 - INFO - Screenshot eliminado: C1_16_segundo_next.png
2026-01-20 07:47:49,043 - INFO - Screenshot eliminado: C1_17_antes_finalizar.png
2026-01-20 07:47:49,044 - INFO - Screenshot eliminado: C1_18_antes_finalizar.png
2026-01-20 07:47:49,045 - INFO - Screenshot eliminado: C1_20_exito_detectado.png
2026-01-20 07:47:49,045 - INFO - 17 screenshots eliminados para esta cotización
2026-01-20 07:47:49,045 - INFO - Cotización 1 completada: 11609224250005
2026-01-20 07:47:51,046 - INFO - 
🔄 PROCESANDO COTIZACIÓN 2/13: 2
2026-01-20 07:47:51,046 - INFO - === PASO 4: INICIAR ORDEN DE COMPRA ===
2026-01-20 07:47:51,047 - INFO - Buscando botón 'Comience una Orden de Compra'...
2026-01-20 07:47:51,109 - INFO - Screenshot capturado: C2_02_dashboard.png
2026-01-20 07:47:51,109 - INFO - Intentando selector 1: /html/body/div[2]/div[4]/div/div/div[1]/a[1]/input
2026-01-20 07:47:51,109 - INFO - Esperando que botón orden selector 1 sea visible (timeout: 300s, se reinicia con progreso)...
2026-01-20 07:47:56,627 - INFO - Esperando botón orden selector 1... Sin progreso: 0s, Total: 0s, Queda: 300s
2026-01-20 07:48:57,263 - INFO - Esperando botón orden selector 1... Sin progreso: 61s, Total: 61s, Queda: 239s
2026-01-20 07:50:42,018 - INFO - Esperando botón orden selector 1... Sin progreso: 165s, Total: 165s, Queda: 135s
2026-01-20 07:52:26,774 - INFO - Esperando botón orden selector 1... Sin progreso: 270s, Total: 270s, Queda: 30s
2026-01-20 07:52:54,338 - WARNING - Sin progreso en botón orden selector 1 por 300s - QUITANDO elemento y continuando
2026-01-20 07:52:54,338 - INFO - Total transcurrido: 303.2s
2026-01-20 07:52:54,339 - WARNING - QUITANDO: botón orden selector 1 - Sin progreso por 300s, continuando sin él
2026-01-20 07:52:54,339 - INFO - Selector 1 quitado por falta de progreso, probando siguiente...
2026-01-20 07:52:54,340 - ERROR - Ningún selector de botón orden funcionó - todos fueron quitados por timeout
2026-01-20 07:52:54,340 - WARNING - No se pudo iniciar orden de compra para cotización 2 - continuando con siguiente
2026-01-20 07:52:54,341 - INFO - 
🔄 PROCESANDO COTIZACIÓN 3/13: 3
2026-01-20 07:52:54,342 - INFO - === PASO 4: INICIAR ORDEN DE COMPRA ===
2026-01-20 07:52:54,342 - INFO - Buscando botón 'Comience una Orden de Compra'...
2026-01-20 07:52:54,389 - INFO - Screenshot capturado: C3_02_dashboard.png
2026-01-20 07:52:54,390 - INFO - Intentando selector 1: /html/body/div[2]/div[4]/div/div/div[1]/a[1]/input
2026-01-20 07:52:54,390 - INFO - Esperando que botón orden selector 1 sea visible (timeout: 300s, se reinicia con progreso)...
2026-01-20 07:52:59,899 - INFO - Esperando botón orden selector 1... Sin progreso: 0s, Total: 0s, Queda: 300s
2026-01-20 07:54:00,545 - INFO - Esperando botón orden selector 1... Sin progreso: 61s, Total: 61s, Queda: 239s
2026-01-20 07:55:45,288 - INFO - Esperando botón orden selector 1... Sin progreso: 165s, Total: 165s, Queda: 135s
2026-01-20 07:55:50,468 - WARNING - ⏹️ Interrumpido por usuario
2026-01-20 07:55:50,471 - INFO - 📊 Creando reportes parciales...
2026-01-20 07:55:50,473 - INFO - === REPORTE FINAL ===
2026-01-20 07:55:50,474 - INFO - Excel ya fue actualizado individualmente por cotización
2026-01-20 07:55:50,474 - INFO - Reportes Word ya fueron generados individualmente
2026-01-20 07:55:50,475 - INFO - Reportes encontrados: 1
2026-01-20 07:55:50,476 - INFO - 📊 Excel parcial: productos_avanzado.xlsx
2026-01-20 07:55:50,476 - INFO - 📑 Word parcial: ['Reporte_cotizacion_11609224250005.docx']
2026-01-20 07:55:50,476 - INFO - 📋 Log completo disponible en: logs\automatizacion_20260120.log
2026-01-20 07:55:50,477 - INFO - Limpiando recursos...
2026-01-20 07:55:50,477 - INFO - Eliminando screenshots residuales...
2026-01-20 07:55:50,479 - INFO - 2 screenshots residuales eliminados
2026-01-20 07:56:06,917 - WARNING -  Error cerrando navegador
2026-01-20 07:56:06,917 - INFO - Limpieza de recursos completada
2026-01-20 07:56:06,918 - INFO - === AUTOMATIZACIÓN FINALIZADA ===
2026-01-20 07:56:26,649 - INFO - Log guardándose en: logs\automatizacion_20260120.log
2026-01-20 07:56:26,649 - INFO -  === AUTOMATIZACIÓN MODULAR INICIADA ===
2026-01-20 07:56:26,650 - INFO - Archivo: productos_avanzado.xlsx
2026-01-20 07:56:26,650 - INFO - === PASO 1: LECTURA EXCEL ===
2026-01-20 07:56:26,650 - INFO - === MÓDULO 1: LECTURA EXCEL ===
2026-01-20 07:56:26,650 - INFO - Archivo: productos_avanzado.xlsx
2026-01-20 07:56:26,673 - INFO - Columnas encontradas: ['cotizacion_id', 'codigo', 'descripcion', 'cantidad', 'con_garantia', 'descuento_empleado', 'con_creditos', 'entrega_cliente', 'COTIZACION', 'ESTADO', 'FECHA_PROCESADO', 'ARCHIVO_WORD', 'tipo_entrega', 'Unnamed: 13']
2026-01-20 07:56:26,683 - INFO - Se encontraron 13 cotizaciones
2026-01-20 07:56:26,683 - INFO - Cotización 1: 2 productos
2026-01-20 07:56:26,683 - INFO - Cotización 2: 3 productos
2026-01-20 07:56:26,684 - INFO - Cotización 3: 3 productos
2026-01-20 07:56:26,684 - INFO - Cotización 4: 3 productos
2026-01-20 07:56:26,684 - INFO - Cotización 5: 1 productos
2026-01-20 07:56:26,684 - INFO - Cotización 6: 1 productos
2026-01-20 07:56:26,684 - INFO - Cotización 7: 1 productos
2026-01-20 07:56:26,684 - INFO - Cotización 8: 1 productos
2026-01-20 07:56:26,685 - INFO - Cotización 9: 1 productos
2026-01-20 07:56:26,685 - INFO - Cotización 10: 3 productos
2026-01-20 07:56:26,685 - INFO - Cotización 11: 1 productos
2026-01-20 07:56:26,685 - INFO - Cotización 12: 4 productos
2026-01-20 07:56:26,685 - INFO - Cotización 13: 6 productos
2026-01-20 07:56:26,685 - INFO - === PASO 2: INICIALIZAR NAVEGADOR ===
2026-01-20 07:56:34,043 - INFO - Navegador Firefox inicializado con configuración limpia
2026-01-20 07:56:34,044 - INFO - === PASO 3: INICIAR SESIÓN ===
2026-01-20 07:56:34,044 - INFO - === MÓDULO 2: INICIO SESIÓN ===
2026-01-20 07:56:38,463 - INFO - Accediendo a: http://ursvtols8b3c:8080/engage-unicomer-web/
2026-01-20 07:56:38,529 - INFO - Credenciales ingresadas
2026-01-20 07:56:40,560 - INFO - Formulario enviado
2026-01-20 07:56:42,620 - INFO - Screenshot capturado: 01_login_resultado.png
2026-01-20 07:56:42,627 - INFO - Login exitoso - URL cambió
2026-01-20 07:56:42,627 - INFO - 
🔄 PROCESANDO COTIZACIÓN 1/13: 1
2026-01-20 07:56:42,628 - INFO - === PASO 4: INICIAR ORDEN DE COMPRA ===
2026-01-20 07:56:42,628 - INFO - Buscando botón 'Comience una Orden de Compra'...
2026-01-20 07:56:42,681 - INFO - Screenshot capturado: C1_02_dashboard.png
2026-01-20 07:56:42,681 - INFO - Intentando selector 1: /html/body/div[2]/div[4]/div/div/div[1]/a[1]/input
2026-01-20 07:56:42,681 - INFO - Esperando que botón orden selector 1 sea visible (timeout: 300s, se reinicia con progreso)...
2026-01-20 07:56:42,944 - INFO - PROGRESO: botón orden selector 1 visible - REINICIANDO timeout
2026-01-20 07:56:42,960 - INFO - OK - botón orden selector 1 listo después de 0.0s
2026-01-20 07:56:43,498 - INFO - Click exitoso en botón orden selector 1
2026-01-20 07:56:44,539 - INFO - Screenshot capturado: C1_04_formulario_orden.png
2026-01-20 07:56:44,540 - INFO - Click realizado en botón orden
2026-01-20 07:56:44,540 - INFO - Configuración - Garantías: SI, Descuento: NO, Créditos: SI, Entrega: NO, Tipo Entrega: cliente llevará
2026-01-20 07:56:44,540 - INFO - === PASO 5: EXTRAER NÚMERO COTIZACIÓN ===
2026-01-20 07:56:44,541 - INFO - === EXTRAYENDO NÚMERO DE COTIZACIÓN INICIAL ===
2026-01-20 07:56:46,570 - INFO - Número encontrado con selector: li.quotationNumberTitle p:last-child
2026-01-20 07:56:46,571 - INFO - Número de cotización: 11609225250006
2026-01-20 07:56:46,571 - INFO - Número base extraído: 11609225250006
2026-01-20 07:56:46,572 - INFO - Número único generado: 11609225250006_6571
2026-01-20 07:56:46,572 - INFO - === PASO 6: AGREGAR ITEMS ============================================================================
2026-01-20 07:56:46,572 - INFO - --- ITEM 1/2 ---
2026-01-20 07:56:46,572 - INFO - === MÓDULO 3: AGREGAR ITEM 1 ===
2026-01-20 07:56:46,573 - INFO - Código: 461431200016, Cantidad: 1
2026-01-20 07:56:46,573 - INFO - Esperando que campo búsqueda item 1 sea visible (timeout: 300s, se reinicia con progreso)...
2026-01-20 07:56:46,594 - INFO - PROGRESO: campo búsqueda item 1 visible - REINICIANDO timeout
2026-01-20 07:56:46,616 - INFO - OK - campo búsqueda item 1 listo después de 0.0s
2026-01-20 07:56:46,653 - INFO - Código 461431200016 ingresado en campo búsqueda
2026-01-20 07:56:46,668 - INFO - Enter enviado para búsqueda
2026-01-20 07:56:48,216 - INFO - Mensaje informativo (ignorado): Error
close
ERROR TO OBTAIN THE PARAMATER: permitirNoInventariadosSeguros...
2026-01-20 07:56:48,217 - INFO - Item 461431200016 procesado correctamente
2026-01-20 07:56:48,217 - INFO - === MÓDULO 4: GARANTÍAS ITEM 1 ===
2026-01-20 07:56:48,218 - INFO - Garantía: AGREGAR
2026-01-20 07:56:49,277 - INFO - Screenshot capturado: C1_07_pantalla_garantias_01.png
2026-01-20 07:56:55,302 - INFO - Botón Add encontrado: //button[contains(@class, 'btn-success') and contains(text(), 'Add')]
2026-01-20 07:56:55,316 - INFO - Click en Añadir garantía
2026-01-20 07:56:57,328 - INFO - Encontradas 6 opciones de garantía
2026-01-20 07:56:57,376 - INFO - Garantía seleccionada - precio: $82.25
2026-01-20 07:56:58,389 - INFO - Clic en botón final para garantía con precio
2026-01-20 07:56:59,439 - INFO - Screenshot capturado: C1_08_garantia_procesada_01.png
2026-01-20 07:57:00,487 - INFO - Screenshot capturado: C1_06_item_con_garantias_procesadas_01.png
2026-01-20 07:57:00,487 - INFO - Garantías procesadas para item 1
2026-01-20 07:57:00,488 - INFO - --- ITEM 2/2 ---
2026-01-20 07:57:00,488 - INFO - === MÓDULO 3: AGREGAR ITEM 2 ===
2026-01-20 07:57:00,488 - INFO - Código: 439766400005, Cantidad: 1
2026-01-20 07:57:00,488 - INFO - Esperando que campo búsqueda item 2 sea visible (timeout: 300s, se reinicia con progreso)...
2026-01-20 07:57:00,509 - INFO - PROGRESO: campo búsqueda item 2 visible - REINICIANDO timeout
2026-01-20 07:57:00,527 - INFO - OK - campo búsqueda item 2 listo después de 0.0s
2026-01-20 07:57:00,566 - INFO - Código 439766400005 ingresado en campo búsqueda
2026-01-20 07:57:00,577 - INFO - Enter enviado para búsqueda
2026-01-20 07:57:04,315 - INFO - Mensaje informativo (ignorado): Error
close
ERROR TO OBTAIN THE PARAMATER: permitirNoInventariadosSeguros...
2026-01-20 07:57:04,315 - INFO - Item 439766400005 procesado correctamente
2026-01-20 07:57:04,315 - INFO - === MÓDULO 4: GARANTÍAS ITEM 2 ===
2026-01-20 07:57:04,316 - INFO - Garantía: AGREGAR
2026-01-20 07:57:05,364 - INFO - Screenshot capturado: C1_07_pantalla_garantias_02.png
2026-01-20 07:57:11,398 - INFO - Botón Add encontrado: //button[contains(@class, 'btn-success') and contains(text(), 'Add')]
2026-01-20 07:57:11,417 - INFO - Click en Añadir garantía
2026-01-20 07:57:13,432 - INFO - Encontradas 6 opciones de garantía
2026-01-20 07:57:13,464 - INFO - Garantía seleccionada - precio: $212.50
2026-01-20 07:57:14,478 - INFO - Clic en botón final para garantía con precio
2026-01-20 07:57:15,531 - INFO - Screenshot capturado: C1_08_garantia_procesada_02.png
2026-01-20 07:57:16,577 - INFO - Screenshot capturado: C1_06_item_con_garantias_procesadas_02.png
2026-01-20 07:57:16,578 - INFO - Garantías procesadas para item 2
2026-01-20 07:57:16,578 - INFO - === PASO 7: ENLAZAR CUSTOMER ==========================================================================
2026-01-20 07:57:16,579 - INFO - === MÓDULO 5: ENLAZAR CUSTOMER ===
2026-01-20 07:57:16,621 - INFO - Screenshot capturado: C1_12_antes_enlazar_cliente.png
2026-01-20 07:57:21,661 - INFO - Enlace cliente encontrado: /html/body/div[2]/div[3]/div[28]/div[3]/h4/a
2026-01-20 07:57:21,680 - INFO - Click en enlace cliente
2026-01-20 07:57:24,730 - INFO - Screenshot capturado: C1_13_formulario_cliente.png
2026-01-20 07:57:26,000 - INFO - Cliente 057874256 ingresado
2026-01-20 07:57:27,045 - INFO - Screenshot capturado: C1_14_cliente_ingresado.png
2026-01-20 07:57:27,719 - INFO - Primer Next
2026-01-20 07:57:30,787 - INFO - Screenshot capturado: C1_15_primer_next.png
2026-01-20 07:57:36,011 - INFO - Segundo Next
2026-01-20 07:57:39,060 - INFO - Screenshot capturado: C1_16_segundo_next.png
2026-01-20 07:57:39,060 - INFO - Customer enlazado exitosamente
2026-01-20 07:57:39,061 - INFO - === PASO 9: DESCUENTO EMPLEADO ====================================================================
2026-01-20 07:57:39,061 - INFO - === MÓDULO 7: Creditos ==========================================================
2026-01-20 07:57:43,824 - INFO - Entrando al sistema de creditos
2026-01-20 07:57:49,458 - INFO - Haciendo scroll hacia el final
2026-01-20 07:57:55,234 - INFO - Agregando el tiempo de desplazamiento
2026-01-20 07:57:55,297 - INFO - Haciendo segundo next
2026-01-20 07:57:56,549 - INFO - Haciendo tercer next
2026-01-20 07:57:57,789 - INFO - ===================================================================================================
2026-01-20 07:57:57,790 - INFO - === PASO 11: FINALIZAR COTIZACIÓN ===
2026-01-20 07:57:57,791 - INFO - === FINALIZANDO COTIZACIÓN ===
2026-01-20 07:57:57,874 - INFO - Screenshot capturado: C1_17_antes_finalizar.png
2026-01-20 07:57:59,875 - INFO - PASO 1: Click en botón finalizar
2026-01-20 07:58:17,946 - INFO - ✓ Botón finalizar encontrado con: //button[contains(@class, 'btn-success') and contains(text(), 'Save')]
2026-01-20 07:58:18,000 - INFO - Screenshot capturado: C1_18_antes_finalizar.png
2026-01-20 07:58:18,000 - INFO - 🔧 Preservando datos de sesión...
2026-01-20 07:58:18,011 - INFO - 📝 Sesión preservada - OrderID: undefined, SessionData: 
2026-01-20 07:58:18,025 - INFO - ✓ Click en botón finalizar exitoso
2026-01-20 07:58:26,040 - INFO - 📋 Modales encontrados: 16
2026-01-20 07:58:26,065 - INFO -   Modal 1: tag=a, id=managerLink, visible=False
2026-01-20 07:58:26,086 - INFO -   Modal 2: tag=div, id=managerDialog, visible=False
2026-01-20 07:58:26,105 - INFO -   Modal 3: tag=div, id=, visible=False
2026-01-20 07:58:26,112 - INFO - 📝 Formularios encontrados: 2
2026-01-20 07:58:26,112 - INFO - 🔍 MONITOREANDO ESTADO POST-SAVE...
2026-01-20 07:58:27,117 - INFO - 📍 Segundo 1: URL = http://ursvtols8b3c:8080/engage-unicomer-web/cashLoan/index
2026-01-20 07:58:27,121 - INFO - 📄 Segundo 1: Título = Grupo Unicomer
2026-01-20 07:58:27,280 - INFO - 🔘 Segundo 1: Botones visibles = ['OK', 'Next', 'Save', 'Cancel']
2026-01-20 07:58:32,294 - INFO - 🖨️ Segundo 1: Printer Group NO encontrado
2026-01-20 07:58:32,299 - INFO - 🐛 Segundo 1: JS Console disponible
2026-01-20 07:58:32,309 - INFO - 💾 Segundo 1: Session=undefined, Local=undefined
2026-01-20 07:58:33,314 - INFO - 📍 Segundo 2: URL = http://ursvtols8b3c:8080/engage-unicomer-web/cashLoan/index
2026-01-20 07:58:33,317 - INFO - 📄 Segundo 2: Título = Grupo Unicomer
2026-01-20 07:58:33,467 - INFO - 🔘 Segundo 2: Botones visibles = ['OK', 'Next', 'Save', 'Cancel']
2026-01-20 07:58:38,488 - INFO - 🖨️ Segundo 2: Printer Group NO encontrado
2026-01-20 07:58:38,494 - INFO - 🐛 Segundo 2: JS Console disponible
2026-01-20 07:58:38,505 - INFO - 💾 Segundo 2: Session=undefined, Local=undefined
2026-01-20 07:58:39,513 - INFO - 📍 Segundo 3: URL = http://ursvtols8b3c:8080/engage-unicomer-web/cashLoan/index
2026-01-20 07:58:39,520 - INFO - 📄 Segundo 3: Título = Grupo Unicomer
2026-01-20 07:58:39,711 - INFO - 🔘 Segundo 3: Botones visibles = ['OK', 'Next', 'Save', 'Cancel']
2026-01-20 07:58:47,061 - INFO - 🖨️ Segundo 3: Printer Group NO encontrado
2026-01-20 07:58:47,069 - INFO - 🐛 Segundo 3: JS Console disponible
2026-01-20 07:58:47,084 - INFO - 💾 Segundo 3: Session=undefined, Local=undefined
2026-01-20 07:58:48,089 - INFO - 📍 Segundo 4: URL = http://ursvtols8b3c:8080/engage-unicomer-web/saleOrder/saveCreditSale
2026-01-20 07:58:48,094 - INFO - 📄 Segundo 4: Título = Grupo Unicomer
2026-01-20 07:58:49,433 - INFO - 🔘 Segundo 4: Botones visibles = ['Search', 'Item Inquiry', 'Transaction Options', 'Apply for Credit', 'Save']
2026-01-20 07:58:54,439 - INFO - 🖨️ Segundo 4: Printer Group NO encontrado
2026-01-20 07:58:54,447 - INFO - 🐛 Segundo 4: JS Console disponible
2026-01-20 07:58:54,462 - INFO - 💾 Segundo 4: Session=undefined, Local=undefined
2026-01-20 07:58:55,466 - INFO - 📍 Segundo 5: URL = http://ursvtols8b3c:8080/engage-unicomer-web/saleOrder/saveCreditSale
2026-01-20 07:58:55,469 - INFO - 📄 Segundo 5: Título = Grupo Unicomer
2026-01-20 07:58:56,750 - INFO - 🔘 Segundo 5: Botones visibles = ['Search', 'Item Inquiry', 'Transaction Options', 'Apply for Credit', 'Save']
2026-01-20 07:59:01,765 - INFO - 🖨️ Segundo 5: Printer Group NO encontrado
2026-01-20 07:59:01,770 - INFO - 🐛 Segundo 5: JS Console disponible
2026-01-20 07:59:01,783 - INFO - 💾 Segundo 5: Session=undefined, Local=undefined
2026-01-20 07:59:02,788 - INFO - 📍 Segundo 6: URL = http://ursvtols8b3c:8080/engage-unicomer-web/saleOrder/saveCreditSale
2026-01-20 07:59:02,791 - INFO - 📄 Segundo 6: Título = Grupo Unicomer
2026-01-20 07:59:04,043 - INFO - 🔘 Segundo 6: Botones visibles = ['Search', 'Item Inquiry', 'Transaction Options', 'Apply for Credit', 'Save']
2026-01-20 07:59:09,061 - INFO - 🖨️ Segundo 6: Printer Group NO encontrado
2026-01-20 07:59:09,069 - INFO - 🐛 Segundo 6: JS Console disponible
2026-01-20 07:59:09,079 - INFO - 💾 Segundo 6: Session=undefined, Local=undefined
2026-01-20 07:59:10,083 - INFO - 📍 Segundo 7: URL = http://ursvtols8b3c:8080/engage-unicomer-web/saleOrder/saveCreditSale
2026-01-20 07:59:10,087 - INFO - 📄 Segundo 7: Título = Grupo Unicomer
2026-01-20 07:59:11,250 - INFO - 🔘 Segundo 7: Botones visibles = ['Search', 'Item Inquiry', 'Transaction Options', 'Apply for Credit', 'Save']
2026-01-20 07:59:16,270 - INFO - 🖨️ Segundo 7: Printer Group NO encontrado
2026-01-20 07:59:16,275 - INFO - 🐛 Segundo 7: JS Console disponible
2026-01-20 07:59:16,286 - INFO - 💾 Segundo 7: Session=undefined, Local=undefined
2026-01-20 07:59:17,295 - INFO - 📍 Segundo 8: URL = http://ursvtols8b3c:8080/engage-unicomer-web/saleOrder/saveCreditSale
2026-01-20 07:59:17,302 - INFO - 📄 Segundo 8: Título = Grupo Unicomer
2026-01-20 07:59:18,479 - INFO - 🔘 Segundo 8: Botones visibles = ['Search', 'Item Inquiry', 'Transaction Options', 'Apply for Credit', 'Save']
2026-01-20 07:59:23,497 - INFO - 🖨️ Segundo 8: Printer Group NO encontrado
2026-01-20 07:59:23,503 - INFO - 🐛 Segundo 8: JS Console disponible
2026-01-20 07:59:23,518 - INFO - 💾 Segundo 8: Session=undefined, Local=undefined
2026-01-20 07:59:24,522 - INFO - 📍 Segundo 9: URL = http://ursvtols8b3c:8080/engage-unicomer-web/saleOrder/saveCreditSale
2026-01-20 07:59:24,525 - INFO - 📄 Segundo 9: Título = Grupo Unicomer
2026-01-20 07:59:25,820 - INFO - 🔘 Segundo 9: Botones visibles = ['Search', 'Item Inquiry', 'Transaction Options', 'Apply for Credit', 'Save']
2026-01-20 07:59:30,826 - INFO - 🖨️ Segundo 9: Printer Group NO encontrado
2026-01-20 07:59:30,833 - INFO - 🐛 Segundo 9: JS Console disponible
2026-01-20 07:59:30,849 - INFO - 💾 Segundo 9: Session=undefined, Local=undefined
2026-01-20 07:59:31,855 - INFO - 📍 Segundo 10: URL = http://ursvtols8b3c:8080/engage-unicomer-web/saleOrder/saveCreditSale
2026-01-20 07:59:31,861 - INFO - 📄 Segundo 10: Título = Grupo Unicomer
2026-01-20 07:59:33,281 - INFO - 🔘 Segundo 10: Botones visibles = ['Search', 'Item Inquiry', 'Transaction Options', 'Apply for Credit', 'Save']
2026-01-20 07:59:38,304 - INFO - 🖨️ Segundo 10: Printer Group NO encontrado
2026-01-20 07:59:38,312 - INFO - 🐛 Segundo 10: JS Console disponible
2026-01-20 07:59:38,323 - INFO - 💾 Segundo 10: Session=undefined, Local=undefined
2026-01-20 07:59:38,324 - INFO - 🏁 FIN DE MONITOREO POST-SAVE
2026-01-20 07:59:38,324 - INFO - 🔄 Buscando botón Save en página delivery/search...
2026-01-20 07:59:38,342 - INFO - ℹ️ Botón Save delivery encontrado pero no clickeable
2026-01-20 07:59:38,343 - INFO - 🔄 Verificación final del Printer Group...
2026-01-20 07:59:46,363 - INFO - ℹ️ Printer Group no apareció en verificación final
2026-01-20 07:59:46,364 - INFO - 💡 Esto puede ser normal - el Save ya se ejecutó
2026-01-20 07:59:46,364 - INFO - ⏳ Esperando procesamiento completo del Save...
2026-01-20 07:59:48,371 - INFO - PASO 2: Esperando redirección automática del servidor...
2026-01-20 07:59:48,374 - INFO - 📍 URL antes del submit: http://ursvtols8b3c:8080/engage-unicomer-web/saleOrder/saveCreditSale
2026-01-20 07:59:49,383 - INFO - ⏱️ Segundo 1: URL=http://ursvtols8b3c:8080/engage-unicomer-web/saleOrder/saveCreditSale, Título=Grupo Unicomer
2026-01-20 07:59:49,395 - INFO - ✅ Indicador de éxito encontrado: 'successfully'
2026-01-20 07:59:49,485 - INFO - Screenshot capturado: C1_20_exito_detectado.png
2026-01-20 07:59:49,485 - INFO - ✅ Finalización exitosa
2026-01-20 07:59:49,486 - INFO - === PASO 12: GENERAR REPORTE INDIVIDUAL ===
2026-01-20 07:59:49,487 - INFO - Generando reporte para cotización 1 con número 11609225250006
2026-01-20 07:59:49,487 - INFO - Screenshots disponibles: 17
2026-01-20 07:59:49,487 - INFO - 🔄 Generando reporte para cotización 1: 11609225250006
2026-01-20 07:59:49,790 - INFO - ✅ Excel actualizado - Cotización 1: 11609225250006
2026-01-20 07:59:50,091 - INFO - Reporte ejecutivo generado: Reporte_cotizacion_11609225250006.docx
2026-01-20 07:59:50,091 - INFO - Archivo verificado: 1648979 bytes
2026-01-20 07:59:50,092 - INFO - Reporte Word generado exitosamente para cotización 1
2026-01-20 07:59:50,093 - INFO - Iniciando limpieza de screenshots después de generar reporte
2026-01-20 07:59:50,095 - INFO - Screenshot eliminado: 01_login_resultado.png
2026-01-20 07:59:50,098 - INFO - Screenshot eliminado: C1_02_dashboard.png
2026-01-20 07:59:50,101 - INFO - Screenshot eliminado: C1_04_formulario_orden.png
2026-01-20 07:59:50,103 - INFO - Screenshot eliminado: C1_07_pantalla_garantias_01.png
2026-01-20 07:59:50,106 - INFO - Screenshot eliminado: C1_08_garantia_procesada_01.png
2026-01-20 07:59:50,109 - INFO - Screenshot eliminado: C1_06_item_con_garantias_procesadas_01.png
2026-01-20 07:59:50,112 - INFO - Screenshot eliminado: C1_07_pantalla_garantias_02.png
2026-01-20 07:59:50,115 - INFO - Screenshot eliminado: C1_08_garantia_procesada_02.png
2026-01-20 07:59:50,120 - INFO - Screenshot eliminado: C1_06_item_con_garantias_procesadas_02.png
2026-01-20 07:59:50,123 - INFO - Screenshot eliminado: C1_12_antes_enlazar_cliente.png
2026-01-20 07:59:50,128 - INFO - Screenshot eliminado: C1_13_formulario_cliente.png
2026-01-20 07:59:50,131 - INFO - Screenshot eliminado: C1_14_cliente_ingresado.png
2026-01-20 07:59:50,133 - INFO - Screenshot eliminado: C1_15_primer_next.png
2026-01-20 07:59:50,135 - INFO - Screenshot eliminado: C1_16_segundo_next.png
2026-01-20 07:59:50,137 - INFO - Screenshot eliminado: C1_17_antes_finalizar.png
2026-01-20 07:59:50,139 - INFO - Screenshot eliminado: C1_18_antes_finalizar.png
2026-01-20 07:59:50,141 - INFO - Screenshot eliminado: C1_20_exito_detectado.png
2026-01-20 07:59:50,142 - INFO - 17 screenshots eliminados para esta cotización
2026-01-20 07:59:50,142 - INFO - Cotización 1 completada: 11609225250006
2026-01-20 07:59:52,143 - INFO - 
🔄 PROCESANDO COTIZACIÓN 2/13: 2
2026-01-20 07:59:52,144 - INFO - === PASO 4: INICIAR ORDEN DE COMPRA ===
2026-01-20 07:59:52,144 - INFO - Buscando botón 'Comience una Orden de Compra'...
2026-01-20 07:59:52,210 - INFO - Screenshot capturado: C2_02_dashboard.png
2026-01-20 07:59:52,210 - INFO - Intentando selector 1: /html/body/div[2]/div[4]/div/div/div[1]/a[1]/input
2026-01-20 07:59:52,211 - INFO - Esperando que botón orden selector 1 sea visible (timeout: 300s, se reinicia con progreso)...
2026-01-20 07:59:57,721 - INFO - Esperando botón orden selector 1... Sin progreso: 0s, Total: 0s, Queda: 300s
2026-01-20 08:00:58,355 - INFO - Esperando botón orden selector 1... Sin progreso: 61s, Total: 61s, Queda: 239s
2026-01-20 08:02:02,490 - WARNING - ⏹️ Interrumpido por usuario
2026-01-20 08:02:02,492 - INFO - 📊 Creando reportes parciales...
2026-01-20 08:02:02,495 - INFO - === REPORTE FINAL ===
2026-01-20 08:02:02,495 - INFO - Excel ya fue actualizado individualmente por cotización
2026-01-20 08:02:02,496 - INFO - Reportes Word ya fueron generados individualmente
2026-01-20 08:02:02,497 - INFO - Reportes encontrados: 1
2026-01-20 08:02:02,497 - INFO - 📊 Excel parcial: productos_avanzado.xlsx
2026-01-20 08:02:02,497 - INFO - 📑 Word parcial: ['Reporte_cotizacion_11609225250006.docx']
2026-01-20 08:02:02,497 - INFO - 📋 Log completo disponible en: logs\automatizacion_20260120.log
2026-01-20 08:02:02,498 - INFO - Limpiando recursos...
2026-01-20 08:02:02,498 - INFO - Eliminando screenshots residuales...
2026-01-20 08:02:02,499 - INFO - 1 screenshots residuales eliminados
2026-01-20 08:02:18,888 - INFO - Navegador cerrado
2026-01-20 08:02:18,893 - INFO - Limpieza de recursos completada
2026-01-20 08:02:18,895 - INFO - === AUTOMATIZACIÓN FINALIZADA ===
2026-01-20 08:02:25,088 - INFO - Log guardándose en: logs\automatizacion_20260120.log
2026-01-20 08:02:25,089 - INFO -  === AUTOMATIZACIÓN MODULAR INICIADA ===
2026-01-20 08:02:25,089 - INFO - Archivo: productos_avanzado.xlsx
2026-01-20 08:02:25,090 - INFO - === PASO 1: LECTURA EXCEL ===
2026-01-20 08:02:25,090 - INFO - === MÓDULO 1: LECTURA EXCEL ===
2026-01-20 08:02:25,090 - INFO - Archivo: productos_avanzado.xlsx
2026-01-20 08:02:25,141 - INFO - Columnas encontradas: ['cotizacion_id', 'codigo', 'descripcion', 'cantidad', 'con_garantia', 'descuento_empleado', 'con_creditos', 'entrega_cliente', 'COTIZACION', 'ESTADO', 'FECHA_PROCESADO', 'ARCHIVO_WORD', 'tipo_entrega', 'Unnamed: 13']
2026-01-20 08:02:25,165 - INFO - Se encontraron 13 cotizaciones
2026-01-20 08:02:25,165 - INFO - Cotización 1: 2 productos
2026-01-20 08:02:25,165 - INFO - Cotización 2: 3 productos
2026-01-20 08:02:25,166 - INFO - Cotización 3: 3 productos
2026-01-20 08:02:25,166 - INFO - Cotización 4: 3 productos
2026-01-20 08:02:25,166 - INFO - Cotización 5: 1 productos
2026-01-20 08:02:25,166 - INFO - Cotización 6: 1 productos
2026-01-20 08:02:25,167 - INFO - Cotización 7: 1 productos
2026-01-20 08:02:25,167 - INFO - Cotización 8: 1 productos
2026-01-20 08:02:25,167 - INFO - Cotización 9: 1 productos
2026-01-20 08:02:25,167 - INFO - Cotización 10: 3 productos
2026-01-20 08:02:25,167 - INFO - Cotización 11: 1 productos
2026-01-20 08:02:25,168 - INFO - Cotización 12: 4 productos
2026-01-20 08:02:25,168 - INFO - Cotización 13: 6 productos
2026-01-20 08:02:25,168 - INFO - === PASO 2: INICIALIZAR NAVEGADOR ===
2026-01-20 08:02:32,187 - INFO - Navegador Firefox inicializado con configuración limpia
2026-01-20 08:02:32,187 - INFO - === PASO 3: INICIAR SESIÓN ===
2026-01-20 08:02:32,187 - INFO - === MÓDULO 2: INICIO SESIÓN ===
2026-01-20 08:02:35,465 - INFO - Accediendo a: http://ursvtols8b3c:8080/engage-unicomer-web/
2026-01-20 08:02:35,532 - INFO - Credenciales ingresadas
2026-01-20 08:02:37,052 - INFO - Formulario enviado
2026-01-20 08:02:39,131 - INFO - Screenshot capturado: 01_login_resultado.png
2026-01-20 08:02:39,138 - INFO - Login exitoso - URL cambió
2026-01-20 08:02:39,139 - INFO - 
🔄 PROCESANDO COTIZACIÓN 1/13: 1
2026-01-20 08:02:39,139 - INFO - === PASO 4: INICIAR ORDEN DE COMPRA ===
2026-01-20 08:02:39,140 - INFO - Buscando botón 'Comience una Orden de Compra'...
2026-01-20 08:02:39,203 - INFO - Screenshot capturado: C1_02_dashboard.png
2026-01-20 08:02:39,204 - INFO - Intentando selector 1: /html/body/div[2]/div[4]/div/div/div[1]/a[1]/input
2026-01-20 08:02:39,204 - INFO - Esperando que botón orden selector 1 sea visible (timeout: 300s, se reinicia con progreso)...
2026-01-20 08:02:39,238 - INFO - PROGRESO: botón orden selector 1 visible - REINICIANDO timeout
2026-01-20 08:02:39,266 - INFO - OK - botón orden selector 1 listo después de 0.0s
2026-01-20 08:02:39,845 - INFO - Click exitoso en botón orden selector 1
2026-01-20 08:02:40,911 - INFO - Screenshot capturado: C1_04_formulario_orden.png
2026-01-20 08:02:40,912 - INFO - Click realizado en botón orden
2026-01-20 08:02:40,912 - INFO - Configuración - Garantías: SI, Descuento: NO, Créditos: SI, Entrega: NO, Tipo Entrega: cliente llevará
2026-01-20 08:02:40,913 - INFO - === PASO 5: EXTRAER NÚMERO COTIZACIÓN ===
2026-01-20 08:02:40,913 - INFO - === EXTRAYENDO NÚMERO DE COTIZACIÓN INICIAL ===
2026-01-20 08:02:42,973 - INFO - Número encontrado con selector: li.quotationNumberTitle p:last-child
2026-01-20 08:02:42,974 - INFO - Número de cotización: 11609226250006
2026-01-20 08:02:42,974 - INFO - Número base extraído: 11609226250006
2026-01-20 08:02:42,975 - INFO - Número único generado: 11609226250006_2974
2026-01-20 08:02:42,975 - INFO - === PASO 6: AGREGAR ITEMS ============================================================================
2026-01-20 08:02:42,976 - INFO - --- ITEM 1/2 ---
2026-01-20 08:02:42,977 - INFO - === MÓDULO 3: AGREGAR ITEM 1 ===
2026-01-20 08:02:42,977 - INFO - Código: 461431200016, Cantidad: 1
2026-01-20 08:02:42,978 - INFO - Esperando que campo búsqueda item 1 sea visible (timeout: 300s, se reinicia con progreso)...
2026-01-20 08:02:43,006 - INFO - PROGRESO: campo búsqueda item 1 visible - REINICIANDO timeout
2026-01-20 08:02:43,033 - INFO - OK - campo búsqueda item 1 listo después de 0.0s
2026-01-20 08:02:43,079 - INFO - Código 461431200016 ingresado en campo búsqueda
2026-01-20 08:02:43,103 - INFO - Enter enviado para búsqueda
2026-01-20 08:02:44,493 - INFO - Mensaje informativo (ignorado): Error
close
ERROR TO OBTAIN THE PARAMATER: permitirNoInventariadosSeguros...
2026-01-20 08:02:44,494 - INFO - Item 461431200016 procesado correctamente
2026-01-20 08:02:44,494 - INFO - === MÓDULO 4: GARANTÍAS ITEM 1 ===
2026-01-20 08:02:44,495 - INFO - Garantía: AGREGAR
2026-01-20 08:02:45,587 - INFO - Screenshot capturado: C1_07_pantalla_garantias_01.png
2026-01-20 08:02:51,636 - INFO - Botón Add encontrado: //button[contains(@class, 'btn-success') and contains(text(), 'Add')]
2026-01-20 08:02:51,664 - INFO - Click en Añadir garantía
2026-01-20 08:02:53,695 - INFO - Encontradas 6 opciones de garantía
2026-01-20 08:02:53,746 - INFO - Garantía seleccionada - precio: $82.25
2026-01-20 08:02:54,764 - INFO - Clic en botón final para garantía con precio
2026-01-20 08:02:55,855 - INFO - Screenshot capturado: C1_08_garantia_procesada_01.png
2026-01-20 08:02:56,904 - INFO - Screenshot capturado: C1_06_item_con_garantias_procesadas_01.png
2026-01-20 08:02:56,904 - INFO - Garantías procesadas para item 1
2026-01-20 08:02:56,905 - INFO - --- ITEM 2/2 ---
2026-01-20 08:02:56,905 - INFO - === MÓDULO 3: AGREGAR ITEM 2 ===
2026-01-20 08:02:56,905 - INFO - Código: 439766400005, Cantidad: 1
2026-01-20 08:02:56,906 - INFO - Esperando que campo búsqueda item 2 sea visible (timeout: 300s, se reinicia con progreso)...
2026-01-20 08:02:56,924 - INFO - PROGRESO: campo búsqueda item 2 visible - REINICIANDO timeout
2026-01-20 08:02:56,945 - INFO - OK - campo búsqueda item 2 listo después de 0.0s
2026-01-20 08:02:56,989 - INFO - Código 439766400005 ingresado en campo búsqueda
2026-01-20 08:02:57,001 - INFO - Enter enviado para búsqueda
2026-01-20 08:03:00,870 - INFO - Mensaje informativo (ignorado): Error
close
ERROR TO OBTAIN THE PARAMATER: permitirNoInventariadosSeguros...
2026-01-20 08:03:00,871 - INFO - Item 439766400005 procesado correctamente
2026-01-20 08:03:00,871 - INFO - === MÓDULO 4: GARANTÍAS ITEM 2 ===
2026-01-20 08:03:00,872 - INFO - Garantía: AGREGAR
2026-01-20 08:03:02,026 - INFO - Screenshot capturado: C1_07_pantalla_garantias_02.png
2026-01-20 08:03:08,063 - INFO - Botón Add encontrado: //button[contains(@class, 'btn-success') and contains(text(), 'Add')]
2026-01-20 08:03:08,101 - INFO - Click en Añadir garantía
2026-01-20 08:03:10,113 - INFO - Encontradas 6 opciones de garantía
2026-01-20 08:03:10,172 - INFO - Garantía seleccionada - precio: $212.50
2026-01-20 08:03:11,202 - INFO - Clic en botón final para garantía con precio
2026-01-20 08:03:12,305 - INFO - Screenshot capturado: C1_08_garantia_procesada_02.png
2026-01-20 08:03:13,400 - INFO - Screenshot capturado: C1_06_item_con_garantias_procesadas_02.png
2026-01-20 08:03:13,401 - INFO - Garantías procesadas para item 2
2026-01-20 08:03:13,401 - INFO - === PASO 7: ENLAZAR CUSTOMER ==========================================================================
2026-01-20 08:03:13,402 - INFO - === MÓDULO 5: ENLAZAR CUSTOMER ===
2026-01-20 08:03:13,503 - INFO - Screenshot capturado: C1_12_antes_enlazar_cliente.png
2026-01-20 08:03:18,547 - INFO - Enlace cliente encontrado: /html/body/div[2]/div[3]/div[28]/div[3]/h4/a
2026-01-20 08:03:18,581 - INFO - Click en enlace cliente
2026-01-20 08:03:21,685 - INFO - Screenshot capturado: C1_13_formulario_cliente.png
2026-01-20 08:03:22,988 - INFO - Cliente 057874256 ingresado
2026-01-20 08:03:24,090 - INFO - Screenshot capturado: C1_14_cliente_ingresado.png
2026-01-20 08:03:25,135 - INFO - Primer Next
2026-01-20 08:03:28,224 - INFO - Screenshot capturado: C1_15_primer_next.png
2026-01-20 08:03:33,487 - INFO - Segundo Next
2026-01-20 08:03:36,590 - INFO - Screenshot capturado: C1_16_segundo_next.png
2026-01-20 08:03:36,591 - INFO - Customer enlazado exitosamente
2026-01-20 08:03:36,592 - INFO - === PASO 9: DESCUENTO EMPLEADO ====================================================================
2026-01-20 08:03:36,592 - INFO - === MÓDULO 7: Creditos ==========================================================
2026-01-20 08:03:42,178 - INFO - Entrando al sistema de creditos
2026-01-20 08:03:47,426 - INFO - Haciendo scroll hacia el final
2026-01-20 08:03:54,040 - INFO - Agregando el tiempo de desplazamiento
2026-01-20 08:03:54,093 - INFO - Haciendo segundo next
2026-01-20 08:03:56,357 - INFO - Haciendo tercer next
2026-01-20 08:03:56,593 - INFO - Haciendo cuarto next
2026-01-20 08:03:57,878 - INFO - Haciendo quinto next
2026-01-20 08:09:00,934 - ERROR - Error general: Message: 
Stacktrace:
RemoteError@chrome://remote/content/shared/RemoteError.sys.mjs:8:8
WebDriverError@chrome://remote/content/shared/webdriver/Errors.sys.mjs:187:5
NoSuchElementError@chrome://remote/content/shared/webdriver/Errors.sys.mjs:505:5
element.find/</<@chrome://remote/content/marionette/element.sys.mjs:135:16

2026-01-20 08:09:00,934 - INFO - 📋 Ver detalles del error en: logs\automatizacion_20260120.log
2026-01-20 08:09:00,935 - INFO - Limpiando recursos...
2026-01-20 08:09:00,935 - INFO - Eliminando screenshots residuales...
2026-01-20 08:09:00,960 - INFO - 14 screenshots residuales eliminados
2026-01-20 08:09:03,876 - INFO - Navegador cerrado
2026-01-20 08:09:03,878 - INFO - Limpieza de recursos completada
2026-01-20 08:09:03,878 - INFO - === AUTOMATIZACIÓN FINALIZADA ===
2026-01-20 08:15:55,984 - INFO - Log guardándose en: logs\automatizacion_20260120.log
2026-01-20 08:15:55,985 - INFO -  === AUTOMATIZACIÓN MODULAR INICIADA ===
2026-01-20 08:15:55,985 - INFO - Archivo: productos_avanzado.xlsx
2026-01-20 08:15:55,985 - INFO - === PASO 1: LECTURA EXCEL ===
2026-01-20 08:15:55,985 - INFO - === MÓDULO 1: LECTURA EXCEL ===
2026-01-20 08:15:55,986 - INFO - Archivo: productos_avanzado.xlsx
2026-01-20 08:15:56,069 - INFO - Columnas encontradas: ['cotizacion_id', 'codigo', 'descripcion', 'cantidad', 'con_garantia', 'descuento_empleado', 'con_creditos', 'entrega_cliente', 'COTIZACION', 'ESTADO', 'FECHA_PROCESADO', 'ARCHIVO_WORD', 'tipo_entrega', 'Unnamed: 13']
2026-01-20 08:15:56,080 - INFO - Se encontraron 13 cotizaciones
2026-01-20 08:15:56,080 - INFO - Cotización 1: 2 productos
2026-01-20 08:15:56,080 - INFO - Cotización 2: 3 productos
2026-01-20 08:15:56,081 - INFO - Cotización 3: 3 productos
2026-01-20 08:15:56,081 - INFO - Cotización 4: 3 productos
2026-01-20 08:15:56,081 - INFO - Cotización 5: 1 productos
2026-01-20 08:15:56,082 - INFO - Cotización 6: 1 productos
2026-01-20 08:15:56,082 - INFO - Cotización 7: 1 productos
2026-01-20 08:15:56,083 - INFO - Cotización 8: 1 productos
2026-01-20 08:15:56,083 - INFO - Cotización 9: 1 productos
2026-01-20 08:15:56,083 - INFO - Cotización 10: 3 productos
2026-01-20 08:15:56,083 - INFO - Cotización 11: 1 productos
2026-01-20 08:15:56,084 - INFO - Cotización 12: 4 productos
2026-01-20 08:15:56,084 - INFO - Cotización 13: 6 productos
2026-01-20 08:15:56,084 - INFO - === PASO 2: INICIALIZAR NAVEGADOR ===
2026-01-20 08:16:05,089 - INFO - Navegador Firefox inicializado con configuración limpia
2026-01-20 08:16:05,090 - INFO - === PASO 3: INICIAR SESIÓN ===
2026-01-20 08:16:05,090 - INFO - === MÓDULO 2: INICIO SESIÓN ===
2026-01-20 08:16:08,954 - INFO - Accediendo a: http://ursvtols8b3c:8080/engage-unicomer-web/
2026-01-20 08:16:09,022 - INFO - Credenciales ingresadas
2026-01-20 08:16:10,519 - INFO - Formulario enviado
2026-01-20 08:16:12,587 - INFO - Screenshot capturado: 01_login_resultado.png
2026-01-20 08:16:12,596 - INFO - Login exitoso - URL cambió
2026-01-20 08:16:12,596 - INFO - 
🔄 PROCESANDO COTIZACIÓN 1/13: 1
2026-01-20 08:16:12,597 - INFO - === PASO 4: INICIAR ORDEN DE COMPRA ===
2026-01-20 08:16:12,597 - INFO - Buscando botón 'Comience una Orden de Compra'...
2026-01-20 08:16:12,666 - INFO - Screenshot capturado: C1_02_dashboard.png
2026-01-20 08:16:12,667 - INFO - Intentando selector 1: /html/body/div[2]/div[4]/div/div/div[1]/a[1]/input
2026-01-20 08:16:12,668 - INFO - Esperando que botón orden selector 1 sea visible (timeout: 300s, se reinicia con progreso)...
2026-01-20 08:16:12,840 - INFO - PROGRESO: botón orden selector 1 visible - REINICIANDO timeout
2026-01-20 08:16:12,855 - INFO - OK - botón orden selector 1 listo después de 0.0s
2026-01-20 08:16:13,394 - INFO - Click exitoso en botón orden selector 1
2026-01-20 08:16:14,451 - INFO - Screenshot capturado: C1_04_formulario_orden.png
2026-01-20 08:16:14,452 - INFO - Click realizado en botón orden
2026-01-20 08:16:14,452 - INFO - Configuración - Garantías: SI, Descuento: NO, Créditos: SI, Entrega: NO, Tipo Entrega: cliente llevará
2026-01-20 08:16:14,452 - INFO - === PASO 5: EXTRAER NÚMERO COTIZACIÓN ===
2026-01-20 08:16:14,452 - INFO - === EXTRAYENDO NÚMERO DE COTIZACIÓN INICIAL ===
2026-01-20 08:16:16,498 - INFO - Número encontrado con selector: li.quotationNumberTitle p:last-child
2026-01-20 08:16:16,499 - INFO - Número de cotización: 1160922725000B
2026-01-20 08:16:16,500 - INFO - Número base extraído: 1160922725000B
2026-01-20 08:16:16,500 - INFO - Número único generado: 1160922725000B_6500
2026-01-20 08:16:16,501 - INFO - === PASO 6: AGREGAR ITEMS ============================================================================
2026-01-20 08:16:16,501 - INFO - --- ITEM 1/2 ---
2026-01-20 08:16:16,502 - INFO - === MÓDULO 3: AGREGAR ITEM 1 ===
2026-01-20 08:16:16,502 - INFO - Código: 461431200016, Cantidad: 1
2026-01-20 08:16:16,504 - INFO - Esperando que campo búsqueda item 1 sea visible (timeout: 300s, se reinicia con progreso)...
2026-01-20 08:16:16,526 - INFO - PROGRESO: campo búsqueda item 1 visible - REINICIANDO timeout
2026-01-20 08:16:16,544 - INFO - OK - campo búsqueda item 1 listo después de 0.0s
2026-01-20 08:16:16,584 - INFO - Código 461431200016 ingresado en campo búsqueda
2026-01-20 08:16:16,608 - INFO - Enter enviado para búsqueda
2026-01-20 08:16:18,309 - INFO - Mensaje informativo (ignorado): Error
close
ERROR TO OBTAIN THE PARAMATER: permitirNoInventariadosSeguros...
2026-01-20 08:16:18,309 - INFO - Item 461431200016 procesado correctamente
2026-01-20 08:16:18,310 - INFO - === MÓDULO 4: GARANTÍAS ITEM 1 ===
2026-01-20 08:16:18,310 - INFO - Garantía: AGREGAR
2026-01-20 08:16:19,385 - INFO - Screenshot capturado: C1_07_pantalla_garantias_01.png
2026-01-20 08:16:25,429 - INFO - Botón Add encontrado: //button[contains(@class, 'btn-success') and contains(text(), 'Add')]
2026-01-20 08:16:25,453 - INFO - Click en Añadir garantía
2026-01-20 08:16:27,472 - INFO - Encontradas 6 opciones de garantía
2026-01-20 08:16:27,517 - INFO - Garantía seleccionada - precio: $82.25
2026-01-20 08:16:28,541 - INFO - Clic en botón final para garantía con precio
2026-01-20 08:16:29,590 - INFO - Screenshot capturado: C1_08_garantia_procesada_01.png
2026-01-20 08:16:30,658 - INFO - Screenshot capturado: C1_06_item_con_garantias_procesadas_01.png
2026-01-20 08:16:30,659 - INFO - Garantías procesadas para item 1
2026-01-20 08:16:30,659 - INFO - --- ITEM 2/2 ---
2026-01-20 08:16:30,660 - INFO - === MÓDULO 3: AGREGAR ITEM 2 ===
2026-01-20 08:16:30,660 - INFO - Código: 439766400005, Cantidad: 1
2026-01-20 08:16:30,660 - INFO - Esperando que campo búsqueda item 2 sea visible (timeout: 300s, se reinicia con progreso)...
2026-01-20 08:16:30,686 - INFO - PROGRESO: campo búsqueda item 2 visible - REINICIANDO timeout
2026-01-20 08:16:30,711 - INFO - OK - campo búsqueda item 2 listo después de 0.0s
2026-01-20 08:16:30,746 - INFO - Código 439766400005 ingresado en campo búsqueda
2026-01-20 08:16:30,764 - INFO - Enter enviado para búsqueda
2026-01-20 08:16:34,543 - INFO - Item 439766400005 procesado correctamente
2026-01-20 08:16:34,543 - INFO - === MÓDULO 4: GARANTÍAS ITEM 2 ===
2026-01-20 08:16:34,543 - INFO - Garantía: AGREGAR
2026-01-20 08:16:35,630 - INFO - Screenshot capturado: C1_07_pantalla_garantias_02.png
2026-01-20 08:16:41,689 - INFO - Botón Add encontrado: //button[contains(@class, 'btn-success') and contains(text(), 'Add')]
2026-01-20 08:16:41,712 - INFO - Click en Añadir garantía
2026-01-20 08:16:43,725 - INFO - Encontradas 6 opciones de garantía
2026-01-20 08:16:43,768 - INFO - Garantía seleccionada - precio: $212.50
2026-01-20 08:16:44,790 - INFO - Clic en botón final para garantía con precio
2026-01-20 08:16:45,866 - INFO - Screenshot capturado: C1_08_garantia_procesada_02.png
2026-01-20 08:16:46,923 - INFO - Screenshot capturado: C1_06_item_con_garantias_procesadas_02.png
2026-01-20 08:16:46,923 - INFO - Garantías procesadas para item 2
2026-01-20 08:16:46,924 - INFO - === PASO 7: ENLAZAR CUSTOMER ==========================================================================
2026-01-20 08:16:46,924 - INFO - === MÓDULO 5: ENLAZAR CUSTOMER ===
2026-01-20 08:16:46,975 - INFO - Screenshot capturado: C1_12_antes_enlazar_cliente.png
2026-01-20 08:16:52,016 - INFO - Enlace cliente encontrado: /html/body/div[2]/div[3]/div[28]/div[3]/h4/a
2026-01-20 08:16:52,043 - INFO - Click en enlace cliente
2026-01-20 08:16:55,105 - INFO - Screenshot capturado: C1_13_formulario_cliente.png
2026-01-20 08:16:56,410 - INFO - Cliente 057874256 ingresado
2026-01-20 08:16:57,481 - INFO - Screenshot capturado: C1_14_cliente_ingresado.png
2026-01-20 08:16:59,123 - INFO - Primer Next
2026-01-20 08:17:02,284 - INFO - Screenshot capturado: C1_15_primer_next.png
2026-01-20 08:17:08,170 - INFO - Segundo Next
2026-01-20 08:17:11,224 - INFO - Screenshot capturado: C1_16_segundo_next.png
2026-01-20 08:17:11,224 - INFO - Customer enlazado exitosamente
2026-01-20 08:17:11,225 - INFO - === PASO 9: DESCUENTO EMPLEADO ====================================================================
2026-01-20 08:17:11,225 - INFO - === MÓDULO 7: Creditos ==========================================================
2026-01-20 08:17:16,421 - INFO - Entrando al sistema de creditos
2026-01-20 08:17:22,421 - INFO - Haciendo scroll hacia el final
2026-01-20 08:17:28,207 - INFO - Agregando el tiempo de desplazamiento
2026-01-20 08:17:28,285 - INFO - Haciendo segundo next
2026-01-20 08:17:30,531 - INFO - Haciendo tercer next
2026-01-20 08:17:30,769 - INFO - Haciendo cuarto next
2026-01-20 08:17:31,536 - INFO - Haciendo quinto next
2026-01-20 08:17:32,801 - INFO - Haciendo sexto next
2026-01-20 08:22:35,890 - ERROR - Error general: Message: 
Stacktrace:
RemoteError@chrome://remote/content/shared/RemoteError.sys.mjs:8:8
WebDriverError@chrome://remote/content/shared/webdriver/Errors.sys.mjs:187:5
NoSuchElementError@chrome://remote/content/shared/webdriver/Errors.sys.mjs:505:5
element.find/</<@chrome://remote/content/marionette/element.sys.mjs:135:16

2026-01-20 08:22:35,891 - INFO - 📋 Ver detalles del error en: logs\automatizacion_20260120.log
2026-01-20 08:22:35,892 - INFO - Limpiando recursos...
2026-01-20 08:22:35,893 - INFO - Eliminando screenshots residuales...
2026-01-20 08:22:35,904 - INFO - 14 screenshots residuales eliminados
2026-01-20 08:22:38,391 - INFO - Navegador cerrado
2026-01-20 08:22:38,391 - INFO - Limpieza de recursos completada
2026-01-20 08:22:38,391 - INFO - === AUTOMATIZACIÓN FINALIZADA ===
2026-01-20 08:23:30,085 - INFO - Log guardándose en: logs\automatizacion_20260120.log
2026-01-20 08:23:30,085 - INFO -  === AUTOMATIZACIÓN MODULAR INICIADA ===
2026-01-20 08:23:30,086 - INFO - Archivo: productos_avanzado.xlsx
2026-01-20 08:23:30,086 - INFO - === PASO 1: LECTURA EXCEL ===
2026-01-20 08:23:30,086 - INFO - === MÓDULO 1: LECTURA EXCEL ===
2026-01-20 08:23:30,086 - INFO - Archivo: productos_avanzado.xlsx
2026-01-20 08:23:30,115 - INFO - Columnas encontradas: ['cotizacion_id', 'codigo', 'descripcion', 'cantidad', 'con_garantia', 'descuento_empleado', 'con_creditos', 'entrega_cliente', 'COTIZACION', 'ESTADO', 'FECHA_PROCESADO', 'ARCHIVO_WORD', 'tipo_entrega', 'Unnamed: 13']
2026-01-20 08:23:30,125 - INFO - Se encontraron 13 cotizaciones
2026-01-20 08:23:30,125 - INFO - Cotización 1: 2 productos
2026-01-20 08:23:30,126 - INFO - Cotización 2: 3 productos
2026-01-20 08:23:30,126 - INFO - Cotización 3: 3 productos
2026-01-20 08:23:30,126 - INFO - Cotización 4: 3 productos
2026-01-20 08:23:30,127 - INFO - Cotización 5: 1 productos
2026-01-20 08:23:30,127 - INFO - Cotización 6: 1 productos
2026-01-20 08:23:30,127 - INFO - Cotización 7: 1 productos
2026-01-20 08:23:30,127 - INFO - Cotización 8: 1 productos
2026-01-20 08:23:30,128 - INFO - Cotización 9: 1 productos
2026-01-20 08:23:30,128 - INFO - Cotización 10: 3 productos
2026-01-20 08:23:30,128 - INFO - Cotización 11: 1 productos
2026-01-20 08:23:30,128 - INFO - Cotización 12: 4 productos
2026-01-20 08:23:30,129 - INFO - Cotización 13: 6 productos
2026-01-20 08:23:30,129 - INFO - === PASO 2: INICIALIZAR NAVEGADOR ===
2026-01-20 08:23:36,177 - INFO - Navegador Firefox inicializado con configuración limpia
2026-01-20 08:23:36,178 - INFO - === PASO 3: INICIAR SESIÓN ===
2026-01-20 08:23:36,178 - INFO - === MÓDULO 2: INICIO SESIÓN ===
2026-01-20 08:23:41,566 - INFO - Accediendo a: http://ursvtols8b3c:8080/engage-unicomer-web/
2026-01-20 08:23:41,642 - INFO - Credenciales ingresadas
2026-01-20 08:23:43,070 - INFO - Formulario enviado
2026-01-20 08:23:45,147 - INFO - Screenshot capturado: 01_login_resultado.png
2026-01-20 08:23:45,155 - INFO - Login exitoso - URL cambió
2026-01-20 08:23:45,156 - INFO - 
🔄 PROCESANDO COTIZACIÓN 1/13: 1
2026-01-20 08:23:45,156 - INFO - === PASO 4: INICIAR ORDEN DE COMPRA ===
2026-01-20 08:23:45,156 - INFO - Buscando botón 'Comience una Orden de Compra'...
2026-01-20 08:23:45,218 - INFO - Screenshot capturado: C1_02_dashboard.png
2026-01-20 08:23:45,219 - INFO - Intentando selector 1: /html/body/div[2]/div[4]/div/div/div[1]/a[1]/input
2026-01-20 08:23:45,219 - INFO - Esperando que botón orden selector 1 sea visible (timeout: 300s, se reinicia con progreso)...
2026-01-20 08:23:45,244 - INFO - PROGRESO: botón orden selector 1 visible - REINICIANDO timeout
2026-01-20 08:23:45,258 - INFO - OK - botón orden selector 1 listo después de 0.0s
2026-01-20 08:23:45,807 - INFO - Click exitoso en botón orden selector 1
2026-01-20 08:23:46,848 - INFO - Screenshot capturado: C1_04_formulario_orden.png
2026-01-20 08:23:46,848 - INFO - Click realizado en botón orden
2026-01-20 08:23:46,848 - INFO - Configuración - Garantías: SI, Descuento: NO, Créditos: SI, Entrega: NO, Tipo Entrega: cliente llevará
2026-01-20 08:23:46,848 - INFO - === PASO 5: EXTRAER NÚMERO COTIZACIÓN ===
2026-01-20 08:23:46,849 - INFO - === EXTRAYENDO NÚMERO DE COTIZACIÓN INICIAL ===
2026-01-20 08:23:48,883 - INFO - Número encontrado con selector: li.quotationNumberTitle p:last-child
2026-01-20 08:23:48,884 - INFO - Número de cotización: 11609228250006
2026-01-20 08:23:48,884 - INFO - Número base extraído: 11609228250006
2026-01-20 08:23:48,885 - INFO - Número único generado: 11609228250006_8884
2026-01-20 08:23:48,885 - INFO - === PASO 6: AGREGAR ITEMS ============================================================================
2026-01-20 08:23:48,886 - INFO - --- ITEM 1/2 ---
2026-01-20 08:23:48,886 - INFO - === MÓDULO 3: AGREGAR ITEM 1 ===
2026-01-20 08:23:48,887 - INFO - Código: 461431200016, Cantidad: 1
2026-01-20 08:23:48,888 - INFO - Esperando que campo búsqueda item 1 sea visible (timeout: 300s, se reinicia con progreso)...
2026-01-20 08:23:48,910 - INFO - PROGRESO: campo búsqueda item 1 visible - REINICIANDO timeout
2026-01-20 08:23:48,931 - INFO - OK - campo búsqueda item 1 listo después de 0.0s
2026-01-20 08:23:48,979 - INFO - Código 461431200016 ingresado en campo búsqueda
2026-01-20 08:23:48,991 - INFO - Enter enviado para búsqueda
2026-01-20 08:23:50,395 - INFO - Mensaje informativo (ignorado): Error
close
ERROR TO OBTAIN THE PARAMATER: permitirNoInventariadosSeguros...
2026-01-20 08:23:50,396 - INFO - Item 461431200016 procesado correctamente
2026-01-20 08:23:50,396 - INFO - === MÓDULO 4: GARANTÍAS ITEM 1 ===
2026-01-20 08:23:50,396 - INFO - Garantía: AGREGAR
2026-01-20 08:23:51,456 - INFO - Screenshot capturado: C1_07_pantalla_garantias_01.png
2026-01-20 08:23:57,487 - INFO - Botón Add encontrado: //button[contains(@class, 'btn-success') and contains(text(), 'Add')]
2026-01-20 08:23:57,506 - INFO - Click en Añadir garantía
2026-01-20 08:23:59,523 - INFO - Encontradas 6 opciones de garantía
2026-01-20 08:23:59,561 - INFO - Garantía seleccionada - precio: $82.25
2026-01-20 08:24:00,577 - INFO - Clic en botón final para garantía con precio
2026-01-20 08:24:01,626 - INFO - Screenshot capturado: C1_08_garantia_procesada_01.png
2026-01-20 08:24:02,689 - INFO - Screenshot capturado: C1_06_item_con_garantias_procesadas_01.png
2026-01-20 08:24:02,689 - INFO - Garantías procesadas para item 1
2026-01-20 08:24:02,690 - INFO - --- ITEM 2/2 ---
2026-01-20 08:24:02,690 - INFO - === MÓDULO 3: AGREGAR ITEM 2 ===
2026-01-20 08:24:02,690 - INFO - Código: 439766400005, Cantidad: 1
2026-01-20 08:24:02,691 - INFO - Esperando que campo búsqueda item 2 sea visible (timeout: 300s, se reinicia con progreso)...
2026-01-20 08:24:02,714 - INFO - PROGRESO: campo búsqueda item 2 visible - REINICIANDO timeout
2026-01-20 08:24:02,738 - INFO - OK - campo búsqueda item 2 listo después de 0.0s
2026-01-20 08:24:02,777 - INFO - Código 439766400005 ingresado en campo búsqueda
2026-01-20 08:24:02,791 - INFO - Enter enviado para búsqueda
2026-01-20 08:24:06,677 - INFO - Item 439766400005 procesado correctamente
2026-01-20 08:24:06,677 - INFO - === MÓDULO 4: GARANTÍAS ITEM 2 ===
2026-01-20 08:24:06,678 - INFO - Garantía: AGREGAR
2026-01-20 08:24:07,737 - INFO - Screenshot capturado: C1_07_pantalla_garantias_02.png
2026-01-20 08:24:13,762 - INFO - Botón Add encontrado: //button[contains(@class, 'btn-success') and contains(text(), 'Add')]
2026-01-20 08:24:13,778 - INFO - Click en Añadir garantía
2026-01-20 08:24:16,050 - INFO - Encontradas 6 opciones de garantía
2026-01-20 08:24:16,104 - INFO - Garantía seleccionada - precio: $212.50
2026-01-20 08:24:17,121 - INFO - Clic en botón final para garantía con precio
2026-01-20 08:24:18,169 - INFO - Screenshot capturado: C1_08_garantia_procesada_02.png
2026-01-20 08:24:19,213 - INFO - Screenshot capturado: C1_06_item_con_garantias_procesadas_02.png
2026-01-20 08:24:19,214 - INFO - Garantías procesadas para item 2
2026-01-20 08:24:19,214 - INFO - === PASO 7: ENLAZAR CUSTOMER ==========================================================================
2026-01-20 08:24:19,214 - INFO - === MÓDULO 5: ENLAZAR CUSTOMER ===
2026-01-20 08:24:19,258 - INFO - Screenshot capturado: C1_12_antes_enlazar_cliente.png
2026-01-20 08:24:24,284 - INFO - Enlace cliente encontrado: /html/body/div[2]/div[3]/div[28]/div[3]/h4/a
2026-01-20 08:24:24,297 - INFO - Click en enlace cliente
2026-01-20 08:24:27,338 - INFO - Screenshot capturado: C1_13_formulario_cliente.png
2026-01-20 08:24:28,605 - INFO - Cliente 057874256 ingresado
2026-01-20 08:24:29,647 - INFO - Screenshot capturado: C1_14_cliente_ingresado.png
2026-01-20 08:24:30,672 - INFO - Primer Next
2026-01-20 08:24:33,727 - INFO - Screenshot capturado: C1_15_primer_next.png
2026-01-20 08:24:39,545 - INFO - Segundo Next
2026-01-20 08:24:42,592 - INFO - Screenshot capturado: C1_16_segundo_next.png
2026-01-20 08:24:42,592 - INFO - Customer enlazado exitosamente
2026-01-20 08:24:42,593 - INFO - === PASO 9: DESCUENTO EMPLEADO ====================================================================
2026-01-20 08:24:42,593 - INFO - === MÓDULO 7: Creditos ==========================================================
2026-01-20 08:24:47,469 - INFO - Entrando al sistema de creditos
2026-01-20 08:24:52,690 - INFO - Haciendo scroll hacia el final
2026-01-20 08:25:04,339 - ERROR - Error general: Message: Element <span class="ui-button-icon-primary ui-icon ui-icon-triangle-1-s"> is not clickable at point (1168,672) because another element <div class="ui-widget-overlay"> obscures it; For documentation on this error, please visit: https://www.selenium.dev/documentation/webdriver/troubleshooting/errors#elementclickinterceptedexception
Stacktrace:
RemoteError@chrome://remote/content/shared/RemoteError.sys.mjs:8:8
WebDriverError@chrome://remote/content/shared/webdriver/Errors.sys.mjs:187:5
ElementClickInterceptedError@chrome://remote/content/shared/webdriver/Errors.sys.mjs:331:5
webdriverClickElement@chrome://remote/content/marionette/interaction.sys.mjs:162:11
interaction.clickElement@chrome://remote/content/marionette/interaction.sys.mjs:121:11
clickElement@chrome://remote/content/marionette/actors/MarionetteCommandsChild.sys.mjs:214:29
receiveMessage@chrome://remote/content/marionette/actors/MarionetteCommandsChild.sys.mjs:97:31

2026-01-20 08:25:04,339 - INFO - 📋 Ver detalles del error en: logs\automatizacion_20260120.log
2026-01-20 08:25:04,340 - INFO - Limpiando recursos...
2026-01-20 08:25:04,340 - INFO - Eliminando screenshots residuales...
2026-01-20 08:25:04,356 - INFO - 14 screenshots residuales eliminados
2026-01-20 08:25:07,136 - INFO - Navegador cerrado
2026-01-20 08:25:07,136 - INFO - Limpieza de recursos completada
2026-01-20 08:25:07,137 - INFO - === AUTOMATIZACIÓN FINALIZADA ===
2026-01-20 08:27:07,395 - INFO - Log guardándose en: logs\automatizacion_20260120.log
2026-01-20 08:27:07,396 - INFO -  === AUTOMATIZACIÓN MODULAR INICIADA ===
2026-01-20 08:27:07,396 - INFO - Archivo: productos_avanzado.xlsx
2026-01-20 08:27:07,397 - INFO - === PASO 1: LECTURA EXCEL ===
2026-01-20 08:27:07,397 - INFO - === MÓDULO 1: LECTURA EXCEL ===
2026-01-20 08:27:07,397 - INFO - Archivo: productos_avanzado.xlsx
2026-01-20 08:27:07,423 - INFO - Columnas encontradas: ['cotizacion_id', 'codigo', 'descripcion', 'cantidad', 'con_garantia', 'descuento_empleado', 'con_creditos', 'entrega_cliente', 'COTIZACION', 'ESTADO', 'FECHA_PROCESADO', 'ARCHIVO_WORD', 'tipo_entrega', 'Unnamed: 13']
2026-01-20 08:27:07,432 - INFO - Se encontraron 13 cotizaciones
2026-01-20 08:27:07,432 - INFO - Cotización 1: 2 productos
2026-01-20 08:27:07,432 - INFO - Cotización 2: 3 productos
2026-01-20 08:27:07,433 - INFO - Cotización 3: 3 productos
2026-01-20 08:27:07,433 - INFO - Cotización 4: 3 productos
2026-01-20 08:27:07,433 - INFO - Cotización 5: 1 productos
2026-01-20 08:27:07,433 - INFO - Cotización 6: 1 productos
2026-01-20 08:27:07,433 - INFO - Cotización 7: 1 productos
2026-01-20 08:27:07,433 - INFO - Cotización 8: 1 productos
2026-01-20 08:27:07,434 - INFO - Cotización 9: 1 productos
2026-01-20 08:27:07,434 - INFO - Cotización 10: 3 productos
2026-01-20 08:27:07,434 - INFO - Cotización 11: 1 productos
2026-01-20 08:27:07,434 - INFO - Cotización 12: 4 productos
2026-01-20 08:27:07,434 - INFO - Cotización 13: 6 productos
2026-01-20 08:27:07,434 - INFO - === PASO 2: INICIALIZAR NAVEGADOR ===
2026-01-20 08:27:12,863 - INFO - Navegador Firefox inicializado con configuración limpia
2026-01-20 08:27:12,863 - INFO - === PASO 3: INICIAR SESIÓN ===
2026-01-20 08:27:12,863 - INFO - === MÓDULO 2: INICIO SESIÓN ===
2026-01-20 08:27:15,731 - INFO - Accediendo a: http://ursvtols8b3c:8080/engage-unicomer-web/
2026-01-20 08:27:15,826 - INFO - Credenciales ingresadas
2026-01-20 08:27:17,075 - INFO - Formulario enviado
2026-01-20 08:27:19,144 - INFO - Screenshot capturado: 01_login_resultado.png
2026-01-20 08:27:19,151 - INFO - Login exitoso - URL cambió
2026-01-20 08:27:19,152 - INFO - 
🔄 PROCESANDO COTIZACIÓN 1/13: 1
2026-01-20 08:27:19,153 - INFO - === PASO 4: INICIAR ORDEN DE COMPRA ===
2026-01-20 08:27:19,153 - INFO - Buscando botón 'Comience una Orden de Compra'...
2026-01-20 08:27:19,201 - INFO - Screenshot capturado: C1_02_dashboard.png
2026-01-20 08:27:19,201 - INFO - Intentando selector 1: /html/body/div[2]/div[4]/div/div/div[1]/a[1]/input
2026-01-20 08:27:19,202 - INFO - Esperando que botón orden selector 1 sea visible (timeout: 300s, se reinicia con progreso)...
2026-01-20 08:27:19,229 - INFO - PROGRESO: botón orden selector 1 visible - REINICIANDO timeout
2026-01-20 08:27:19,247 - INFO - OK - botón orden selector 1 listo después de 0.0s
2026-01-20 08:27:19,779 - INFO - Click exitoso en botón orden selector 1
2026-01-20 08:27:20,818 - INFO - Screenshot capturado: C1_04_formulario_orden.png
2026-01-20 08:27:20,818 - INFO - Click realizado en botón orden
2026-01-20 08:27:20,819 - INFO - Configuración - Garantías: SI, Descuento: NO, Créditos: SI, Entrega: NO, Tipo Entrega: cliente llevará
2026-01-20 08:27:20,819 - INFO - === PASO 5: EXTRAER NÚMERO COTIZACIÓN ===
2026-01-20 08:27:20,820 - INFO - === EXTRAYENDO NÚMERO DE COTIZACIÓN INICIAL ===
2026-01-20 08:27:22,854 - INFO - Número encontrado con selector: li.quotationNumberTitle p:last-child
2026-01-20 08:27:22,855 - INFO - Número de cotización: 11609229250004
2026-01-20 08:27:22,855 - INFO - Número base extraído: 11609229250004
2026-01-20 08:27:22,856 - INFO - Número único generado: 11609229250004_2855
2026-01-20 08:27:22,856 - INFO - === PASO 6: AGREGAR ITEMS ============================================================================
2026-01-20 08:27:22,856 - INFO - --- ITEM 1/2 ---
2026-01-20 08:27:22,857 - INFO - === MÓDULO 3: AGREGAR ITEM 1 ===
2026-01-20 08:27:22,857 - INFO - Código: 461431200016, Cantidad: 1
2026-01-20 08:27:22,858 - INFO - Esperando que campo búsqueda item 1 sea visible (timeout: 300s, se reinicia con progreso)...
2026-01-20 08:27:22,874 - INFO - PROGRESO: campo búsqueda item 1 visible - REINICIANDO timeout
2026-01-20 08:27:22,894 - INFO - OK - campo búsqueda item 1 listo después de 0.0s
2026-01-20 08:27:22,947 - INFO - Código 461431200016 ingresado en campo búsqueda
2026-01-20 08:27:22,963 - INFO - Enter enviado para búsqueda
2026-01-20 08:27:24,319 - INFO - Item 461431200016 procesado correctamente
2026-01-20 08:27:24,319 - INFO - === MÓDULO 4: GARANTÍAS ITEM 1 ===
2026-01-20 08:27:24,320 - INFO - Garantía: AGREGAR
2026-01-20 08:27:25,373 - INFO - Screenshot capturado: C1_07_pantalla_garantias_01.png
2026-01-20 08:27:31,401 - INFO - Botón Add encontrado: //button[contains(@class, 'btn-success') and contains(text(), 'Add')]
2026-01-20 08:27:31,416 - INFO - Click en Añadir garantía
2026-01-20 08:27:33,430 - INFO - Encontradas 6 opciones de garantía
2026-01-20 08:27:33,455 - INFO - Garantía seleccionada - precio: $82.25
2026-01-20 08:27:34,468 - INFO - Clic en botón final para garantía con precio
2026-01-20 08:27:35,514 - INFO - Screenshot capturado: C1_08_garantia_procesada_01.png
2026-01-20 08:27:36,565 - INFO - Screenshot capturado: C1_06_item_con_garantias_procesadas_01.png
2026-01-20 08:27:36,566 - INFO - Garantías procesadas para item 1
2026-01-20 08:27:36,566 - INFO - --- ITEM 2/2 ---
2026-01-20 08:27:36,566 - INFO - === MÓDULO 3: AGREGAR ITEM 2 ===
2026-01-20 08:27:36,566 - INFO - Código: 439766400005, Cantidad: 1
2026-01-20 08:27:36,567 - INFO - Esperando que campo búsqueda item 2 sea visible (timeout: 300s, se reinicia con progreso)...
2026-01-20 08:27:36,585 - INFO - PROGRESO: campo búsqueda item 2 visible - REINICIANDO timeout
2026-01-20 08:27:36,607 - INFO - OK - campo búsqueda item 2 listo después de 0.0s
2026-01-20 08:27:36,639 - INFO - Código 439766400005 ingresado en campo búsqueda
2026-01-20 08:27:36,651 - INFO - Enter enviado para búsqueda
2026-01-20 08:27:40,185 - INFO - Item 439766400005 procesado correctamente
2026-01-20 08:27:40,185 - INFO - === MÓDULO 4: GARANTÍAS ITEM 2 ===
2026-01-20 08:27:40,186 - INFO - Garantía: AGREGAR
2026-01-20 08:27:41,232 - INFO - Screenshot capturado: C1_07_pantalla_garantias_02.png
2026-01-20 08:27:47,264 - INFO - Botón Add encontrado: //button[contains(@class, 'btn-success') and contains(text(), 'Add')]
2026-01-20 08:27:47,277 - INFO - Click en Añadir garantía
2026-01-20 08:27:49,298 - INFO - Encontradas 6 opciones de garantía
2026-01-20 08:27:49,331 - INFO - Garantía seleccionada - precio: $212.50
2026-01-20 08:27:50,350 - INFO - Clic en botón final para garantía con precio
2026-01-20 08:27:51,399 - INFO - Screenshot capturado: C1_08_garantia_procesada_02.png
2026-01-20 08:27:52,444 - INFO - Screenshot capturado: C1_06_item_con_garantias_procesadas_02.png
2026-01-20 08:27:52,444 - INFO - Garantías procesadas para item 2
2026-01-20 08:27:52,444 - INFO - === PASO 7: ENLAZAR CUSTOMER ==========================================================================
2026-01-20 08:27:52,445 - INFO - === MÓDULO 5: ENLAZAR CUSTOMER ===
2026-01-20 08:27:52,486 - INFO - Screenshot capturado: C1_12_antes_enlazar_cliente.png
2026-01-20 08:27:57,527 - INFO - Enlace cliente encontrado: /html/body/div[2]/div[3]/div[28]/div[3]/h4/a
2026-01-20 08:27:57,550 - INFO - Click en enlace cliente
2026-01-20 08:28:00,592 - INFO - Screenshot capturado: C1_13_formulario_cliente.png
2026-01-20 08:28:01,862 - INFO - Cliente 057874256 ingresado
2026-01-20 08:28:02,909 - INFO - Screenshot capturado: C1_14_cliente_ingresado.png
2026-01-20 08:28:03,392 - INFO - Primer Next
2026-01-20 08:28:06,445 - INFO - Screenshot capturado: C1_15_primer_next.png
2026-01-20 08:28:11,689 - INFO - Segundo Next
2026-01-20 08:28:14,732 - INFO - Screenshot capturado: C1_16_segundo_next.png
2026-01-20 08:28:14,732 - INFO - Customer enlazado exitosamente
2026-01-20 08:28:14,732 - INFO - === PASO 9: DESCUENTO EMPLEADO ====================================================================
2026-01-20 08:28:14,733 - INFO - === MÓDULO 7: Creditos ==========================================================
2026-01-20 08:28:19,346 - INFO - Entrando al sistema de creditos
2026-01-20 08:28:24,569 - INFO - Haciendo scroll hacia el final
2026-01-20 08:28:31,376 - INFO - Agregando el tiempo de desplazamiento
2026-01-20 08:28:31,435 - INFO - Haciendo segundo next
2026-01-20 08:28:33,671 - INFO - Haciendo tercer next
2026-01-20 08:28:33,905 - INFO - Haciendo cuarto next
2026-01-20 08:28:35,162 - INFO - Haciendo quinto next
2026-01-20 08:28:35,395 - INFO - Haciendo sexto next
2026-01-20 08:28:41,660 - INFO - Dando click en ok
2026-01-20 08:30:34,646 - INFO - Rellenando la información de planes
2026-01-20 08:35:39,665 - ERROR - Error general: Message: 
Stacktrace:
RemoteError@chrome://remote/content/shared/RemoteError.sys.mjs:8:8
WebDriverError@chrome://remote/content/shared/webdriver/Errors.sys.mjs:187:5
NoSuchElementError@chrome://remote/content/shared/webdriver/Errors.sys.mjs:505:5
element.find/</<@chrome://remote/content/marionette/element.sys.mjs:135:16

2026-01-20 08:35:39,666 - INFO - 📋 Ver detalles del error en: logs\automatizacion_20260120.log
2026-01-20 08:35:39,667 - INFO - Limpiando recursos...
2026-01-20 08:35:39,667 - INFO - Eliminando screenshots residuales...
2026-01-20 08:35:39,678 - INFO - 14 screenshots residuales eliminados
2026-01-20 08:35:42,183 - INFO - Navegador cerrado
2026-01-20 08:35:42,183 - INFO - Limpieza de recursos completada
2026-01-20 08:35:42,184 - INFO - === AUTOMATIZACIÓN FINALIZADA ===
2026-01-20 18:23:07,021 - INFO - Log guardándose en: logs\automatizacion_20260120.log
2026-01-20 18:23:07,026 - INFO -  === AUTOMATIZACIÓN MODULAR INICIADA ===
2026-01-20 18:23:07,026 - INFO - Archivo: productos_avanzado.xlsx
2026-01-20 18:23:07,027 - INFO - === PASO 1: LECTURA EXCEL ===
2026-01-20 18:23:07,027 - INFO - === MÓDULO 1: LECTURA EXCEL ===
2026-01-20 18:23:07,028 - INFO - Archivo: productos_avanzado.xlsx
2026-01-20 18:23:07,192 - INFO - Columnas encontradas: ['cotizacion_id', 'codigo', 'descripcion', 'cantidad', 'con_garantia', 'descuento_empleado', 'con_creditos', 'entrega_cliente', 'COTIZACION', 'ESTADO', 'FECHA_PROCESADO', 'ARCHIVO_WORD', 'tipo_entrega', 'Unnamed: 13']
2026-01-20 18:23:07,283 - INFO - Se encontraron 13 cotizaciones
2026-01-20 18:23:07,283 - INFO - Cotización 1: 2 productos
2026-01-20 18:23:07,284 - INFO - Cotización 2: 3 productos
2026-01-20 18:23:07,284 - INFO - Cotización 3: 3 productos
2026-01-20 18:23:07,285 - INFO - Cotización 4: 3 productos
2026-01-20 18:23:07,285 - INFO - Cotización 5: 1 productos
2026-01-20 18:23:07,285 - INFO - Cotización 6: 1 productos
2026-01-20 18:23:07,286 - INFO - Cotización 7: 1 productos
2026-01-20 18:23:07,286 - INFO - Cotización 8: 1 productos
2026-01-20 18:23:07,286 - INFO - Cotización 9: 1 productos
2026-01-20 18:23:07,287 - INFO - Cotización 10: 3 productos
2026-01-20 18:23:07,287 - INFO - Cotización 11: 1 productos
2026-01-20 18:23:07,287 - INFO - Cotización 12: 4 productos
2026-01-20 18:23:07,288 - INFO - Cotización 13: 6 productos
2026-01-20 18:23:07,288 - INFO - === PASO 2: INICIALIZAR NAVEGADOR ===
2026-01-20 18:23:20,902 - INFO - Navegador Firefox inicializado con configuración limpia
2026-01-20 18:23:20,902 - INFO - === PASO 3: INICIAR SESIÓN ===
2026-01-20 18:23:20,903 - INFO - === MÓDULO 2: INICIO SESIÓN ===
2026-01-20 18:23:26,753 - INFO - Accediendo a: http://ursvtols8b3c:8080/engage-unicomer-web/
2026-01-20 18:23:26,896 - INFO - Credenciales ingresadas
2026-01-20 18:23:30,781 - INFO - Formulario enviado
2026-01-20 18:23:32,915 - INFO - Screenshot capturado: 01_login_resultado.png
2026-01-20 18:23:32,927 - INFO - Login exitoso - URL cambió
2026-01-20 18:23:32,928 - INFO - 
🔄 PROCESANDO COTIZACIÓN 1/13: 1
2026-01-20 18:23:32,929 - INFO - === PASO 4: INICIAR ORDEN DE COMPRA ===
2026-01-20 18:23:32,930 - INFO - Buscando botón 'Comience una Orden de Compra'...
2026-01-20 18:23:33,029 - INFO - Screenshot capturado: C1_02_dashboard.png
2026-01-20 18:23:33,030 - INFO - Intentando selector 1: /html/body/div[2]/div[4]/div/div/div[1]/a[1]/input
2026-01-20 18:23:33,031 - INFO - Esperando que botón orden selector 1 sea visible (timeout: 300s, se reinicia con progreso)...
2026-01-20 18:23:33,325 - INFO - PROGRESO: botón orden selector 1 visible - REINICIANDO timeout
2026-01-20 18:23:33,358 - INFO - OK - botón orden selector 1 listo después de 0.0s
2026-01-20 18:23:33,926 - INFO - Click exitoso en botón orden selector 1
2026-01-20 18:23:35,038 - INFO - Screenshot capturado: C1_04_formulario_orden.png
2026-01-20 18:23:35,039 - INFO - Click realizado en botón orden
2026-01-20 18:23:35,040 - INFO - Configuración - Garantías: SI, Descuento: NO, Créditos: SI, Entrega: NO, Tipo Entrega: cliente llevará
2026-01-20 18:23:35,041 - INFO - === PASO 5: EXTRAER NÚMERO COTIZACIÓN ===
2026-01-20 18:23:35,042 - INFO - === EXTRAYENDO NÚMERO DE COTIZACIÓN INICIAL ===
2026-01-20 18:23:37,147 - INFO - Número encontrado con selector: li.quotationNumberTitle p:last-child
2026-01-20 18:23:37,148 - INFO - Número de cotización: 11609206250058
2026-01-20 18:23:37,148 - INFO - Número base extraído: 11609206250058
2026-01-20 18:23:37,149 - INFO - Número único generado: 11609206250058_7148
2026-01-20 18:23:37,149 - INFO - === PASO 6: AGREGAR ITEMS ============================================================================
2026-01-20 18:23:37,150 - INFO - --- ITEM 1/2 ---
2026-01-20 18:23:37,151 - INFO - === MÓDULO 3: AGREGAR ITEM 1 ===
2026-01-20 18:23:37,153 - INFO - Código: 461431200016, Cantidad: 1
2026-01-20 18:23:37,153 - INFO - Esperando que campo búsqueda item 1 sea visible (timeout: 300s, se reinicia con progreso)...
2026-01-20 18:23:37,191 - INFO - PROGRESO: campo búsqueda item 1 visible - REINICIANDO timeout
2026-01-20 18:23:37,225 - INFO - OK - campo búsqueda item 1 listo después de 0.0s
2026-01-20 18:23:37,318 - INFO - Código 461431200016 ingresado en campo búsqueda
2026-01-20 18:23:37,362 - INFO - Enter enviado para búsqueda
2026-01-20 18:23:39,383 - INFO - Item 461431200016 procesado correctamente
2026-01-20 18:23:39,384 - INFO - === MÓDULO 4: GARANTÍAS ITEM 1 ===
2026-01-20 18:23:39,385 - INFO - Garantía: AGREGAR
2026-01-20 18:23:40,484 - INFO - Screenshot capturado: C1_07_pantalla_garantias_01.png
2026-01-20 18:23:46,537 - INFO - Botón Add encontrado: //button[contains(@class, 'btn-success') and contains(text(), 'Add')]
2026-01-20 18:23:46,564 - INFO - Click en Añadir garantía
2026-01-20 18:23:48,718 - INFO - Encontradas 6 opciones de garantía
2026-01-20 18:23:48,802 - INFO - Garantía seleccionada - precio: $82.25
2026-01-20 18:23:49,832 - INFO - Clic en botón final para garantía con precio
2026-01-20 18:23:50,922 - INFO - Screenshot capturado: C1_08_garantia_procesada_01.png
2026-01-20 18:23:52,053 - INFO - Screenshot capturado: C1_06_item_con_garantias_procesadas_01.png
2026-01-20 18:23:52,054 - INFO - Garantías procesadas para item 1
2026-01-20 18:23:52,055 - INFO - --- ITEM 2/2 ---
2026-01-20 18:23:52,057 - INFO - === MÓDULO 3: AGREGAR ITEM 2 ===
2026-01-20 18:23:52,058 - INFO - Código: 439766400005, Cantidad: 1
2026-01-20 18:23:52,058 - INFO - Esperando que campo búsqueda item 2 sea visible (timeout: 300s, se reinicia con progreso)...
2026-01-20 18:23:52,176 - INFO - PROGRESO: campo búsqueda item 2 visible - REINICIANDO timeout
2026-01-20 18:23:52,226 - INFO - OK - campo búsqueda item 2 listo después de 0.0s
2026-01-20 18:23:52,299 - INFO - Código 439766400005 ingresado en campo búsqueda
2026-01-20 18:23:52,343 - INFO - Enter enviado para búsqueda
2026-01-20 18:23:57,067 - INFO - Item 439766400005 procesado correctamente
2026-01-20 18:23:57,067 - INFO - === MÓDULO 4: GARANTÍAS ITEM 2 ===
2026-01-20 18:23:57,068 - INFO - Garantía: AGREGAR
2026-01-20 18:23:58,160 - INFO - Screenshot capturado: C1_07_pantalla_garantias_02.png
2026-01-20 18:24:04,203 - INFO - Botón Add encontrado: //button[contains(@class, 'btn-success') and contains(text(), 'Add')]
2026-01-20 18:24:04,236 - INFO - Click en Añadir garantía
2026-01-20 18:24:06,263 - INFO - Encontradas 6 opciones de garantía
2026-01-20 18:24:06,345 - INFO - Garantía seleccionada - precio: $212.50
2026-01-20 18:24:07,373 - INFO - Clic en botón final para garantía con precio
2026-01-20 18:24:08,473 - INFO - Screenshot capturado: C1_08_garantia_procesada_02.png
2026-01-20 18:24:09,545 - INFO - Screenshot capturado: C1_06_item_con_garantias_procesadas_02.png
2026-01-20 18:24:09,546 - INFO - Garantías procesadas para item 2
2026-01-20 18:24:09,547 - INFO - === PASO 7: ENLAZAR CUSTOMER ==========================================================================
2026-01-20 18:24:09,548 - INFO - === MÓDULO 5: ENLAZAR CUSTOMER ===
2026-01-20 18:24:09,617 - INFO - Screenshot capturado: C1_12_antes_enlazar_cliente.png
2026-01-20 18:24:15,241 - INFO - Enlace cliente encontrado: /html/body/div[2]/div[3]/div[28]/div[3]/h4/a
2026-01-20 18:24:15,346 - INFO - Click en enlace cliente
2026-01-20 18:24:18,622 - INFO - Screenshot capturado: C1_13_formulario_cliente.png
2026-01-20 18:24:20,274 - INFO - Cliente 057874256 ingresado
2026-01-20 18:24:21,349 - INFO - Screenshot capturado: C1_14_cliente_ingresado.png
2026-01-20 18:24:22,664 - INFO - Primer Next
2026-01-20 18:24:25,786 - INFO - Screenshot capturado: C1_15_primer_next.png
2026-01-20 18:24:31,079 - INFO - Segundo Next
2026-01-20 18:24:34,194 - INFO - Screenshot capturado: C1_16_segundo_next.png
2026-01-20 18:24:34,196 - INFO - Customer enlazado exitosamente
2026-01-20 18:24:34,198 - INFO - === PASO 9: DESCUENTO EMPLEADO ====================================================================
2026-01-20 18:24:34,199 - INFO - === MÓDULO 7: Creditos ==========================================================
2026-01-20 18:24:39,682 - INFO - Entrando al sistema de creditos
2026-01-20 18:24:44,931 - INFO - Haciendo scroll hacia el final
2026-01-20 18:24:52,121 - INFO - Agregando el tiempo de desplazamiento
2026-01-20 18:24:52,309 - INFO - Haciendo segundo next
2026-01-20 18:24:54,565 - INFO - Haciendo tercer next
2026-01-20 18:24:54,830 - INFO - Haciendo cuarto next
2026-01-20 18:24:55,631 - INFO - Haciendo quinto next
2026-01-20 18:24:56,920 - INFO - Haciendo sexto next
2026-01-20 18:25:02,186 - INFO - Dando click en ok
2026-01-20 18:27:56,721 - INFO - Rellenando la información de planes
2026-01-20 18:32:56,726 - ERROR - Error general: Message: 
Stacktrace:
RemoteError@chrome://remote/content/shared/RemoteError.sys.mjs:8:8
WebDriverError@chrome://remote/content/shared/webdriver/Errors.sys.mjs:187:5
NoSuchElementError@chrome://remote/content/shared/webdriver/Errors.sys.mjs:505:5
element.find/</<@chrome://remote/content/marionette/element.sys.mjs:135:16

2026-01-20 18:32:56,727 - INFO - 📋 Ver detalles del error en: logs\automatizacion_20260120.log
2026-01-20 18:32:56,729 - INFO - Limpiando recursos...
2026-01-20 18:32:56,730 - INFO - Eliminando screenshots residuales...
2026-01-20 18:32:56,764 - INFO - 14 screenshots residuales eliminados
2026-01-20 18:33:00,857 - INFO - Navegador cerrado
2026-01-20 18:33:00,859 - INFO - Limpieza de recursos completada
2026-01-20 18:33:00,860 - INFO - === AUTOMATIZACIÓN FINALIZADA ===
