2025-12-02 13:45:59,681 - INFO - Log guardándose en: logs\automatizacion_20251202.log
2025-12-02 13:45:59,682 - INFO -  === AUTOMATIZACIÓN MODULAR INICIADA ===
2025-12-02 13:45:59,683 - INFO - Archivo: productos_avanzado.xlsx
2025-12-02 13:45:59,683 - INFO - === PASO 1: LECTURA EXCEL ===
2025-12-02 13:45:59,684 - INFO - === MÓDULO 1: LECTURA EXCEL ===
2025-12-02 13:45:59,684 - INFO - Archivo: productos_avanzado.xlsx
2025-12-02 13:45:59,793 - INFO - Columnas encontradas: ['cotizacion_id', 'codigo', 'descripcion', 'cantidad', 'con_garantia', 'descuento_empleado', 'con_creditos', 'entrega_cliente', 'COTIZACION', 'ESTADO', 'FECHA_PROCESADO', 'ARCHIVO_WORD', 'tipo_entrega']
2025-12-02 13:45:59,904 - INFO - Se encontraron 13 cotizaciones
2025-12-02 13:45:59,904 - INFO - Cotización 1: 2 productos
2025-12-02 13:45:59,905 - INFO - Cotización 2: 3 productos
2025-12-02 13:45:59,905 - INFO - Cotización 3: 3 productos
2025-12-02 13:45:59,906 - INFO - Cotización 4: 3 productos
2025-12-02 13:45:59,906 - INFO - Cotización 5: 1 productos
2025-12-02 13:45:59,907 - INFO - Cotización 6: 1 productos
2025-12-02 13:45:59,907 - INFO - Cotización 7: 1 productos
2025-12-02 13:45:59,908 - INFO - Cotización 8: 1 productos
2025-12-02 13:45:59,909 - INFO - Cotización 9: 1 productos
2025-12-02 13:45:59,909 - INFO - Cotización 10: 3 productos
2025-12-02 13:45:59,910 - INFO - Cotización 11: 1 productos
2025-12-02 13:45:59,910 - INFO - Cotización 12: 4 productos
2025-12-02 13:45:59,910 - INFO - Cotización 13: 6 productos
2025-12-02 13:45:59,911 - INFO - === PASO 2: INICIALIZAR NAVEGADOR ===
2025-12-02 13:46:13,649 - INFO - Navegador Firefox inicializado con configuración limpia
2025-12-02 13:46:13,654 - INFO - === PASO 3: INICIAR SESIÓN ===
2025-12-02 13:46:13,656 - INFO - === MÓDULO 2: INICIO SESIÓN ===
2025-12-02 13:46:22,355 - INFO - Accediendo a: http://ursvtols8b3c:8080/engage-unicomer-web/
2025-12-02 13:46:22,571 - INFO - Credenciales ingresadas
2025-12-02 13:46:28,165 - INFO - Formulario enviado
2025-12-02 13:46:30,243 - INFO - Screenshot capturado: 01_login_resultado.png
2025-12-02 13:46:30,258 - ERROR - Login falló
2025-12-02 13:46:30,259 - ERROR - Error en inicio de sesión - No se puede continuar con automatización
2025-12-02 13:46:30,260 - INFO - Como no hay cotizaciones procesadas, saltando generación de reportes
2025-12-02 13:46:30,260 - INFO - Limpiando recursos...
2025-12-02 13:46:30,261 - INFO - Eliminando screenshots residuales...
2025-12-02 13:46:30,264 - INFO - 1 screenshots residuales eliminados
2025-12-02 13:46:34,042 - INFO - Navegador cerrado
2025-12-02 13:46:34,042 - INFO - Limpieza de recursos completada
2025-12-02 13:46:34,043 - INFO - === AUTOMATIZACIÓN FINALIZADA ===
2025-12-02 13:46:59,422 - INFO - Log guardándose en: logs\automatizacion_20251202.log
2025-12-02 13:46:59,422 - INFO -  === AUTOMATIZACIÓN MODULAR INICIADA ===
2025-12-02 13:46:59,423 - INFO - Archivo: productos_avanzado.xlsx
2025-12-02 13:46:59,423 - INFO - === PASO 1: LECTURA EXCEL ===
2025-12-02 13:46:59,424 - INFO - === MÓDULO 1: LECTURA EXCEL ===
2025-12-02 13:46:59,424 - INFO - Archivo: productos_avanzado.xlsx
2025-12-02 13:46:59,471 - INFO - Columnas encontradas: ['cotizacion_id', 'codigo', 'descripcion', 'cantidad', 'con_garantia', 'descuento_empleado', 'con_creditos', 'entrega_cliente', 'COTIZACION', 'ESTADO', 'FECHA_PROCESADO', 'ARCHIVO_WORD', 'tipo_entrega']
2025-12-02 13:46:59,484 - INFO - Se encontraron 13 cotizaciones
2025-12-02 13:46:59,485 - INFO - Cotización 1: 2 productos
2025-12-02 13:46:59,485 - INFO - Cotización 2: 3 productos
2025-12-02 13:46:59,486 - INFO - Cotización 3: 3 productos
2025-12-02 13:46:59,486 - INFO - Cotización 4: 3 productos
2025-12-02 13:46:59,487 - INFO - Cotización 5: 1 productos
2025-12-02 13:46:59,488 - INFO - Cotización 6: 1 productos
2025-12-02 13:46:59,488 - INFO - Cotización 7: 1 productos
2025-12-02 13:46:59,489 - INFO - Cotización 8: 1 productos
2025-12-02 13:46:59,489 - INFO - Cotización 9: 1 productos
2025-12-02 13:46:59,490 - INFO - Cotización 10: 3 productos
2025-12-02 13:46:59,490 - INFO - Cotización 11: 1 productos
2025-12-02 13:46:59,490 - INFO - Cotización 12: 4 productos
2025-12-02 13:46:59,491 - INFO - Cotización 13: 6 productos
2025-12-02 13:46:59,491 - INFO - === PASO 2: INICIALIZAR NAVEGADOR ===
2025-12-02 13:47:07,870 - INFO - Navegador Firefox inicializado con configuración limpia
2025-12-02 13:47:07,871 - INFO - === PASO 3: INICIAR SESIÓN ===
2025-12-02 13:47:07,871 - INFO - === MÓDULO 2: INICIO SESIÓN ===
2025-12-02 13:47:14,373 - INFO - Accediendo a: http://ursvtols8b3c:8080/engage-unicomer-web/
2025-12-02 13:47:14,594 - INFO - Credenciales ingresadas
2025-12-02 13:47:20,021 - INFO - Formulario enviado
2025-12-02 13:47:22,097 - INFO - Screenshot capturado: 01_login_resultado.png
2025-12-02 13:47:22,112 - ERROR - Login falló
2025-12-02 13:47:22,113 - ERROR - Error en inicio de sesión - No se puede continuar con automatización
2025-12-02 13:47:22,114 - INFO - Como no hay cotizaciones procesadas, saltando generación de reportes
2025-12-02 13:47:22,114 - INFO - Limpiando recursos...
2025-12-02 13:47:22,115 - INFO - Eliminando screenshots residuales...
2025-12-02 13:47:22,118 - INFO - 1 screenshots residuales eliminados
2025-12-02 13:47:25,827 - INFO - Navegador cerrado
2025-12-02 13:47:25,828 - INFO - Limpieza de recursos completada
2025-12-02 13:47:25,829 - INFO - === AUTOMATIZACIÓN FINALIZADA ===
2025-12-02 13:54:28,074 - INFO - Log guardándose en: logs\automatizacion_20251202.log
2025-12-02 13:54:28,082 - INFO -  === AUTOMATIZACIÓN MODULAR INICIADA ===
2025-12-02 13:54:28,086 - INFO - Archivo: productos_avanzado.xlsx
2025-12-02 13:54:28,088 - INFO - === PASO 1: LECTURA EXCEL ===
2025-12-02 13:54:28,089 - INFO - === MÓDULO 1: LECTURA EXCEL ===
2025-12-02 13:54:28,089 - INFO - Archivo: productos_avanzado.xlsx
2025-12-02 13:54:28,256 - INFO - Columnas encontradas: ['cotizacion_id', 'codigo', 'descripcion', 'cantidad', 'con_garantia', 'descuento_empleado', 'con_creditos', 'entrega_cliente', 'COTIZACION', 'ESTADO', 'FECHA_PROCESADO', 'ARCHIVO_WORD', 'tipo_entrega']
2025-12-02 13:54:28,333 - INFO - Se encontraron 13 cotizaciones
2025-12-02 13:54:28,334 - INFO - Cotización 1: 2 productos
2025-12-02 13:54:28,335 - INFO - Cotización 2: 3 productos
2025-12-02 13:54:28,336 - INFO - Cotización 3: 3 productos
2025-12-02 13:54:28,336 - INFO - Cotización 4: 3 productos
2025-12-02 13:54:28,337 - INFO - Cotización 5: 1 productos
2025-12-02 13:54:28,338 - INFO - Cotización 6: 1 productos
2025-12-02 13:54:28,340 - INFO - Cotización 7: 1 productos
2025-12-02 13:54:28,340 - INFO - Cotización 8: 1 productos
2025-12-02 13:54:28,342 - INFO - Cotización 9: 1 productos
2025-12-02 13:54:28,343 - INFO - Cotización 10: 3 productos
2025-12-02 13:54:28,344 - INFO - Cotización 11: 1 productos
2025-12-02 13:54:28,345 - INFO - Cotización 12: 4 productos
2025-12-02 13:54:28,345 - INFO - Cotización 13: 6 productos
2025-12-02 13:54:28,346 - INFO - === PASO 2: INICIALIZAR NAVEGADOR ===
2025-12-02 13:54:41,825 - INFO - Navegador Firefox inicializado con configuración limpia
2025-12-02 13:54:41,826 - INFO - === PASO 3: INICIAR SESIÓN ===
2025-12-02 13:54:41,827 - INFO - === MÓDULO 2: INICIO SESIÓN ===
2025-12-02 13:54:46,125 - INFO - Accediendo a: http://ursvtols8b3c:8080/engage-unicomer-web/
2025-12-02 13:54:46,338 - INFO - Credenciales ingresadas
2025-12-02 13:54:49,434 - INFO - Formulario enviado
2025-12-02 13:54:51,728 - INFO - Screenshot capturado: 01_login_resultado.png
2025-12-02 13:54:51,864 - INFO - Login exitoso - URL cambió
2025-12-02 13:54:51,868 - INFO - 
🔄 PROCESANDO COTIZACIÓN 1/13: 1
2025-12-02 13:54:51,879 - INFO - === PASO 4: INICIAR ORDEN DE COMPRA ===
2025-12-02 13:54:51,880 - INFO - Buscando botón 'Comience una Orden de Compra'...
2025-12-02 13:54:52,104 - INFO - Screenshot capturado: C1_02_dashboard.png
2025-12-02 13:54:52,104 - INFO - Intentando selector 1: /html/body/div[2]/div[4]/div/div/div[1]/a[1]/input
2025-12-02 13:54:52,105 - INFO - Esperando que botón orden selector 1 sea visible (timeout: 300s, se reinicia con progreso)...
2025-12-02 13:54:52,370 - INFO - PROGRESO: botón orden selector 1 visible - REINICIANDO timeout
2025-12-02 13:54:52,405 - INFO - OK - botón orden selector 1 listo después de 0.0s
2025-12-02 13:54:52,978 - INFO - Click exitoso en botón orden selector 1
2025-12-02 13:54:54,227 - INFO - Screenshot capturado: C1_04_formulario_orden.png
2025-12-02 13:54:54,228 - INFO - Click realizado en botón orden
2025-12-02 13:54:54,229 - INFO - Configuración - Garantías: SI, Descuento: NO, Créditos: NO, Entrega: SI, Tipo Entrega: cliente llevará
2025-12-02 13:54:54,232 - INFO - === PASO 5: EXTRAER NÚMERO COTIZACIÓN ===
2025-12-02 13:54:54,233 - INFO - === EXTRAYENDO NÚMERO DE COTIZACIÓN INICIAL ===
2025-12-02 13:55:01,332 - INFO - Número encontrado con selector: //li[contains(@class, 'quotationNumberTitle')]//p[last()]
2025-12-02 13:55:01,332 - INFO - Número de cotización: 1160920825000T
2025-12-02 13:55:01,333 - INFO - Número base extraído: 1160920825000T
2025-12-02 13:55:01,334 - INFO - Número único generado: 1160920825000T_1333
2025-12-02 13:55:01,335 - INFO - === PASO 6: AGREGAR ITEMS ===
2025-12-02 13:55:01,336 - INFO - --- ITEM 1/2 ---
2025-12-02 13:55:01,336 - INFO - === MÓDULO 3: AGREGAR ITEM 1 ===
2025-12-02 13:55:01,337 - INFO - Código: 461431200016, Cantidad: 1
2025-12-02 13:55:01,337 - INFO - Esperando que campo búsqueda item 1 sea visible (timeout: 300s, se reinicia con progreso)...
2025-12-02 13:55:01,379 - INFO - PROGRESO: campo búsqueda item 1 visible - REINICIANDO timeout
2025-12-02 13:55:01,470 - INFO - OK - campo búsqueda item 1 listo después de 0.0s
2025-12-02 13:55:01,631 - INFO - Código 461431200016 ingresado en campo búsqueda
2025-12-02 13:55:01,678 - INFO - Enter enviado para búsqueda
2025-12-02 13:55:08,527 - INFO - Mensaje informativo (ignorado): Error
close
ERROR TO OBTAIN THE PARAMATER: permitirNoInventariadosSeguros...
2025-12-02 13:55:08,528 - INFO - Item 461431200016 procesado correctamente
2025-12-02 13:55:08,529 - INFO - === MÓDULO 4: GARANTÍAS ITEM 1 ===
2025-12-02 13:55:08,530 - INFO - Garantía: AGREGAR
2025-12-02 13:55:09,743 - INFO - Screenshot capturado: C1_07_pantalla_garantias_01.png
2025-12-02 13:55:15,795 - INFO - Botón Add encontrado: //button[contains(@class, 'btn-success') and contains(text(), 'Add')]
2025-12-02 13:55:15,846 - INFO - Click en Añadir garantía
2025-12-02 13:55:21,696 - INFO - Encontradas 6 opciones de garantía
2025-12-02 13:55:21,790 - INFO - Garantía seleccionada - precio: $82.25
2025-12-02 13:55:22,843 - INFO - Clic en botón final para garantía con precio
2025-12-02 13:55:24,025 - INFO - Screenshot capturado: C1_08_garantia_procesada_01.png
2025-12-02 13:55:25,258 - INFO - Screenshot capturado: C1_06_item_con_garantias_procesadas_01.png
2025-12-02 13:55:25,260 - INFO - Garantías procesadas para item 1
2025-12-02 13:55:25,262 - INFO - --- ITEM 2/2 ---
2025-12-02 13:55:25,263 - INFO - === MÓDULO 3: AGREGAR ITEM 2 ===
2025-12-02 13:55:25,264 - INFO - Código: 439766400005, Cantidad: 1
2025-12-02 13:55:25,266 - INFO - Esperando que campo búsqueda item 2 sea visible (timeout: 300s, se reinicia con progreso)...
2025-12-02 13:55:25,681 - INFO - PROGRESO: campo búsqueda item 2 visible - REINICIANDO timeout
2025-12-02 13:55:25,942 - INFO - OK - campo búsqueda item 2 listo después de 0.0s
2025-12-02 13:55:26,048 - INFO - Código 439766400005 ingresado en campo búsqueda
2025-12-02 13:55:26,092 - INFO - Enter enviado para búsqueda
2025-12-02 13:55:34,336 - INFO - Mensaje informativo (ignorado): Error
close
ERROR TO OBTAIN THE PARAMATER: permitirNoInventariadosSeguros...
2025-12-02 13:55:34,338 - INFO - Item 439766400005 procesado correctamente
2025-12-02 13:55:34,338 - INFO - === MÓDULO 4: GARANTÍAS ITEM 2 ===
2025-12-02 13:55:34,339 - INFO - Garantía: AGREGAR
2025-12-02 13:55:35,721 - INFO - Screenshot capturado: C1_07_pantalla_garantias_02.png
2025-12-02 13:55:41,825 - INFO - Botón Add encontrado: //button[contains(@class, 'btn-success') and contains(text(), 'Add')]
2025-12-02 13:55:41,857 - INFO - Click en Añadir garantía
2025-12-02 13:55:44,240 - INFO - Encontradas 6 opciones de garantía
2025-12-02 13:55:44,343 - INFO - Garantía seleccionada - precio: $212.50
2025-12-02 13:55:45,375 - INFO - Clic en botón final para garantía con precio
2025-12-02 13:55:46,458 - INFO - Screenshot capturado: C1_08_garantia_procesada_02.png
2025-12-02 13:55:47,571 - INFO - Screenshot capturado: C1_06_item_con_garantias_procesadas_02.png
2025-12-02 13:55:47,572 - INFO - Garantías procesadas para item 2
2025-12-02 13:55:47,572 - INFO - === PASO 7: ENLAZAR CUSTOMER ===
2025-12-02 13:55:47,572 - INFO - === MÓDULO 5: ENLAZAR CUSTOMER ===
2025-12-02 13:55:47,760 - INFO - Screenshot capturado: C1_12_antes_enlazar_cliente.png
2025-12-02 13:55:52,801 - INFO - Enlace cliente encontrado: /html/body/div[2]/div[3]/div[28]/div[3]/h4/a
2025-12-02 13:55:52,823 - INFO - Click en enlace cliente
2025-12-02 13:55:55,914 - INFO - Screenshot capturado: C1_13_formulario_cliente.png
2025-12-02 13:55:57,246 - INFO - Cliente 057874256 ingresado
2025-12-02 13:55:58,352 - INFO - Screenshot capturado: C1_14_cliente_ingresado.png
2025-12-02 13:56:04,156 - INFO - Primer Next
2025-12-02 13:56:07,262 - INFO - Screenshot capturado: C1_15_primer_next.png
2025-12-02 13:56:12,670 - INFO - Segundo Next
2025-12-02 13:56:15,803 - INFO - Screenshot capturado: C1_16_segundo_next.png
2025-12-02 13:56:15,805 - INFO - Customer enlazado exitosamente
2025-12-02 13:56:15,807 - INFO - === PASO 8: CONFIGURAR ENTREGA ===
2025-12-02 13:56:15,808 - INFO - === MÓDULO 6: DESPACHO/ENTREGA ===
2025-12-02 13:56:15,809 - INFO - Despacho/Entrega: CONFIGURAR
2025-12-02 13:56:15,810 - INFO - Tipo de entrega: cliente llevará
2025-12-02 13:56:15,955 - INFO - Screenshot capturado: C1_17_antes_entrega_cliente.png
2025-12-02 13:56:15,956 - INFO - Paso 1: Buscando botón Transaction Options
2025-12-02 13:56:19,330 - INFO - ✓ Transaction Options encontrado con: transactionOptionsBtn
2025-12-02 13:56:19,347 - INFO - Click en Transaction Options exitoso
2025-12-02 13:56:22,450 - INFO - Screenshot capturado: C1_18_menu_transaction_options.png
2025-12-02 13:56:22,452 - INFO - Paso 2: Seleccionando opción de entrega
2025-12-02 13:59:41,664 - INFO - Opción de entrega seleccionada
2025-12-02 13:59:44,753 - INFO - Screenshot capturado: C1_19_formulario_entrega.png
2025-12-02 13:59:44,754 - INFO - Paso 3: Llenando datos del formulario
2025-12-02 13:59:50,952 - INFO - Nombre 1 ingresado: ELISEO AMILCAR LOPEZ + Enter
2025-12-02 13:59:52,237 - INFO - Nombre 2 ingresado: MARGARITA PORTILLO DE LOPEZ + Enter
2025-12-02 13:59:53,468 - INFO - ✓ Campo adicional (div[4]) ingresado: ELISEO LOPEZ + Enter
2025-12-02 13:59:54,469 - INFO - Paso 4: Configurando select MADRE
2025-12-02 13:59:54,764 - INFO - Select MADRE abierto
2025-12-02 13:59:56,575 - INFO - ✓ Opción MADRE seleccionada
2025-12-02 13:59:57,582 - INFO - Paso 4B: Configurando transportador (relationship)
2025-12-02 13:59:57,889 - INFO - ✓ Select TRANSPORTADOR abierto con: /html/body/div[2]/form/div[1]/div/div[2]/div[6]/span[2]/span/a
2025-12-02 13:59:59,178 - INFO - ✓ Opción TRANSPORTADOR seleccionada
2025-12-02 14:00:00,180 - INFO - Paso 5: Configurando tipo de entrega: cliente llevará
2025-12-02 14:00:00,593 - INFO - ✓ Select TIPO ENTREGA abierto
2025-12-02 14:00:01,914 - INFO - ✓ Tipo entrega seleccionado: Cliente llevará (Cliente Recoge)
2025-12-02 14:00:03,919 - INFO - Paso 6: Configurando lugar de salida (Bodega Nejapa)
2025-12-02 14:00:03,981 - INFO - ✓ Texto escrito: BODEGA 94 NEJAPA
2025-12-02 14:00:06,360 - INFO - ✓ Opción clickeada del dropdown: BODEGA 94 NEJAPA
2025-12-02 14:00:11,382 - INFO - ℹ️ No se requiere OK para lugar de salida
2025-12-02 14:00:13,385 - INFO - Paso 7: Configurando transporte (11094 - BODEGA 94 NEJAPA)
2025-12-02 14:00:15,427 - INFO - ✓ Caja de texto del transporte encontrada
2025-12-02 14:00:16,302 - INFO - ✓ Texto escrito: BODEGA 94 NEJAPA
2025-12-02 14:00:17,304 - INFO - -Buscando opción '11094 - BODEGA 94 NEJAPA' en dropdown...
2025-12-02 14:00:17,306 - INFO - Intentando con selector: //li[@class='ui-menu-item']//a[contains(text(), '11094 - BODEGA 94 NEJAPA')]
2025-12-02 14:00:18,400 - INFO - Intentando con selector: //li[@role='menuitem']//a[contains(text(), '11094 - BODEGA 94 NEJAPA')]
2025-12-02 14:00:19,488 - INFO - Intentando con selector: //li[contains(@class, 'ui-menu-item')]//a[contains(text(), 'BODEGA 94 NEJAPA')]
2025-12-02 14:00:20,567 - INFO - Intentando con selector: //ul[contains(@class, 'ui-autocomplete')]//a[contains(text(), '11094')]
2025-12-02 14:00:21,633 - INFO - Intentando con selector: //a[@class='ui-corner-all'][contains(text(), '11094 - BODEGA 94 NEJAPA')]
2025-12-02 14:00:22,696 - INFO - Intentando con selector: /html/body/ul[4]/li/a
2025-12-02 14:00:23,762 - INFO - 🔄 Fallback: Usando flecha abajo + Enter...
2025-12-02 14:00:24,364 - INFO - ✓ Flecha abajo + Enter ejecutado
2025-12-02 14:00:25,396 - INFO - 🔍 Verificación final: Input='11094 - BODEGA 94 NEJAPA', Select='11094'
2025-12-02 14:00:25,397 - INFO - ✅ TRANSPORTE CONFIGURADO EXITOSAMENTE
2025-12-02 14:00:28,399 - INFO - Paso 8: Agregando instrucciones
2025-12-02 14:00:33,420 - WARNING - Error agregando instrucciones: Message: Unable to locate element: //*[@id='instructions']; For documentation on this error, please visit: https://www.selenium.dev/documentation/webdriver/troubleshooting/errors#nosuchelementexception
Stacktrace:
RemoteError@chrome://remote/content/shared/RemoteError.sys.mjs:8:8
WebDriverError@chrome://remote/content/shared/webdriver/Errors.sys.mjs:187:5
NoSuchElementError@chrome://remote/content/shared/webdriver/Errors.sys.mjs:505:5
element.find/</<@chrome://remote/content/marionette/element.sys.mjs:135:16

2025-12-02 14:00:33,421 - INFO - Paso 9: Enviando formulario de entrega
2025-12-02 14:00:38,437 - WARNING - Error enviando formulario: Message: Unable to locate element: /html/body/div[2]/form/div[2]/button; For documentation on this error, please visit: https://www.selenium.dev/documentation/webdriver/troubleshooting/errors#nosuchelementexception
Stacktrace:
RemoteError@chrome://remote/content/shared/RemoteError.sys.mjs:8:8
WebDriverError@chrome://remote/content/shared/webdriver/Errors.sys.mjs:187:5
NoSuchElementError@chrome://remote/content/shared/webdriver/Errors.sys.mjs:505:5
element.find/</<@chrome://remote/content/marionette/element.sys.mjs:135:16

2025-12-02 14:00:38,438 - WARNING - ⚠️ Error en despacho, continuando...
2025-12-02 14:00:38,439 - INFO - === PASO 9: DESCUENTO EMPLEADO ===
2025-12-02 14:00:38,440 - INFO - Modulo_7_aplicar_credito: DESHABILITADO
2025-12-02 14:00:38,441 - INFO - === PASO 10: CRÉDITOS ===
2025-12-02 14:00:38,441 - INFO - Modulo_8_aplicar_descuento_empleado: DESHABILITADO
2025-12-02 14:00:38,442 - INFO - === PASO 11: FINALIZAR COTIZACIÓN ===
2025-12-02 14:00:38,443 - INFO - === FINALIZANDO COTIZACIÓN ===
2025-12-02 14:00:38,624 - INFO - Screenshot capturado: C1_17_antes_finalizar.png
2025-12-02 14:00:40,627 - INFO - PASO 1: Click en botón finalizar
2025-12-02 14:00:43,729 - INFO - ✓ Botón finalizar encontrado con: /html/body/div[2]/div[4]/div/div/div[3]/form[1]/button
2025-12-02 14:00:43,944 - INFO - Screenshot capturado: C1_18_antes_finalizar.png
2025-12-02 14:00:43,945 - INFO - 🔧 Preservando datos de sesión...
2025-12-02 14:00:43,996 - INFO - 📝 Sesión preservada - OrderID: undefined, SessionData: 
2025-12-02 14:00:44,073 - INFO - ✓ Click en botón finalizar exitoso
2025-12-02 14:00:47,091 - INFO - 🖨️ Elementos printer encontrados: 10
2025-12-02 14:00:47,157 - INFO -   Elemento 1: tag=form, id=printForm, class=
2025-12-02 14:00:47,232 - INFO -   Elemento 2: tag=div, id=, class=printingBox
2025-12-02 14:00:47,281 - INFO -   Elemento 3: tag=input, id=printerGroup, class=printerRadioButton btnFloatRight
2025-12-02 14:00:47,336 - INFO -   Elemento 4: tag=input, id=printerName0, class=
2025-12-02 14:00:47,412 - INFO -   Elemento 5: tag=input, id=printerLocation0, class=
2025-12-02 14:00:47,443 - INFO - 📋 Modales encontrados: 195
2025-12-02 14:00:47,532 - INFO -   Modal 1: tag=div, id=itemInquiryDialog, visible=False
2025-12-02 14:00:47,594 - INFO -   Modal 2: tag=div, id=, visible=False
2025-12-02 14:00:47,650 - INFO -   Modal 3: tag=div, id=, visible=False
2025-12-02 14:00:47,668 - INFO - 📝 Formularios encontrados: 51
2025-12-02 14:00:47,669 - INFO - 🔍 MONITOREANDO ESTADO POST-SAVE...
2025-12-02 14:00:48,685 - INFO - 📍 Segundo 1: URL = http://ursvtols8b3c:8080/engage-unicomer-web/saleOrder/saveAndPrint
2025-12-02 14:00:48,698 - INFO - 📄 Segundo 1: Título = Grupo Unicomer
2025-12-02 14:00:50,840 - INFO - 🔘 Segundo 1: Botones visibles = ['Search', 'Item Inquiry', 'Transaction Options', 'Save & Print', 'Save']
2025-12-02 14:00:50,865 - INFO - 🖨️ Segundo 1: Printer Group encontrado! Visible=True
2025-12-02 14:00:50,865 - INFO - ✅ PRINTER GROUP DISPONIBLE - Procediendo a hacer click...
2025-12-02 14:00:51,133 - INFO - ✓ Default Printer seleccionado: //*[@id='printerGroup']
2025-12-02 14:00:52,167 - INFO - 🖨️ Botón print encontrado: //button[@id='defaultSubmitPrintButton']
2025-12-02 14:00:52,196 - INFO - ✅ CLICK EN BOTÓN IMPRIMIR EXITOSO
2025-12-02 14:00:57,504 - INFO - ℹ️ No se requiere confirmación adicional
2025-12-02 14:00:57,589 - INFO - Screenshot capturado: C1_21_print_completado.png
2025-12-02 14:00:57,590 - INFO - ✅ Finalización exitosa
2025-12-02 14:00:57,591 - INFO - === PASO 12: GENERAR REPORTE INDIVIDUAL ===
2025-12-02 14:00:57,592 - INFO - Generando reporte para cotización 1 con número 1160920825000T
2025-12-02 14:00:57,593 - INFO - Screenshots disponibles: 20
2025-12-02 14:00:57,593 - INFO - 🔄 Generando reporte para cotización 1: 1160920825000T
2025-12-02 14:00:57,869 - INFO - Excel actualizado - Cotización 1: 1160920825000T
2025-12-02 14:00:58,890 - INFO - Reporte ejecutivo generado: Reporte_cotizacion_1160920825000T.docx
2025-12-02 14:00:58,891 - INFO - Archivo verificado: 1740621 bytes
2025-12-02 14:00:58,891 - INFO - Reporte Word generado exitosamente para cotización 1
2025-12-02 14:00:58,891 - INFO - Iniciando limpieza de screenshots después de generar reporte
2025-12-02 14:00:58,893 - INFO - Screenshot eliminado: 01_login_resultado.png
2025-12-02 14:00:58,898 - INFO - Screenshot eliminado: C1_02_dashboard.png
2025-12-02 14:00:58,902 - INFO - Screenshot eliminado: C1_04_formulario_orden.png
2025-12-02 14:00:58,907 - INFO - Screenshot eliminado: C1_07_pantalla_garantias_01.png
2025-12-02 14:00:58,909 - INFO - Screenshot eliminado: C1_08_garantia_procesada_01.png
2025-12-02 14:00:58,914 - INFO - Screenshot eliminado: C1_06_item_con_garantias_procesadas_01.png
2025-12-02 14:00:58,916 - INFO - Screenshot eliminado: C1_07_pantalla_garantias_02.png
2025-12-02 14:00:58,919 - INFO - Screenshot eliminado: C1_08_garantia_procesada_02.png
2025-12-02 14:00:58,923 - INFO - Screenshot eliminado: C1_06_item_con_garantias_procesadas_02.png
2025-12-02 14:00:58,926 - INFO - Screenshot eliminado: C1_12_antes_enlazar_cliente.png
2025-12-02 14:00:58,928 - INFO - Screenshot eliminado: C1_13_formulario_cliente.png
2025-12-02 14:00:58,931 - INFO - Screenshot eliminado: C1_14_cliente_ingresado.png
2025-12-02 14:00:58,934 - INFO - Screenshot eliminado: C1_15_primer_next.png
2025-12-02 14:00:58,937 - INFO - Screenshot eliminado: C1_16_segundo_next.png
2025-12-02 14:00:58,940 - INFO - Screenshot eliminado: C1_17_antes_entrega_cliente.png
2025-12-02 14:00:58,944 - INFO - Screenshot eliminado: C1_18_menu_transaction_options.png
2025-12-02 14:00:58,947 - INFO - Screenshot eliminado: C1_19_formulario_entrega.png
2025-12-02 14:00:58,950 - INFO - Screenshot eliminado: C1_17_antes_finalizar.png
2025-12-02 14:00:58,953 - INFO - Screenshot eliminado: C1_18_antes_finalizar.png
2025-12-02 14:00:58,956 - INFO - Screenshot eliminado: C1_21_print_completado.png
2025-12-02 14:00:58,958 - INFO - 20 screenshots eliminados para esta cotización
2025-12-02 14:00:58,959 - INFO - Cotización 1 completada: 1160920825000T
2025-12-02 14:01:00,960 - INFO - 
🔄 PROCESANDO COTIZACIÓN 2/13: 2
2025-12-02 14:01:00,961 - INFO - === PASO 4: INICIAR ORDEN DE COMPRA ===
2025-12-02 14:01:00,961 - INFO - Buscando botón 'Comience una Orden de Compra'...
2025-12-02 14:01:01,152 - INFO - Screenshot capturado: C2_02_dashboard.png
2025-12-02 14:01:01,153 - INFO - Intentando selector 1: /html/body/div[2]/div[4]/div/div/div[1]/a[1]/input
2025-12-02 14:01:01,153 - INFO - Esperando que botón orden selector 1 sea visible (timeout: 300s, se reinicia con progreso)...
2025-12-02 14:01:06,667 - INFO - Esperando botón orden selector 1... Sin progreso: 0s, Total: 0s, Queda: 300s
2025-12-02 14:01:14,745 - INFO - PROGRESO: botón orden selector 1 existe - REINICIANDO timeout
2025-12-02 14:01:14,885 - INFO - PROGRESO: botón orden selector 1 visible - REINICIANDO timeout
2025-12-02 14:01:14,932 - INFO - OK - botón orden selector 1 listo después de 11.0s
2025-12-02 14:01:15,481 - INFO - Click exitoso en botón orden selector 1
2025-12-02 14:01:16,560 - INFO - Screenshot capturado: C2_04_formulario_orden.png
2025-12-02 14:01:16,561 - INFO - Click realizado en botón orden
2025-12-02 14:01:16,562 - INFO - Preparando nueva cotización...
2025-12-02 14:01:21,583 - INFO - ✓ Storage del navegador limpiado
2025-12-02 14:01:21,596 - INFO - ✓ Página estabilizada para nueva cotización
2025-12-02 14:01:21,597 - INFO - ✓ Sistema listo para siguiente cotización automática
2025-12-02 14:01:22,599 - INFO - Configuración - Garantías: SI, Descuento: NO, Créditos: NO, Entrega: SI, Tipo Entrega: cliente llevará
2025-12-02 14:01:22,602 - INFO - === PASO 5: EXTRAER NÚMERO COTIZACIÓN ===
2025-12-02 14:01:22,604 - INFO - === EXTRAYENDO NÚMERO DE COTIZACIÓN INICIAL ===
2025-12-02 14:01:24,689 - INFO - Número encontrado con selector: li.quotationNumberTitle p:last-child
2025-12-02 14:01:24,690 - INFO - Número de cotización: 1160920825000X
2025-12-02 14:01:24,690 - INFO - Número base extraído: 1160920825000X
2025-12-02 14:01:24,691 - INFO - Número único generado: 1160920825000X_4690
2025-12-02 14:01:24,692 - INFO - === PASO 6: AGREGAR ITEMS ===
2025-12-02 14:01:24,693 - INFO - --- ITEM 1/3 ---
2025-12-02 14:01:24,693 - INFO - === MÓDULO 3: AGREGAR ITEM 1 ===
2025-12-02 14:01:24,694 - INFO - Código: 462801600016, Cantidad: 1
2025-12-02 14:01:24,695 - INFO - Esperando que campo búsqueda item 1 sea visible (timeout: 300s, se reinicia con progreso)...
2025-12-02 14:01:24,741 - INFO - PROGRESO: campo búsqueda item 1 visible - REINICIANDO timeout
2025-12-02 14:01:24,778 - INFO - OK - campo búsqueda item 1 listo después de 0.0s
2025-12-02 14:01:25,004 - INFO - Código 462801600016 ingresado en campo búsqueda
2025-12-02 14:01:25,040 - INFO - Enter enviado para búsqueda
2025-12-02 14:01:27,732 - INFO - Mensaje informativo (ignorado): Error
close
ERROR TO OBTAIN THE PARAMATER: permitirNoInventariadosSeguros...
2025-12-02 14:01:27,733 - INFO - Item 462801600016 procesado correctamente
2025-12-02 14:01:27,734 - INFO - === MÓDULO 4: GARANTÍAS ITEM 1 ===
2025-12-02 14:01:27,734 - INFO - Garantía: AGREGAR
2025-12-02 14:01:28,838 - INFO - Screenshot capturado: C2_07_pantalla_garantias_01.png
2025-12-02 14:01:34,873 - INFO - Botón Add encontrado: //button[contains(@class, 'btn-success') and contains(text(), 'Add')]
2025-12-02 14:01:34,897 - INFO - Click en Añadir garantía
2025-12-02 14:01:36,980 - INFO - Encontradas 6 opciones de garantía
2025-12-02 14:01:37,121 - INFO - Garantía seleccionada - precio: $300.00
2025-12-02 14:01:38,152 - INFO - Clic en botón final para garantía con precio
2025-12-02 14:01:39,349 - INFO - Screenshot capturado: C2_08_garantia_procesada_01.png
2025-12-02 14:01:40,502 - INFO - Screenshot capturado: C2_06_item_con_garantias_procesadas_01.png
2025-12-02 14:01:40,504 - INFO - Garantías procesadas para item 1
2025-12-02 14:01:40,504 - INFO - --- ITEM 2/3 ---
2025-12-02 14:01:40,505 - INFO - === MÓDULO 3: AGREGAR ITEM 2 ===
2025-12-02 14:01:40,506 - INFO - Código: 456497500019, Cantidad: 1
2025-12-02 14:01:40,506 - INFO - Esperando que campo búsqueda item 2 sea visible (timeout: 300s, se reinicia con progreso)...
2025-12-02 14:01:40,556 - INFO - PROGRESO: campo búsqueda item 2 visible - REINICIANDO timeout
2025-12-02 14:01:40,610 - INFO - OK - campo búsqueda item 2 listo después de 0.0s
2025-12-02 14:01:40,693 - INFO - Código 456497500019 ingresado en campo búsqueda
2025-12-02 14:01:40,746 - INFO - Enter enviado para búsqueda
2025-12-02 14:01:47,197 - INFO - Mensaje informativo (ignorado): Error
close
ERROR TO OBTAIN THE PARAMATER: permitirNoInventariadosSeguros...
2025-12-02 14:01:47,198 - INFO - Item 456497500019 procesado correctamente
2025-12-02 14:01:47,199 - INFO - === MÓDULO 4: GARANTÍAS ITEM 2 ===
2025-12-02 14:01:47,199 - INFO - Garantía: AGREGAR
2025-12-02 14:01:48,309 - INFO - Screenshot capturado: C2_07_pantalla_garantias_02.png
2025-12-02 14:01:54,356 - INFO - Botón Add encontrado: //button[contains(@class, 'btn-success') and contains(text(), 'Add')]
2025-12-02 14:01:54,376 - INFO - Click en Añadir garantía
2025-12-02 14:01:56,406 - INFO - Encontradas 6 opciones de garantía
2025-12-02 14:01:56,625 - INFO - Garantía seleccionada - precio: $41.75
2025-12-02 14:01:57,683 - INFO - Clic en botón final para garantía con precio
2025-12-02 14:01:58,790 - INFO - Screenshot capturado: C2_08_garantia_procesada_02.png
2025-12-02 14:01:59,885 - INFO - Screenshot capturado: C2_06_item_con_garantias_procesadas_02.png
2025-12-02 14:01:59,885 - INFO - Garantías procesadas para item 2
2025-12-02 14:01:59,886 - INFO - --- ITEM 3/3 ---
2025-12-02 14:01:59,888 - INFO - === MÓDULO 3: AGREGAR ITEM 3 ===
2025-12-02 14:01:59,888 - INFO - Código: 461964100012, Cantidad: 1
2025-12-02 14:01:59,889 - INFO - Esperando que campo búsqueda item 3 sea visible (timeout: 300s, se reinicia con progreso)...
2025-12-02 14:01:59,957 - INFO - PROGRESO: campo búsqueda item 3 visible - REINICIANDO timeout
2025-12-02 14:02:00,077 - INFO - OK - campo búsqueda item 3 listo después de 0.0s
2025-12-02 14:02:00,299 - INFO - Código 461964100012 ingresado en campo búsqueda
2025-12-02 14:02:00,403 - INFO - Enter enviado para búsqueda
2025-12-02 14:02:08,910 - INFO - Mensaje informativo (ignorado): Error
close
ERROR TO OBTAIN THE PARAMATER: permitirNoInventariadosSeguros...
2025-12-02 14:02:08,912 - INFO - Item 461964100012 procesado correctamente
2025-12-02 14:02:08,914 - INFO - === MÓDULO 4: GARANTÍAS ITEM 3 ===
2025-12-02 14:02:08,915 - INFO - Garantía: AGREGAR
2025-12-02 14:02:10,215 - INFO - Screenshot capturado: C2_07_pantalla_garantias_03.png
2025-12-02 14:02:16,282 - INFO - Botón Add encontrado: //button[contains(@class, 'btn-success') and contains(text(), 'Add')]
2025-12-02 14:02:16,341 - INFO - Click en Añadir garantía
2025-12-02 14:02:18,419 - INFO - Encontradas 6 opciones de garantía
2025-12-02 14:02:18,600 - INFO - Garantía seleccionada - precio: $107.25
2025-12-02 14:02:19,648 - INFO - Clic en botón final para garantía con precio
2025-12-02 14:02:20,808 - INFO - Screenshot capturado: C2_08_garantia_procesada_03.png
2025-12-02 14:02:21,976 - INFO - Screenshot capturado: C2_06_item_con_garantias_procesadas_03.png
2025-12-02 14:02:21,977 - INFO - Garantías procesadas para item 3
2025-12-02 14:02:21,978 - INFO - === PASO 7: ENLAZAR CUSTOMER ===
2025-12-02 14:02:21,979 - INFO - === MÓDULO 5: ENLAZAR CUSTOMER ===
2025-12-02 14:02:22,133 - INFO - Screenshot capturado: C2_12_antes_enlazar_cliente.png
2025-12-02 14:02:27,170 - INFO - Enlace cliente encontrado: /html/body/div[2]/div[3]/div[28]/div[3]/h4/a
2025-12-02 14:02:27,216 - INFO - Click en enlace cliente
2025-12-02 14:02:30,436 - INFO - Screenshot capturado: C2_13_formulario_cliente.png
2025-12-02 14:02:31,769 - INFO - Cliente 057874256 ingresado
2025-12-02 14:02:32,939 - INFO - Screenshot capturado: C2_14_cliente_ingresado.png
2025-12-02 14:02:35,306 - INFO - Primer Next
2025-12-02 14:02:38,578 - INFO - Screenshot capturado: C2_15_primer_next.png
2025-12-02 14:02:43,939 - INFO - Segundo Next
2025-12-02 14:02:47,146 - INFO - Screenshot capturado: C2_16_segundo_next.png
2025-12-02 14:02:47,147 - INFO - Customer enlazado exitosamente
2025-12-02 14:02:47,149 - INFO - === PASO 8: CONFIGURAR ENTREGA ===
2025-12-02 14:02:47,150 - INFO - === MÓDULO 6: DESPACHO/ENTREGA ===
2025-12-02 14:02:47,151 - INFO - Despacho/Entrega: CONFIGURAR
2025-12-02 14:02:47,152 - INFO - Tipo de entrega: cliente llevará
2025-12-02 14:02:47,347 - INFO - Screenshot capturado: C2_17_antes_entrega_cliente.png
2025-12-02 14:02:47,349 - INFO - Paso 1: Buscando botón Transaction Options
2025-12-02 14:02:50,381 - INFO - ✓ Transaction Options encontrado con: transactionOptionsBtn
2025-12-02 14:02:50,406 - INFO - Click en Transaction Options exitoso
2025-12-02 14:02:53,626 - INFO - Screenshot capturado: C2_18_menu_transaction_options.png
2025-12-02 14:02:53,627 - INFO - Paso 2: Seleccionando opción de entrega
2025-12-02 14:02:53,705 - INFO - Opción de entrega seleccionada
2025-12-02 14:02:56,860 - INFO - Screenshot capturado: C2_19_formulario_entrega.png
2025-12-02 14:02:56,861 - INFO - Paso 3: Llenando datos del formulario
2025-12-02 14:02:56,997 - INFO - Nombre 1 ingresado: ELISEO AMILCAR LOPEZ + Enter
2025-12-02 14:02:58,083 - INFO - Nombre 2 ingresado: MARGARITA PORTILLO DE LOPEZ + Enter
2025-12-02 14:02:59,348 - INFO - ✓ Campo adicional (div[4]) ingresado: ELISEO LOPEZ + Enter
2025-12-02 14:03:00,349 - INFO - Paso 4: Configurando select MADRE
2025-12-02 14:03:00,646 - INFO - Select MADRE abierto
2025-12-02 14:03:02,438 - INFO - ✓ Opción MADRE seleccionada
2025-12-02 14:03:03,441 - INFO - Paso 4B: Configurando transportador (relationship)
2025-12-02 14:03:03,726 - INFO - ✓ Select TRANSPORTADOR abierto con: /html/body/div[2]/form/div[1]/div/div[2]/div[6]/span[2]/span/a
2025-12-02 14:03:05,111 - INFO - ✓ Opción TRANSPORTADOR seleccionada
2025-12-02 14:03:06,112 - INFO - Paso 5: Configurando tipo de entrega: cliente llevará
2025-12-02 14:03:06,406 - INFO - ✓ Select TIPO ENTREGA abierto
2025-12-02 14:03:07,669 - INFO - ✓ Tipo entrega seleccionado: Cliente llevará (Cliente Recoge)
2025-12-02 14:03:09,670 - INFO - Paso 6: Configurando lugar de salida (Bodega Nejapa)
2025-12-02 14:03:09,764 - INFO - ✓ Texto escrito: BODEGA 94 NEJAPA
2025-12-02 14:03:12,037 - INFO - ✓ Opción clickeada del dropdown: BODEGA 94 NEJAPA
2025-12-02 14:03:17,057 - INFO - ℹ️ No se requiere OK para lugar de salida
2025-12-02 14:03:19,058 - INFO - Paso 7: Configurando transporte (11094 - BODEGA 94 NEJAPA)
2025-12-02 14:03:21,109 - INFO - ✓ Caja de texto del transporte encontrada
2025-12-02 14:03:21,973 - INFO - ✓ Texto escrito: BODEGA 94 NEJAPA
2025-12-02 14:03:22,975 - INFO - -Buscando opción '11094 - BODEGA 94 NEJAPA' en dropdown...
2025-12-02 14:03:22,977 - INFO - Intentando con selector: //li[@class='ui-menu-item']//a[contains(text(), '11094 - BODEGA 94 NEJAPA')]
2025-12-02 14:03:24,076 - INFO - Intentando con selector: //li[@role='menuitem']//a[contains(text(), '11094 - BODEGA 94 NEJAPA')]
2025-12-02 14:03:25,158 - INFO - Intentando con selector: //li[contains(@class, 'ui-menu-item')]//a[contains(text(), 'BODEGA 94 NEJAPA')]
2025-12-02 14:03:26,272 - INFO - Intentando con selector: //ul[contains(@class, 'ui-autocomplete')]//a[contains(text(), '11094')]
2025-12-02 14:03:27,348 - INFO - Intentando con selector: //a[@class='ui-corner-all'][contains(text(), '11094 - BODEGA 94 NEJAPA')]
2025-12-02 14:03:28,436 - INFO - Intentando con selector: /html/body/ul[4]/li/a
2025-12-02 14:03:29,511 - INFO - 🔄 Fallback: Usando flecha abajo + Enter...
2025-12-02 14:03:30,057 - INFO - ✓ Flecha abajo + Enter ejecutado
2025-12-02 14:03:31,145 - INFO - 🔍 Verificación final: Input='11094 - BODEGA 94 NEJAPA', Select='11094'
2025-12-02 14:03:31,146 - INFO - ✅ TRANSPORTE CONFIGURADO EXITOSAMENTE
2025-12-02 14:03:34,148 - INFO - Paso 8: Agregando instrucciones
2025-12-02 14:03:39,168 - WARNING - Error agregando instrucciones: Message: Unable to locate element: //*[@id='instructions']; For documentation on this error, please visit: https://www.selenium.dev/documentation/webdriver/troubleshooting/errors#nosuchelementexception
Stacktrace:
RemoteError@chrome://remote/content/shared/RemoteError.sys.mjs:8:8
WebDriverError@chrome://remote/content/shared/webdriver/Errors.sys.mjs:187:5
NoSuchElementError@chrome://remote/content/shared/webdriver/Errors.sys.mjs:505:5
element.find/</<@chrome://remote/content/marionette/element.sys.mjs:135:16

2025-12-02 14:03:39,170 - INFO - Paso 9: Enviando formulario de entrega
2025-12-02 14:03:44,193 - WARNING - Error enviando formulario: Message: Unable to locate element: /html/body/div[2]/form/div[2]/button; For documentation on this error, please visit: https://www.selenium.dev/documentation/webdriver/troubleshooting/errors#nosuchelementexception
Stacktrace:
RemoteError@chrome://remote/content/shared/RemoteError.sys.mjs:8:8
WebDriverError@chrome://remote/content/shared/webdriver/Errors.sys.mjs:187:5
NoSuchElementError@chrome://remote/content/shared/webdriver/Errors.sys.mjs:505:5
element.find/</<@chrome://remote/content/marionette/element.sys.mjs:135:16

2025-12-02 14:03:44,194 - WARNING - ⚠️ Error en despacho, continuando...
2025-12-02 14:03:44,195 - INFO - === PASO 9: DESCUENTO EMPLEADO ===
2025-12-02 14:03:44,195 - INFO - Modulo_7_aplicar_credito: DESHABILITADO
2025-12-02 14:03:44,196 - INFO - === PASO 10: CRÉDITOS ===
2025-12-02 14:03:44,197 - INFO - Modulo_8_aplicar_descuento_empleado: DESHABILITADO
2025-12-02 14:03:44,198 - INFO - === PASO 11: FINALIZAR COTIZACIÓN ===
2025-12-02 14:03:44,200 - INFO - === FINALIZANDO COTIZACIÓN ===
2025-12-02 14:03:44,389 - INFO - Screenshot capturado: C2_17_antes_finalizar.png
2025-12-02 14:03:46,390 - INFO - PASO 1: Click en botón finalizar
2025-12-02 14:03:49,458 - INFO - ✓ Botón finalizar encontrado con: /html/body/div[2]/div[4]/div/div/div[3]/form[1]/button
2025-12-02 14:03:49,631 - INFO - Screenshot capturado: C2_18_antes_finalizar.png
2025-12-02 14:03:49,632 - INFO - 🔧 Preservando datos de sesión...
2025-12-02 14:03:49,659 - INFO - 📝 Sesión preservada - OrderID: undefined, SessionData: 
2025-12-02 14:03:49,704 - INFO - ✓ Click en botón finalizar exitoso
2025-12-02 14:03:52,727 - INFO - 🖨️ Elementos printer encontrados: 10
2025-12-02 14:03:52,784 - INFO -   Elemento 1: tag=form, id=printForm, class=
2025-12-02 14:03:52,838 - INFO -   Elemento 2: tag=div, id=, class=printingBox
2025-12-02 14:03:52,889 - INFO -   Elemento 3: tag=input, id=printerGroup, class=printerRadioButton btnFloatRight
2025-12-02 14:03:52,971 - INFO -   Elemento 4: tag=input, id=printerName0, class=
2025-12-02 14:03:53,049 - INFO -   Elemento 5: tag=input, id=printerLocation0, class=
2025-12-02 14:03:53,120 - INFO - 📋 Modales encontrados: 231
2025-12-02 14:03:53,197 - INFO -   Modal 1: tag=div, id=itemInquiryDialog, visible=False
2025-12-02 14:03:53,276 - INFO -   Modal 2: tag=div, id=, visible=False
2025-12-02 14:03:53,354 - INFO -   Modal 3: tag=div, id=, visible=False
2025-12-02 14:03:53,413 - INFO - 📝 Formularios encontrados: 60
2025-12-02 14:03:53,415 - INFO - 🔍 MONITOREANDO ESTADO POST-SAVE...
2025-12-02 14:03:54,423 - INFO - 📍 Segundo 1: URL = http://ursvtols8b3c:8080/engage-unicomer-web/saleOrder/saveAndPrint
2025-12-02 14:03:54,430 - INFO - 📄 Segundo 1: Título = Grupo Unicomer
2025-12-02 14:03:58,383 - INFO - 🔘 Segundo 1: Botones visibles = ['Search', 'Item Inquiry', 'Transaction Options', 'Save & Print', 'Save']
2025-12-02 14:03:58,421 - INFO - 🖨️ Segundo 1: Printer Group encontrado! Visible=True
2025-12-02 14:03:58,422 - INFO - ✅ PRINTER GROUP DISPONIBLE - Procediendo a hacer click...
2025-12-02 14:03:58,712 - INFO - ✓ Default Printer seleccionado: //*[@id='printerGroup']
2025-12-02 14:03:59,773 - INFO - 🖨️ Botón print encontrado: //button[@id='defaultSubmitPrintButton']
2025-12-02 14:03:59,824 - INFO - ✅ CLICK EN BOTÓN IMPRIMIR EXITOSO
2025-12-02 14:04:05,083 - INFO - ℹ️ No se requiere confirmación adicional
2025-12-02 14:04:05,279 - INFO - Screenshot capturado: C2_21_print_completado.png
2025-12-02 14:04:05,281 - INFO - ✅ Finalización exitosa
2025-12-02 14:04:05,282 - INFO - === PASO 12: GENERAR REPORTE INDIVIDUAL ===
2025-12-02 14:04:05,282 - INFO - Generando reporte para cotización 2 con número 1160920825000X
2025-12-02 14:04:05,283 - INFO - Screenshots disponibles: 22
2025-12-02 14:04:05,284 - INFO - 🔄 Generando reporte para cotización 2: 1160920825000X
2025-12-02 14:04:05,478 - INFO - Excel actualizado - Cotización 2: 1160920825000X
2025-12-02 14:04:06,255 - INFO - Reporte ejecutivo generado: Reporte_cotizacion_1160920825000X.docx
2025-12-02 14:04:06,256 - INFO - Archivo verificado: 2113134 bytes
2025-12-02 14:04:06,257 - INFO - Reporte Word generado exitosamente para cotización 2
2025-12-02 14:04:06,257 - INFO - Iniciando limpieza de screenshots después de generar reporte
2025-12-02 14:04:06,262 - INFO - Screenshot eliminado: C2_02_dashboard.png
2025-12-02 14:04:06,267 - INFO - Screenshot eliminado: C2_04_formulario_orden.png
2025-12-02 14:04:06,271 - INFO - Screenshot eliminado: C2_07_pantalla_garantias_01.png
2025-12-02 14:04:06,273 - INFO - Screenshot eliminado: C2_08_garantia_procesada_01.png
2025-12-02 14:04:06,278 - INFO - Screenshot eliminado: C2_06_item_con_garantias_procesadas_01.png
2025-12-02 14:04:06,280 - INFO - Screenshot eliminado: C2_07_pantalla_garantias_02.png
2025-12-02 14:04:06,284 - INFO - Screenshot eliminado: C2_08_garantia_procesada_02.png
2025-12-02 14:04:06,287 - INFO - Screenshot eliminado: C2_06_item_con_garantias_procesadas_02.png
2025-12-02 14:04:06,291 - INFO - Screenshot eliminado: C2_07_pantalla_garantias_03.png
2025-12-02 14:04:06,295 - INFO - Screenshot eliminado: C2_08_garantia_procesada_03.png
2025-12-02 14:04:06,298 - INFO - Screenshot eliminado: C2_06_item_con_garantias_procesadas_03.png
2025-12-02 14:04:06,303 - INFO - Screenshot eliminado: C2_12_antes_enlazar_cliente.png
2025-12-02 14:04:06,307 - INFO - Screenshot eliminado: C2_13_formulario_cliente.png
2025-12-02 14:04:06,312 - INFO - Screenshot eliminado: C2_14_cliente_ingresado.png
2025-12-02 14:04:06,315 - INFO - Screenshot eliminado: C2_15_primer_next.png
2025-12-02 14:04:06,319 - INFO - Screenshot eliminado: C2_16_segundo_next.png
2025-12-02 14:04:06,335 - INFO - Screenshot eliminado: C2_17_antes_entrega_cliente.png
2025-12-02 14:04:06,340 - INFO - Screenshot eliminado: C2_18_menu_transaction_options.png
2025-12-02 14:04:06,353 - INFO - Screenshot eliminado: C2_19_formulario_entrega.png
2025-12-02 14:04:06,357 - INFO - Screenshot eliminado: C2_17_antes_finalizar.png
2025-12-02 14:04:06,365 - INFO - Screenshot eliminado: C2_18_antes_finalizar.png
2025-12-02 14:04:06,370 - INFO - Screenshot eliminado: C2_21_print_completado.png
2025-12-02 14:04:06,372 - INFO - 22 screenshots eliminados para esta cotización
2025-12-02 14:04:06,373 - INFO - Cotización 2 completada: 1160920825000X
2025-12-02 14:04:08,373 - INFO - 
🔄 PROCESANDO COTIZACIÓN 3/13: 3
2025-12-02 14:04:08,375 - INFO - === PASO 4: INICIAR ORDEN DE COMPRA ===
2025-12-02 14:04:08,375 - INFO - Buscando botón 'Comience una Orden de Compra'...
2025-12-02 14:04:08,525 - INFO - Screenshot capturado: C3_02_dashboard.png
2025-12-02 14:04:08,526 - INFO - Intentando selector 1: /html/body/div[2]/div[4]/div/div/div[1]/a[1]/input
2025-12-02 14:04:08,527 - INFO - Esperando que botón orden selector 1 sea visible (timeout: 300s, se reinicia con progreso)...
2025-12-02 14:04:13,733 - INFO - PROGRESO: botón orden selector 1 visible - REINICIANDO timeout
2025-12-02 14:04:13,778 - INFO - OK - botón orden selector 1 listo después de 0.0s
2025-12-02 14:04:14,334 - INFO - Click exitoso en botón orden selector 1
2025-12-02 14:04:15,529 - INFO - Screenshot capturado: C3_04_formulario_orden.png
2025-12-02 14:04:15,530 - INFO - Click realizado en botón orden
2025-12-02 14:04:15,530 - INFO - Preparando nueva cotización...
2025-12-02 14:04:20,544 - INFO - ✓ Storage del navegador limpiado
2025-12-02 14:04:20,551 - INFO - ✓ Página estabilizada para nueva cotización
2025-12-02 14:04:20,552 - INFO - ✓ Sistema listo para siguiente cotización automática
2025-12-02 14:04:21,553 - INFO - Configuración - Garantías: SI, Descuento: NO, Créditos: NO, Entrega: SI, Tipo Entrega: cliente llevará
2025-12-02 14:04:21,554 - INFO - === PASO 5: EXTRAER NÚMERO COTIZACIÓN ===
2025-12-02 14:04:21,554 - INFO - === EXTRAYENDO NÚMERO DE COTIZACIÓN INICIAL ===
2025-12-02 14:04:23,599 - INFO - Número encontrado con selector: li.quotationNumberTitle p:last-child
2025-12-02 14:04:23,599 - INFO - Número de cotización: 11609208250011
2025-12-02 14:04:23,600 - INFO - Número base extraído: 11609208250011
2025-12-02 14:04:23,600 - INFO - Número único generado: 11609208250011_3600
2025-12-02 14:04:23,600 - INFO - === PASO 6: AGREGAR ITEMS ===
2025-12-02 14:04:23,600 - INFO - --- ITEM 1/3 ---
2025-12-02 14:04:23,601 - INFO - === MÓDULO 3: AGREGAR ITEM 1 ===
2025-12-02 14:04:23,601 - INFO - Código: 442943300005, Cantidad: 1
2025-12-02 14:04:23,602 - INFO - Esperando que campo búsqueda item 1 sea visible (timeout: 300s, se reinicia con progreso)...
2025-12-02 14:04:23,621 - INFO - PROGRESO: campo búsqueda item 1 visible - REINICIANDO timeout
2025-12-02 14:04:23,639 - INFO - OK - campo búsqueda item 1 listo después de 0.0s
2025-12-02 14:04:23,710 - INFO - Código 442943300005 ingresado en campo búsqueda
2025-12-02 14:04:23,744 - INFO - Enter enviado para búsqueda
2025-12-02 14:04:27,688 - INFO - Mensaje informativo (ignorado): Error
close
ERROR TO OBTAIN THE PARAMATER: permitirNoInventariadosSeguros...
2025-12-02 14:04:27,690 - INFO - Item 442943300005 procesado correctamente
2025-12-02 14:04:27,691 - INFO - === MÓDULO 4: GARANTÍAS ITEM 1 ===
2025-12-02 14:04:27,693 - INFO - Garantía: AGREGAR
2025-12-02 14:04:28,792 - INFO - Screenshot capturado: C3_07_pantalla_garantias_01.png
2025-12-02 14:04:34,856 - INFO - Botón Add encontrado: //button[contains(@class, 'btn-success') and contains(text(), 'Add')]
2025-12-02 14:04:34,897 - INFO - Click en Añadir garantía
2025-12-02 14:04:36,922 - INFO - Encontradas 6 opciones de garantía
2025-12-02 14:04:37,013 - INFO - Garantía seleccionada - precio: $337.25
2025-12-02 14:04:38,041 - INFO - Clic en botón final para garantía con precio
2025-12-02 14:04:39,132 - INFO - Screenshot capturado: C3_08_garantia_procesada_01.png
2025-12-02 14:04:40,209 - INFO - Screenshot capturado: C3_06_item_con_garantias_procesadas_01.png
2025-12-02 14:04:40,211 - INFO - Garantías procesadas para item 1
2025-12-02 14:04:40,213 - INFO - --- ITEM 2/3 ---
2025-12-02 14:04:40,213 - INFO - === MÓDULO 3: AGREGAR ITEM 2 ===
2025-12-02 14:04:40,214 - INFO - Código: 455740400014, Cantidad: 1
2025-12-02 14:04:40,215 - INFO - Esperando que campo búsqueda item 2 sea visible (timeout: 300s, se reinicia con progreso)...
2025-12-02 14:04:40,254 - INFO - PROGRESO: campo búsqueda item 2 visible - REINICIANDO timeout
2025-12-02 14:04:40,288 - INFO - OK - campo búsqueda item 2 listo después de 0.0s
2025-12-02 14:04:40,427 - INFO - Código 455740400014 ingresado en campo búsqueda
2025-12-02 14:04:40,457 - INFO - Enter enviado para búsqueda
2025-12-02 14:04:46,842 - INFO - Mensaje informativo (ignorado): Error
close
ERROR TO OBTAIN THE PARAMATER: permitirNoInventariadosSeguros...
2025-12-02 14:04:46,842 - INFO - Item 455740400014 procesado correctamente
2025-12-02 14:04:46,843 - INFO - === MÓDULO 4: GARANTÍAS ITEM 2 ===
2025-12-02 14:04:46,844 - INFO - Garantía: AGREGAR
2025-12-02 14:04:47,931 - INFO - Screenshot capturado: C3_07_pantalla_garantias_02.png
2025-12-02 14:04:53,983 - INFO - Botón Add encontrado: //button[contains(@class, 'btn-success') and contains(text(), 'Add')]
2025-12-02 14:04:54,003 - INFO - Click en Añadir garantía
2025-12-02 14:04:56,027 - INFO - Encontradas 6 opciones de garantía
2025-12-02 14:04:56,116 - INFO - Garantía seleccionada - precio: $142.25
2025-12-02 14:04:57,145 - INFO - Clic en botón final para garantía con precio
2025-12-02 14:04:58,225 - INFO - Screenshot capturado: C3_08_garantia_procesada_02.png
2025-12-02 14:04:59,307 - INFO - Screenshot capturado: C3_06_item_con_garantias_procesadas_02.png
2025-12-02 14:04:59,308 - INFO - Garantías procesadas para item 2
2025-12-02 14:04:59,308 - INFO - --- ITEM 3/3 ---
2025-12-02 14:04:59,309 - INFO - === MÓDULO 3: AGREGAR ITEM 3 ===
2025-12-02 14:04:59,310 - INFO - Código: 458484100011, Cantidad: 1
2025-12-02 14:04:59,311 - INFO - Esperando que campo búsqueda item 3 sea visible (timeout: 300s, se reinicia con progreso)...
2025-12-02 14:04:59,340 - INFO - PROGRESO: campo búsqueda item 3 visible - REINICIANDO timeout
2025-12-02 14:04:59,378 - INFO - OK - campo búsqueda item 3 listo después de 0.0s
2025-12-02 14:04:59,487 - INFO - Código 458484100011 ingresado en campo búsqueda
2025-12-02 14:04:59,545 - INFO - Enter enviado para búsqueda
2025-12-02 14:05:08,213 - INFO - Mensaje informativo (ignorado): Error
close
ERROR TO OBTAIN THE PARAMATER: permitirNoInventariadosSeguros...
2025-12-02 14:05:08,215 - INFO - Item 458484100011 procesado correctamente
2025-12-02 14:05:08,216 - INFO - === MÓDULO 4: GARANTÍAS ITEM 3 ===
2025-12-02 14:05:08,217 - INFO - Garantía: AGREGAR
2025-12-02 14:05:09,462 - INFO - Screenshot capturado: C3_07_pantalla_garantias_03.png
2025-12-02 14:05:15,527 - INFO - Botón Add encontrado: //button[contains(@class, 'btn-success') and contains(text(), 'Add')]
2025-12-02 14:05:15,576 - INFO - Click en Añadir garantía
2025-12-02 14:05:17,619 - INFO - Encontradas 6 opciones de garantía
2025-12-02 14:05:17,746 - INFO - Garantía seleccionada - precio: $54.75
2025-12-02 14:05:18,781 - INFO - Clic en botón final para garantía con precio
2025-12-02 14:05:19,910 - INFO - Screenshot capturado: C3_08_garantia_procesada_03.png
2025-12-02 14:05:21,151 - INFO - Screenshot capturado: C3_06_item_con_garantias_procesadas_03.png
2025-12-02 14:05:21,153 - INFO - Garantías procesadas para item 3
2025-12-02 14:05:21,154 - INFO - === PASO 7: ENLAZAR CUSTOMER ===
2025-12-02 14:05:21,155 - INFO - === MÓDULO 5: ENLAZAR CUSTOMER ===
2025-12-02 14:05:21,327 - INFO - Screenshot capturado: C3_12_antes_enlazar_cliente.png
2025-12-02 14:05:26,385 - INFO - Enlace cliente encontrado: /html/body/div[2]/div[3]/div[28]/div[3]/h4/a
2025-12-02 14:05:26,428 - INFO - Click en enlace cliente
2025-12-02 14:05:29,595 - INFO - Screenshot capturado: C3_13_formulario_cliente.png
2025-12-02 14:05:30,970 - INFO - Cliente 057874256 ingresado
2025-12-02 14:05:32,129 - INFO - Screenshot capturado: C3_14_cliente_ingresado.png
2025-12-02 14:05:33,056 - INFO - Primer Next
2025-12-02 14:05:36,233 - INFO - Screenshot capturado: C3_15_primer_next.png
2025-12-02 14:05:41,521 - INFO - Segundo Next
2025-12-02 14:05:44,732 - INFO - Screenshot capturado: C3_16_segundo_next.png
2025-12-02 14:05:44,733 - INFO - Customer enlazado exitosamente
2025-12-02 14:05:44,734 - INFO - === PASO 8: CONFIGURAR ENTREGA ===
2025-12-02 14:05:44,735 - INFO - === MÓDULO 6: DESPACHO/ENTREGA ===
2025-12-02 14:05:44,736 - INFO - Despacho/Entrega: CONFIGURAR
2025-12-02 14:05:44,737 - INFO - Tipo de entrega: cliente llevará
2025-12-02 14:05:44,944 - INFO - Screenshot capturado: C3_17_antes_entrega_cliente.png
2025-12-02 14:05:44,946 - INFO - Paso 1: Buscando botón Transaction Options
2025-12-02 14:05:47,979 - INFO - ✓ Transaction Options encontrado con: transactionOptionsBtn
2025-12-02 14:05:48,000 - INFO - Click en Transaction Options exitoso
2025-12-02 14:05:51,079 - INFO - Screenshot capturado: C3_18_menu_transaction_options.png
2025-12-02 14:05:51,081 - INFO - Paso 2: Seleccionando opción de entrega
2025-12-02 14:05:51,140 - INFO - Opción de entrega seleccionada
2025-12-02 14:05:54,206 - INFO - Screenshot capturado: C3_19_formulario_entrega.png
2025-12-02 14:05:54,208 - INFO - Paso 3: Llenando datos del formulario
2025-12-02 14:05:54,562 - INFO - Nombre 1 ingresado: ELISEO AMILCAR LOPEZ + Enter
2025-12-02 14:05:55,706 - INFO - Nombre 2 ingresado: MARGARITA PORTILLO DE LOPEZ + Enter
2025-12-02 14:05:56,898 - INFO - ✓ Campo adicional (div[4]) ingresado: ELISEO LOPEZ + Enter
2025-12-02 14:05:57,899 - INFO - Paso 4: Configurando select MADRE
2025-12-02 14:05:58,210 - INFO - Select MADRE abierto
2025-12-02 14:06:00,038 - INFO - ✓ Opción MADRE seleccionada
2025-12-02 14:06:01,040 - INFO - Paso 4B: Configurando transportador (relationship)
2025-12-02 14:06:01,322 - INFO - ✓ Select TRANSPORTADOR abierto con: /html/body/div[2]/form/div[1]/div/div[2]/div[6]/span[2]/span/a
2025-12-02 14:06:02,683 - INFO - ✓ Opción TRANSPORTADOR seleccionada
2025-12-02 14:06:03,684 - INFO - Paso 5: Configurando tipo de entrega: cliente llevará
2025-12-02 14:06:03,961 - INFO - ✓ Select TIPO ENTREGA abierto
2025-12-02 14:06:05,244 - INFO - ✓ Tipo entrega seleccionado: Cliente llevará (Cliente Recoge)
2025-12-02 14:06:07,245 - INFO - Paso 6: Configurando lugar de salida (Bodega Nejapa)
2025-12-02 14:06:07,336 - INFO - ✓ Texto escrito: BODEGA 94 NEJAPA
2025-12-02 14:06:09,633 - INFO - ✓ Opción clickeada del dropdown: BODEGA 94 NEJAPA
2025-12-02 14:06:14,652 - INFO - ℹ️ No se requiere OK para lugar de salida
2025-12-02 14:06:16,654 - INFO - Paso 7: Configurando transporte (11094 - BODEGA 94 NEJAPA)
2025-12-02 14:06:18,687 - INFO - ✓ Caja de texto del transporte encontrada
2025-12-02 14:06:19,499 - INFO - ✓ Texto escrito: BODEGA 94 NEJAPA
2025-12-02 14:06:20,500 - INFO - -Buscando opción '11094 - BODEGA 94 NEJAPA' en dropdown...
2025-12-02 14:06:20,501 - INFO - Intentando con selector: //li[@class='ui-menu-item']//a[contains(text(), '11094 - BODEGA 94 NEJAPA')]
2025-12-02 14:06:21,602 - INFO - Intentando con selector: //li[@role='menuitem']//a[contains(text(), '11094 - BODEGA 94 NEJAPA')]
2025-12-02 14:06:22,714 - INFO - Intentando con selector: //li[contains(@class, 'ui-menu-item')]//a[contains(text(), 'BODEGA 94 NEJAPA')]
2025-12-02 14:06:23,819 - INFO - Intentando con selector: //ul[contains(@class, 'ui-autocomplete')]//a[contains(text(), '11094')]
2025-12-02 14:06:24,891 - INFO - Intentando con selector: //a[@class='ui-corner-all'][contains(text(), '11094 - BODEGA 94 NEJAPA')]
2025-12-02 14:06:25,954 - INFO - Intentando con selector: /html/body/ul[4]/li/a
2025-12-02 14:06:27,027 - INFO - 🔄 Fallback: Usando flecha abajo + Enter...
2025-12-02 14:06:27,584 - INFO - ✓ Flecha abajo + Enter ejecutado
2025-12-02 14:06:28,618 - INFO - 🔍 Verificación final: Input='11094 - BODEGA 94 NEJAPA', Select='11094'
2025-12-02 14:06:28,619 - INFO - ✅ TRANSPORTE CONFIGURADO EXITOSAMENTE
2025-12-02 14:06:31,620 - INFO - Paso 8: Agregando instrucciones
2025-12-02 14:06:36,631 - WARNING - Error agregando instrucciones: Message: Unable to locate element: //*[@id='instructions']; For documentation on this error, please visit: https://www.selenium.dev/documentation/webdriver/troubleshooting/errors#nosuchelementexception
Stacktrace:
RemoteError@chrome://remote/content/shared/RemoteError.sys.mjs:8:8
WebDriverError@chrome://remote/content/shared/webdriver/Errors.sys.mjs:187:5
NoSuchElementError@chrome://remote/content/shared/webdriver/Errors.sys.mjs:505:5
element.find/</<@chrome://remote/content/marionette/element.sys.mjs:135:16

2025-12-02 14:06:36,632 - INFO - Paso 9: Enviando formulario de entrega
2025-12-02 14:06:41,644 - WARNING - Error enviando formulario: Message: Unable to locate element: /html/body/div[2]/form/div[2]/button; For documentation on this error, please visit: https://www.selenium.dev/documentation/webdriver/troubleshooting/errors#nosuchelementexception
Stacktrace:
RemoteError@chrome://remote/content/shared/RemoteError.sys.mjs:8:8
WebDriverError@chrome://remote/content/shared/webdriver/Errors.sys.mjs:187:5
NoSuchElementError@chrome://remote/content/shared/webdriver/Errors.sys.mjs:505:5
element.find/</<@chrome://remote/content/marionette/element.sys.mjs:135:16

2025-12-02 14:06:41,644 - WARNING - ⚠️ Error en despacho, continuando...
2025-12-02 14:06:41,645 - INFO - === PASO 9: DESCUENTO EMPLEADO ===
2025-12-02 14:06:41,646 - INFO - Modulo_7_aplicar_credito: DESHABILITADO
2025-12-02 14:06:41,646 - INFO - === PASO 10: CRÉDITOS ===
2025-12-02 14:06:41,647 - INFO - Modulo_8_aplicar_descuento_empleado: DESHABILITADO
2025-12-02 14:06:41,647 - INFO - === PASO 11: FINALIZAR COTIZACIÓN ===
2025-12-02 14:06:41,648 - INFO - === FINALIZANDO COTIZACIÓN ===
2025-12-02 14:06:41,726 - INFO - Screenshot capturado: C3_17_antes_finalizar.png
2025-12-02 14:06:43,728 - INFO - PASO 1: Click en botón finalizar
2025-12-02 14:06:46,762 - INFO - ✓ Botón finalizar encontrado con: /html/body/div[2]/div[4]/div/div/div[3]/form[1]/button
2025-12-02 14:06:46,828 - INFO - Screenshot capturado: C3_18_antes_finalizar.png
2025-12-02 14:06:46,829 - INFO - 🔧 Preservando datos de sesión...
2025-12-02 14:06:46,844 - INFO - 📝 Sesión preservada - OrderID: undefined, SessionData: 
2025-12-02 14:06:46,867 - INFO - ✓ Click en botón finalizar exitoso
2025-12-02 14:06:49,883 - INFO - 🖨️ Elementos printer encontrados: 10
2025-12-02 14:06:49,933 - INFO -   Elemento 1: tag=form, id=printForm, class=
2025-12-02 14:06:49,968 - INFO -   Elemento 2: tag=div, id=, class=printingBox
2025-12-02 14:06:50,008 - INFO -   Elemento 3: tag=input, id=printerGroup, class=printerRadioButton btnFloatRight
2025-12-02 14:06:50,047 - INFO -   Elemento 4: tag=input, id=printerName0, class=
2025-12-02 14:06:50,086 - INFO -   Elemento 5: tag=input, id=printerLocation0, class=
2025-12-02 14:06:50,106 - INFO - 📋 Modales encontrados: 231
2025-12-02 14:06:50,150 - INFO -   Modal 1: tag=div, id=itemInquiryDialog, visible=False
2025-12-02 14:06:50,185 - INFO -   Modal 2: tag=div, id=, visible=False
2025-12-02 14:06:50,219 - INFO -   Modal 3: tag=div, id=, visible=False
2025-12-02 14:06:50,229 - INFO - 📝 Formularios encontrados: 60
2025-12-02 14:06:50,230 - INFO - 🔍 MONITOREANDO ESTADO POST-SAVE...
2025-12-02 14:06:51,238 - INFO - 📍 Segundo 1: URL = http://ursvtols8b3c:8080/engage-unicomer-web/saleOrder/saveAndPrint
2025-12-02 14:06:51,244 - INFO - 📄 Segundo 1: Título = Grupo Unicomer
2025-12-02 14:06:53,023 - INFO - 🔘 Segundo 1: Botones visibles = ['Search', 'Item Inquiry', 'Transaction Options', 'Save & Print', 'Save']
2025-12-02 14:06:53,043 - INFO - 🖨️ Segundo 1: Printer Group encontrado! Visible=True
2025-12-02 14:06:53,044 - INFO - ✅ PRINTER GROUP DISPONIBLE - Procediendo a hacer click...
2025-12-02 14:06:53,293 - INFO - ✓ Default Printer seleccionado: //*[@id='printerGroup']
2025-12-02 14:06:54,326 - INFO - 🖨️ Botón print encontrado: //button[@id='defaultSubmitPrintButton']
2025-12-02 14:06:54,348 - INFO - ✅ CLICK EN BOTÓN IMPRIMIR EXITOSO
2025-12-02 14:06:59,634 - INFO - ℹ️ No se requiere confirmación adicional
2025-12-02 14:06:59,749 - INFO - Screenshot capturado: C3_21_print_completado.png
2025-12-02 14:06:59,750 - INFO - ✅ Finalización exitosa
2025-12-02 14:06:59,750 - INFO - === PASO 12: GENERAR REPORTE INDIVIDUAL ===
2025-12-02 14:06:59,751 - INFO - Generando reporte para cotización 3 con número 11609208250011
2025-12-02 14:06:59,751 - INFO - Screenshots disponibles: 22
2025-12-02 14:06:59,752 - INFO - 🔄 Generando reporte para cotización 3: 11609208250011
2025-12-02 14:06:59,979 - INFO - Excel actualizado - Cotización 3: 11609208250011
2025-12-02 14:07:00,707 - INFO - Reporte ejecutivo generado: Reporte_cotizacion_11609208250011.docx
2025-12-02 14:07:00,709 - INFO - Archivo verificado: 1984316 bytes
2025-12-02 14:07:00,709 - INFO - Reporte Word generado exitosamente para cotización 3
2025-12-02 14:07:00,710 - INFO - Iniciando limpieza de screenshots después de generar reporte
2025-12-02 14:07:00,713 - INFO - Screenshot eliminado: C3_02_dashboard.png
2025-12-02 14:07:00,717 - INFO - Screenshot eliminado: C3_04_formulario_orden.png
2025-12-02 14:07:00,722 - INFO - Screenshot eliminado: C3_07_pantalla_garantias_01.png
2025-12-02 14:07:00,725 - INFO - Screenshot eliminado: C3_08_garantia_procesada_01.png
2025-12-02 14:07:00,728 - INFO - Screenshot eliminado: C3_06_item_con_garantias_procesadas_01.png
2025-12-02 14:07:00,731 - INFO - Screenshot eliminado: C3_07_pantalla_garantias_02.png
2025-12-02 14:07:00,734 - INFO - Screenshot eliminado: C3_08_garantia_procesada_02.png
2025-12-02 14:07:00,737 - INFO - Screenshot eliminado: C3_06_item_con_garantias_procesadas_02.png
2025-12-02 14:07:00,740 - INFO - Screenshot eliminado: C3_07_pantalla_garantias_03.png
2025-12-02 14:07:00,743 - INFO - Screenshot eliminado: C3_08_garantia_procesada_03.png
2025-12-02 14:07:00,749 - INFO - Screenshot eliminado: C3_06_item_con_garantias_procesadas_03.png
2025-12-02 14:07:00,751 - INFO - Screenshot eliminado: C3_12_antes_enlazar_cliente.png
2025-12-02 14:07:00,755 - INFO - Screenshot eliminado: C3_13_formulario_cliente.png
2025-12-02 14:07:00,758 - INFO - Screenshot eliminado: C3_14_cliente_ingresado.png
2025-12-02 14:07:00,761 - INFO - Screenshot eliminado: C3_15_primer_next.png
2025-12-02 14:07:00,766 - INFO - Screenshot eliminado: C3_16_segundo_next.png
2025-12-02 14:07:00,770 - INFO - Screenshot eliminado: C3_17_antes_entrega_cliente.png
2025-12-02 14:07:00,772 - INFO - Screenshot eliminado: C3_18_menu_transaction_options.png
2025-12-02 14:07:00,775 - INFO - Screenshot eliminado: C3_19_formulario_entrega.png
2025-12-02 14:07:00,778 - INFO - Screenshot eliminado: C3_17_antes_finalizar.png
2025-12-02 14:07:00,784 - INFO - Screenshot eliminado: C3_18_antes_finalizar.png
2025-12-02 14:07:00,788 - INFO - Screenshot eliminado: C3_21_print_completado.png
2025-12-02 14:07:00,789 - INFO - 22 screenshots eliminados para esta cotización
2025-12-02 14:07:00,790 - INFO - Cotización 3 completada: 11609208250011
2025-12-02 14:07:02,792 - INFO - 
🔄 PROCESANDO COTIZACIÓN 4/13: 4
2025-12-02 14:07:02,793 - INFO - === PASO 4: INICIAR ORDEN DE COMPRA ===
2025-12-02 14:07:02,794 - INFO - Buscando botón 'Comience una Orden de Compra'...
2025-12-02 14:07:03,010 - INFO - Screenshot capturado: C4_02_dashboard.png
2025-12-02 14:07:03,011 - INFO - Intentando selector 1: /html/body/div[2]/div[4]/div/div/div[1]/a[1]/input
2025-12-02 14:07:03,011 - INFO - Esperando que botón orden selector 1 sea visible (timeout: 300s, se reinicia con progreso)...
2025-12-02 14:07:08,545 - INFO - Esperando botón orden selector 1... Sin progreso: 0s, Total: 0s, Queda: 300s
2025-12-02 14:07:18,250 - INFO - PROGRESO: botón orden selector 1 existe - REINICIANDO timeout
2025-12-02 14:07:18,306 - INFO - PROGRESO: botón orden selector 1 visible - REINICIANDO timeout
2025-12-02 14:07:18,386 - INFO - OK - botón orden selector 1 listo después de 11.1s
2025-12-02 14:07:18,964 - INFO - Click exitoso en botón orden selector 1
2025-12-02 14:07:20,293 - INFO - Screenshot capturado: C4_04_formulario_orden.png
2025-12-02 14:07:20,294 - INFO - Click realizado en botón orden
2025-12-02 14:07:20,294 - INFO - Preparando nueva cotización...
2025-12-02 14:07:25,312 - INFO - ✓ Storage del navegador limpiado
2025-12-02 14:07:25,318 - INFO - ✓ Página estabilizada para nueva cotización
2025-12-02 14:07:25,319 - INFO - ✓ Sistema listo para siguiente cotización automática
2025-12-02 14:07:26,321 - INFO - Configuración - Garantías: SI, Descuento: NO, Créditos: NO, Entrega: SI, Tipo Entrega: cliente llevará
2025-12-02 14:07:26,322 - INFO - === PASO 5: EXTRAER NÚMERO COTIZACIÓN ===
2025-12-02 14:07:26,324 - INFO - === EXTRAYENDO NÚMERO DE COTIZACIÓN INICIAL ===
2025-12-02 14:07:28,374 - INFO - Número encontrado con selector: li.quotationNumberTitle p:last-child
2025-12-02 14:07:28,374 - INFO - Número de cotización: 11609208250015
2025-12-02 14:07:28,375 - INFO - Número base extraído: 11609208250015
2025-12-02 14:07:28,375 - INFO - Número único generado: 11609208250015_8375
2025-12-02 14:07:28,376 - INFO - === PASO 6: AGREGAR ITEMS ===
2025-12-02 14:07:28,376 - INFO - --- ITEM 1/3 ---
2025-12-02 14:07:28,376 - INFO - === MÓDULO 3: AGREGAR ITEM 1 ===
2025-12-02 14:07:28,377 - INFO - Código: 461772000016, Cantidad: 1
2025-12-02 14:07:28,377 - INFO - Esperando que campo búsqueda item 1 sea visible (timeout: 300s, se reinicia con progreso)...
2025-12-02 14:07:28,406 - INFO - PROGRESO: campo búsqueda item 1 visible - REINICIANDO timeout
2025-12-02 14:07:28,436 - INFO - OK - campo búsqueda item 1 listo después de 0.0s
2025-12-02 14:07:28,487 - INFO - Código 461772000016 ingresado en campo búsqueda
2025-12-02 14:07:28,552 - INFO - Enter enviado para búsqueda
2025-12-02 14:07:31,585 - INFO - Item 461772000016 procesado correctamente
2025-12-02 14:07:31,586 - INFO - === MÓDULO 4: GARANTÍAS ITEM 1 ===
2025-12-02 14:07:31,587 - INFO - Garantía: AGREGAR
2025-12-02 14:07:32,776 - INFO - Screenshot capturado: C4_07_pantalla_garantias_01.png
2025-12-02 14:07:38,843 - INFO - Botón Add encontrado: //button[contains(@class, 'btn-success') and contains(text(), 'Add')]
2025-12-02 14:07:38,882 - INFO - Click en Añadir garantía
2025-12-02 14:07:41,329 - INFO - Encontradas 7 opciones de garantía
2025-12-02 14:07:41,357 - INFO - Precio $0.00 encontrado - buscando botón Void
2025-12-02 14:07:41,439 - INFO - Clic en botón Void para garantía $0.00
2025-12-02 14:07:41,594 - INFO - Screenshot capturado: C4_08_garantia_void_01.png
2025-12-02 14:07:42,755 - INFO - Screenshot capturado: C4_06_item_con_garantias_procesadas_01.png
2025-12-02 14:07:42,756 - INFO - Garantías procesadas para item 1
2025-12-02 14:07:42,757 - INFO - --- ITEM 2/3 ---
2025-12-02 14:07:42,758 - INFO - === MÓDULO 3: AGREGAR ITEM 2 ===
2025-12-02 14:07:42,758 - INFO - Código: 450879300006, Cantidad: 1
2025-12-02 14:07:42,759 - INFO - Esperando que campo búsqueda item 2 sea visible (timeout: 300s, se reinicia con progreso)...
2025-12-02 14:07:42,943 - INFO - PROGRESO: campo búsqueda item 2 visible - REINICIANDO timeout
2025-12-02 14:07:43,022 - INFO - OK - campo búsqueda item 2 listo después de 0.0s
2025-12-02 14:07:43,156 - INFO - Código 450879300006 ingresado en campo búsqueda
2025-12-02 14:07:43,189 - INFO - Enter enviado para búsqueda
2025-12-02 14:07:47,368 - INFO - Mensaje informativo (ignorado): Error
close
ERROR TO OBTAIN THE PARAMATER: permitirNoInventariadosSeguros...
2025-12-02 14:07:47,369 - INFO - Item 450879300006 procesado correctamente
2025-12-02 14:07:47,370 - INFO - === MÓDULO 4: GARANTÍAS ITEM 2 ===
2025-12-02 14:07:47,370 - INFO - Garantía: AGREGAR
2025-12-02 14:07:48,562 - INFO - Screenshot capturado: C4_07_pantalla_garantias_02.png
2025-12-02 14:07:54,633 - INFO - Botón Add encontrado: //button[contains(@class, 'btn-success') and contains(text(), 'Add')]
2025-12-02 14:07:54,669 - INFO - Click en Añadir garantía
2025-12-02 14:07:57,012 - INFO - Encontradas 6 opciones de garantía
2025-12-02 14:07:57,160 - INFO - Garantía seleccionada - precio: $77.97
2025-12-02 14:07:58,497 - INFO - Clic en botón final para garantía con precio
2025-12-02 14:07:59,695 - INFO - Screenshot capturado: C4_08_garantia_procesada_02.png
2025-12-02 14:08:00,881 - INFO - Screenshot capturado: C4_06_item_con_garantias_procesadas_02.png
2025-12-02 14:08:00,882 - INFO - Garantías procesadas para item 2
2025-12-02 14:08:00,883 - INFO - --- ITEM 3/3 ---
2025-12-02 14:08:00,884 - INFO - === MÓDULO 3: AGREGAR ITEM 3 ===
2025-12-02 14:08:00,886 - INFO - Código: 462708100008, Cantidad: 1
2025-12-02 14:08:00,887 - INFO - Esperando que campo búsqueda item 3 sea visible (timeout: 300s, se reinicia con progreso)...
2025-12-02 14:08:00,935 - INFO - PROGRESO: campo búsqueda item 3 visible - REINICIANDO timeout
2025-12-02 14:08:00,983 - INFO - OK - campo búsqueda item 3 listo después de 0.0s
2025-12-02 14:08:01,074 - INFO - Código 462708100008 ingresado en campo búsqueda
2025-12-02 14:08:01,127 - INFO - Enter enviado para búsqueda
2025-12-02 14:08:07,557 - INFO - Mensaje informativo (ignorado): Error
close
ERROR TO OBTAIN THE PARAMATER: permitirNoInventariadosSeguros...
2025-12-02 14:08:07,558 - INFO - Item 462708100008 procesado correctamente
2025-12-02 14:08:07,559 - INFO - === MÓDULO 4: GARANTÍAS ITEM 3 ===
2025-12-02 14:08:07,560 - INFO - Garantía: AGREGAR
2025-12-02 14:08:08,762 - INFO - Screenshot capturado: C4_07_pantalla_garantias_03.png
2025-12-02 14:08:29,911 - INFO - No se detectó pantalla de garantías - continuando sin agregar
2025-12-02 14:08:29,912 - INFO - === PASO 7: ENLAZAR CUSTOMER ===
2025-12-02 14:08:29,912 - INFO - === MÓDULO 5: ENLAZAR CUSTOMER ===
2025-12-02 14:08:30,124 - INFO - Screenshot capturado: C4_12_antes_enlazar_cliente.png
2025-12-02 14:08:35,175 - INFO - Enlace cliente encontrado: /html/body/div[2]/div[3]/div[28]/div[3]/h4/a
2025-12-02 14:08:35,218 - INFO - Click en enlace cliente
2025-12-02 14:08:38,461 - INFO - Screenshot capturado: C4_13_formulario_cliente.png
2025-12-02 14:09:13,592 - ERROR - No se encontró campo de cliente
2025-12-02 14:09:13,593 - ERROR -  Error enlazando customer
2025-12-02 14:09:13,594 - INFO - 
🔄 PROCESANDO COTIZACIÓN 5/13: 5
2025-12-02 14:09:13,596 - INFO - === PASO 4: INICIAR ORDEN DE COMPRA ===
2025-12-02 14:09:13,596 - INFO - Buscando botón 'Comience una Orden de Compra'...
2025-12-02 14:09:13,783 - INFO - Screenshot capturado: C5_02_dashboard.png
2025-12-02 14:09:13,784 - INFO - Intentando selector 1: /html/body/div[2]/div[4]/div/div/div[1]/a[1]/input
2025-12-02 14:09:13,786 - INFO - Esperando que botón orden selector 1 sea visible (timeout: 300s, se reinicia con progreso)...
2025-12-02 14:09:19,308 - INFO - Esperando botón orden selector 1... Sin progreso: 0s, Total: 0s, Queda: 300s
2025-12-02 14:10:20,024 - INFO - Esperando botón orden selector 1... Sin progreso: 61s, Total: 61s, Queda: 239s
2025-12-02 14:12:04,887 - INFO - Esperando botón orden selector 1... Sin progreso: 166s, Total: 166s, Queda: 134s
2025-12-02 14:14:19,242 - WARNING - Sin progreso en botón orden selector 1 por 300s - QUITANDO elemento y continuando
2025-12-02 14:14:19,242 - INFO - Total transcurrido: 305.5s
2025-12-02 14:14:19,243 - WARNING - QUITANDO: botón orden selector 1 - Sin progreso por 300s, continuando sin él
2025-12-02 14:14:19,246 - INFO - Selector 1 quitado por falta de progreso, probando siguiente...
2025-12-02 14:14:19,249 - ERROR - Ningún selector de botón orden funcionó - todos fueron quitados por timeout
2025-12-02 14:14:19,250 - WARNING - No se pudo iniciar orden de compra para cotización 5 - continuando con siguiente
2025-12-02 14:14:19,250 - INFO - 
🔄 PROCESANDO COTIZACIÓN 6/13: 6
2025-12-02 14:14:19,251 - INFO - === PASO 4: INICIAR ORDEN DE COMPRA ===
2025-12-02 14:14:19,251 - INFO - Buscando botón 'Comience una Orden de Compra'...
2025-12-02 14:14:19,414 - INFO - Screenshot capturado: C6_02_dashboard.png
2025-12-02 14:14:19,414 - INFO - Intentando selector 1: /html/body/div[2]/div[4]/div/div/div[1]/a[1]/input
2025-12-02 14:14:19,415 - INFO - Esperando que botón orden selector 1 sea visible (timeout: 300s, se reinicia con progreso)...
2025-12-02 14:14:24,932 - INFO - Esperando botón orden selector 1... Sin progreso: 0s, Total: 0s, Queda: 300s
2025-12-02 14:14:50,886 - WARNING - ⏹️ Interrumpido por usuario
2025-12-02 14:14:50,886 - INFO - 📊 Creando reportes parciales...
2025-12-02 14:14:50,887 - INFO - === REPORTE FINAL ===
2025-12-02 14:14:50,887 - INFO - Excel ya fue actualizado individualmente por cotización
2025-12-02 14:14:50,888 - INFO - Reportes Word ya fueron generados individualmente
2025-12-02 14:14:50,897 - INFO - Reportes encontrados: 3
2025-12-02 14:14:50,897 - INFO - 📊 Excel parcial: productos_avanzado.xlsx
2025-12-02 14:14:50,897 - INFO - 📑 Word parcial: ['Reporte_cotizacion_1160920825000T.docx', 'Reporte_cotizacion_1160920825000X.docx', 'Reporte_cotizacion_11609208250011.docx']
2025-12-02 14:14:50,898 - INFO - 📋 Log completo disponible en: logs\automatizacion_20251202.log
2025-12-02 14:14:50,898 - INFO - Limpiando recursos...
2025-12-02 14:14:50,898 - INFO - Eliminando screenshots residuales...
2025-12-02 14:14:50,916 - INFO - 13 screenshots residuales eliminados
2025-12-02 14:14:52,981 - WARNING -  Error cerrando navegador
2025-12-02 14:14:52,981 - INFO - Limpieza de recursos completada
2025-12-02 14:14:52,981 - INFO - === AUTOMATIZACIÓN FINALIZADA ===
2025-12-02 14:17:17,763 - INFO - Log guardándose en: logs\automatizacion_20251202.log
2025-12-02 14:17:17,764 - INFO -  === AUTOMATIZACIÓN MODULAR INICIADA ===
2025-12-02 14:17:17,765 - INFO - Archivo: productos_avanzado.xlsx
2025-12-02 14:17:17,766 - INFO - === PASO 1: LECTURA EXCEL ===
2025-12-02 14:17:17,767 - INFO - === MÓDULO 1: LECTURA EXCEL ===
2025-12-02 14:17:17,767 - INFO - Archivo: productos_avanzado.xlsx
2025-12-02 14:17:17,884 - INFO - Columnas encontradas: ['cotizacion_id', 'codigo', 'descripcion', 'cantidad', 'con_garantia', 'descuento_empleado', 'con_creditos', 'entrega_cliente', 'COTIZACION', 'ESTADO', 'FECHA_PROCESADO', 'ARCHIVO_WORD', 'tipo_entrega']
2025-12-02 14:17:17,947 - INFO - Se encontraron 13 cotizaciones
2025-12-02 14:17:17,948 - INFO - Cotización 1: 2 productos
2025-12-02 14:17:17,949 - INFO - Cotización 2: 3 productos
2025-12-02 14:17:17,950 - INFO - Cotización 3: 3 productos
2025-12-02 14:17:17,950 - INFO - Cotización 4: 3 productos
2025-12-02 14:17:17,952 - INFO - Cotización 5: 1 productos
2025-12-02 14:17:17,952 - INFO - Cotización 6: 1 productos
2025-12-02 14:17:17,954 - INFO - Cotización 7: 1 productos
2025-12-02 14:17:17,955 - INFO - Cotización 8: 1 productos
2025-12-02 14:17:17,956 - INFO - Cotización 9: 1 productos
2025-12-02 14:17:17,961 - INFO - Cotización 10: 3 productos
2025-12-02 14:17:17,965 - INFO - Cotización 11: 1 productos
2025-12-02 14:17:17,966 - INFO - Cotización 12: 4 productos
2025-12-02 14:17:17,967 - INFO - Cotización 13: 6 productos
2025-12-02 14:17:17,969 - INFO - === PASO 2: INICIALIZAR NAVEGADOR ===
2025-12-02 14:17:30,285 - INFO - Navegador Firefox inicializado con configuración limpia
2025-12-02 14:17:30,286 - INFO - === PASO 3: INICIAR SESIÓN ===
2025-12-02 14:17:30,287 - INFO - === MÓDULO 2: INICIO SESIÓN ===
2025-12-02 14:17:36,186 - INFO - Accediendo a: http://ursvtols8b3c:8080/engage-unicomer-web/
2025-12-02 14:17:36,362 - INFO - Credenciales ingresadas
2025-12-02 14:17:40,230 - INFO - Formulario enviado
2025-12-02 14:17:42,359 - INFO - Screenshot capturado: 01_login_resultado.png
2025-12-02 14:17:42,370 - INFO - Login exitoso - URL cambió
2025-12-02 14:17:42,371 - INFO - 
🔄 PROCESANDO COTIZACIÓN 1/13: 1
2025-12-02 14:17:42,372 - INFO - === PASO 4: INICIAR ORDEN DE COMPRA ===
2025-12-02 14:17:42,373 - INFO - Buscando botón 'Comience una Orden de Compra'...
2025-12-02 14:17:42,497 - INFO - Screenshot capturado: C1_02_dashboard.png
2025-12-02 14:17:42,498 - INFO - Intentando selector 1: /html/body/div[2]/div[4]/div/div/div[1]/a[1]/input
2025-12-02 14:17:42,498 - INFO - Esperando que botón orden selector 1 sea visible (timeout: 300s, se reinicia con progreso)...
2025-12-02 14:17:42,649 - INFO - PROGRESO: botón orden selector 1 visible - REINICIANDO timeout
2025-12-02 14:17:42,673 - INFO - OK - botón orden selector 1 listo después de 0.0s
2025-12-02 14:17:43,218 - INFO - Click exitoso en botón orden selector 1
2025-12-02 14:17:44,342 - INFO - Screenshot capturado: C1_04_formulario_orden.png
2025-12-02 14:17:44,342 - INFO - Click realizado en botón orden
2025-12-02 14:17:44,343 - INFO - Configuración - Garantías: SI, Descuento: NO, Créditos: NO, Entrega: SI, Tipo Entrega: cliente llevará
2025-12-02 14:17:44,343 - INFO - === PASO 5: EXTRAER NÚMERO COTIZACIÓN ===
2025-12-02 14:17:44,344 - INFO - === EXTRAYENDO NÚMERO DE COTIZACIÓN INICIAL ===
2025-12-02 14:17:46,407 - INFO - Número encontrado con selector: li.quotationNumberTitle p:last-child
2025-12-02 14:17:46,407 - INFO - Número de cotización: 11609209250009
2025-12-02 14:17:46,408 - INFO - Número base extraído: 11609209250009
2025-12-02 14:17:46,409 - INFO - Número único generado: 11609209250009_6408
2025-12-02 14:17:46,409 - INFO - === PASO 6: AGREGAR ITEMS ===
2025-12-02 14:17:46,410 - INFO - --- ITEM 1/2 ---
2025-12-02 14:17:46,411 - INFO - === MÓDULO 3: AGREGAR ITEM 1 ===
2025-12-02 14:17:46,411 - INFO - Código: 461431200016, Cantidad: 1
2025-12-02 14:17:46,412 - INFO - Esperando que campo búsqueda item 1 sea visible (timeout: 300s, se reinicia con progreso)...
2025-12-02 14:17:46,457 - INFO - PROGRESO: campo búsqueda item 1 visible - REINICIANDO timeout
2025-12-02 14:17:46,494 - INFO - OK - campo búsqueda item 1 listo después de 0.0s
2025-12-02 14:17:46,557 - INFO - Código 461431200016 ingresado en campo búsqueda
2025-12-02 14:17:46,592 - INFO - Enter enviado para búsqueda
2025-12-02 14:17:48,379 - INFO - Mensaje informativo (ignorado): Error
close
ERROR TO OBTAIN THE PARAMATER: permitirNoInventariadosSeguros...
2025-12-02 14:17:48,380 - INFO - Item 461431200016 procesado correctamente
2025-12-02 14:17:48,381 - INFO - === MÓDULO 4: GARANTÍAS ITEM 1 ===
2025-12-02 14:17:48,382 - INFO - Garantía: AGREGAR
2025-12-02 14:17:49,534 - INFO - Screenshot capturado: C1_07_pantalla_garantias_01.png
2025-12-02 14:17:55,566 - INFO - Botón Add encontrado: //button[contains(@class, 'btn-success') and contains(text(), 'Add')]
2025-12-02 14:17:55,586 - INFO - Click en Añadir garantía
2025-12-02 14:17:58,006 - INFO - Encontradas 6 opciones de garantía
2025-12-02 14:17:58,127 - INFO - Garantía seleccionada - precio: $82.25
2025-12-02 14:17:59,150 - INFO - Clic en botón final para garantía con precio
2025-12-02 14:18:00,322 - INFO - Screenshot capturado: C1_08_garantia_procesada_01.png
2025-12-02 14:18:01,485 - INFO - Screenshot capturado: C1_06_item_con_garantias_procesadas_01.png
2025-12-02 14:18:01,487 - INFO - Garantías procesadas para item 1
2025-12-02 14:18:01,488 - INFO - --- ITEM 2/2 ---
2025-12-02 14:18:01,491 - INFO - === MÓDULO 3: AGREGAR ITEM 2 ===
2025-12-02 14:18:01,491 - INFO - Código: 439766400005, Cantidad: 1
2025-12-02 14:18:01,492 - INFO - Esperando que campo búsqueda item 2 sea visible (timeout: 300s, se reinicia con progreso)...
2025-12-02 14:18:01,762 - INFO - PROGRESO: campo búsqueda item 2 visible - REINICIANDO timeout
2025-12-02 14:18:01,841 - INFO - OK - campo búsqueda item 2 listo después de 0.0s
2025-12-02 14:18:01,941 - INFO - Código 439766400005 ingresado en campo búsqueda
2025-12-02 14:18:02,192 - INFO - Enter enviado para búsqueda
2025-12-02 14:18:07,980 - INFO - Mensaje informativo (ignorado): Error
close
ERROR TO OBTAIN THE PARAMATER: permitirNoInventariadosSeguros...
2025-12-02 14:18:07,982 - INFO - Item 439766400005 procesado correctamente
2025-12-02 14:18:07,987 - INFO - === MÓDULO 4: GARANTÍAS ITEM 2 ===
2025-12-02 14:18:07,990 - INFO - Garantía: AGREGAR
2025-12-02 14:18:09,156 - INFO - Screenshot capturado: C1_07_pantalla_garantias_02.png
2025-12-02 14:18:15,280 - INFO - Botón Add encontrado: //button[contains(@class, 'btn-success') and contains(text(), 'Add')]
2025-12-02 14:18:15,345 - INFO - Click en Añadir garantía
2025-12-02 14:18:17,416 - INFO - Encontradas 6 opciones de garantía
2025-12-02 14:18:17,534 - INFO - Garantía seleccionada - precio: $212.50
2025-12-02 14:18:18,566 - INFO - Clic en botón final para garantía con precio
2025-12-02 14:18:19,730 - INFO - Screenshot capturado: C1_08_garantia_procesada_02.png
2025-12-02 14:18:20,920 - INFO - Screenshot capturado: C1_06_item_con_garantias_procesadas_02.png
2025-12-02 14:18:20,921 - INFO - Garantías procesadas para item 2
2025-12-02 14:18:20,922 - INFO - === PASO 7: ENLAZAR CUSTOMER ===
2025-12-02 14:18:20,923 - INFO - === MÓDULO 5: ENLAZAR CUSTOMER ===
2025-12-02 14:18:21,081 - INFO - Screenshot capturado: C1_12_antes_enlazar_cliente.png
2025-12-02 14:18:26,162 - INFO - Enlace cliente encontrado: /html/body/div[2]/div[3]/div[28]/div[3]/h4/a
2025-12-02 14:18:26,217 - INFO - Click en enlace cliente
2025-12-02 14:18:29,402 - INFO - Screenshot capturado: C1_13_formulario_cliente.png
2025-12-02 14:18:31,013 - INFO - Cliente 057874256 ingresado
2025-12-02 14:18:32,106 - INFO - Screenshot capturado: C1_14_cliente_ingresado.png
2025-12-02 14:18:33,800 - INFO - Primer Next
2025-12-02 14:18:36,960 - INFO - Screenshot capturado: C1_15_primer_next.png
2025-12-02 14:18:42,275 - INFO - Segundo Next
2025-12-02 14:18:45,421 - INFO - Screenshot capturado: C1_16_segundo_next.png
2025-12-02 14:18:45,422 - INFO - Customer enlazado exitosamente
2025-12-02 14:18:45,423 - INFO - === PASO 8: CONFIGURAR ENTREGA ===
2025-12-02 14:18:45,424 - INFO - === MÓDULO 6: DESPACHO/ENTREGA ===
2025-12-02 14:18:45,424 - INFO - Despacho/Entrega: CONFIGURAR
2025-12-02 14:18:45,425 - INFO - Tipo de entrega: cliente llevará
2025-12-02 14:18:45,559 - INFO - Screenshot capturado: C1_17_antes_entrega_cliente.png
2025-12-02 14:18:45,559 - INFO - Paso 1: Buscando botón Transaction Options
2025-12-02 14:18:48,592 - INFO - ✓ Transaction Options encontrado con: transactionOptionsBtn
2025-12-02 14:18:48,608 - INFO - Click en Transaction Options exitoso
2025-12-02 14:18:51,807 - INFO - Screenshot capturado: C1_18_menu_transaction_options.png
2025-12-02 14:18:51,807 - INFO - Paso 2: Seleccionando opción de entrega
2025-12-02 14:18:51,977 - INFO - Opción de entrega seleccionada
2025-12-02 14:18:55,014 - INFO - Screenshot capturado: C1_19_formulario_entrega.png
2025-12-02 14:18:55,014 - INFO - Paso 3: Llenando datos del formulario
2025-12-02 14:18:55,418 - INFO - Nombre 1 ingresado: ELISEO AMILCAR LOPEZ + Enter
2025-12-02 14:18:57,068 - INFO - Nombre 2 ingresado: MARGARITA PORTILLO DE LOPEZ + Enter
2025-12-02 14:18:58,453 - INFO - ✓ Campo adicional (div[4]) ingresado: ELISEO LOPEZ + Enter
2025-12-02 14:18:59,454 - INFO - Paso 4: Configurando select MADRE
2025-12-02 14:18:59,789 - INFO - Select MADRE abierto
2025-12-02 14:19:23,335 - INFO - ✓ Opción MADRE seleccionada
2025-12-02 14:19:24,337 - INFO - Paso 4B: Configurando transportador (relationship)
2025-12-02 14:19:26,368 - INFO - ✓ Select TRANSPORTADOR abierto con: /html/body/div[2]/form/div[1]/div/div[2]/div[6]/span[2]/span/a
2025-12-02 14:19:39,794 - INFO - ✓ Opción TRANSPORTADOR seleccionada
2025-12-02 14:19:40,795 - INFO - Paso 5: Configurando tipo de entrega: cliente llevará
2025-12-02 14:19:41,778 - INFO - ✓ Select TIPO ENTREGA abierto
2025-12-02 14:19:43,898 - INFO - ✓ Tipo entrega seleccionado: Cliente llevará (Cliente Recoge)
2025-12-02 14:19:45,899 - INFO - Paso 6: Configurando lugar de salida (Bodega Nejapa)
2025-12-02 14:19:46,993 - INFO - ✓ Texto escrito: BODEGA 94 NEJAPA
2025-12-02 14:19:49,609 - INFO - ✓ Opción clickeada del dropdown: BODEGA 94 NEJAPA
2025-12-02 14:19:54,639 - INFO - ℹ️ No se requiere OK para lugar de salida
2025-12-02 14:19:56,640 - INFO - Paso 7: Configurando transporte (11094 - BODEGA 94 NEJAPA)
2025-12-02 14:19:58,675 - INFO - ✓ Caja de texto del transporte encontrada
2025-12-02 14:19:59,641 - INFO - ✓ Texto escrito: BODEGA 94 NEJAPA
2025-12-02 14:20:00,642 - INFO - -Buscando opción '11094 - BODEGA 94 NEJAPA' en dropdown...
2025-12-02 14:20:00,643 - INFO - Intentando con selector: //li[@class='ui-menu-item']//a[contains(text(), '11094 - BODEGA 94 NEJAPA')]
2025-12-02 14:20:01,700 - INFO - Intentando con selector: //li[@role='menuitem']//a[contains(text(), '11094 - BODEGA 94 NEJAPA')]
2025-12-02 14:20:02,757 - INFO - Intentando con selector: //li[contains(@class, 'ui-menu-item')]//a[contains(text(), 'BODEGA 94 NEJAPA')]
2025-12-02 14:20:03,808 - INFO - Intentando con selector: //ul[contains(@class, 'ui-autocomplete')]//a[contains(text(), '11094')]
2025-12-02 14:20:04,859 - INFO - Intentando con selector: //a[@class='ui-corner-all'][contains(text(), '11094 - BODEGA 94 NEJAPA')]
2025-12-02 14:20:05,912 - INFO - Intentando con selector: /html/body/ul[4]/li/a
2025-12-02 14:20:06,970 - INFO - 🔄 Fallback: Usando flecha abajo + Enter...
2025-12-02 14:20:07,528 - INFO - ✓ Flecha abajo + Enter ejecutado
2025-12-02 14:20:08,555 - INFO - 🔍 Verificación final: Input='11094 - BODEGA 94 NEJAPA', Select='11094'
2025-12-02 14:20:08,556 - INFO - ✅ TRANSPORTE CONFIGURADO EXITOSAMENTE
2025-12-02 14:20:11,557 - INFO - Paso 8: Agregando instrucciones
2025-12-02 14:20:16,571 - WARNING - Error agregando instrucciones: Message: Unable to locate element: //*[@id='instructions']; For documentation on this error, please visit: https://www.selenium.dev/documentation/webdriver/troubleshooting/errors#nosuchelementexception
Stacktrace:
RemoteError@chrome://remote/content/shared/RemoteError.sys.mjs:8:8
WebDriverError@chrome://remote/content/shared/webdriver/Errors.sys.mjs:187:5
NoSuchElementError@chrome://remote/content/shared/webdriver/Errors.sys.mjs:505:5
element.find/</<@chrome://remote/content/marionette/element.sys.mjs:135:16

2025-12-02 14:20:16,571 - INFO - Paso 9: Enviando formulario de entrega
2025-12-02 14:20:21,590 - WARNING - Error enviando formulario: Message: Unable to locate element: /html/body/div[2]/form/div[2]/button; For documentation on this error, please visit: https://www.selenium.dev/documentation/webdriver/troubleshooting/errors#nosuchelementexception
Stacktrace:
RemoteError@chrome://remote/content/shared/RemoteError.sys.mjs:8:8
WebDriverError@chrome://remote/content/shared/webdriver/Errors.sys.mjs:187:5
NoSuchElementError@chrome://remote/content/shared/webdriver/Errors.sys.mjs:505:5
element.find/</<@chrome://remote/content/marionette/element.sys.mjs:135:16

2025-12-02 14:20:21,590 - WARNING - ⚠️ Error en despacho, continuando...
2025-12-02 14:20:21,591 - INFO - === PASO 9: DESCUENTO EMPLEADO ===
2025-12-02 14:20:21,591 - INFO - Modulo_7_aplicar_credito: DESHABILITADO
2025-12-02 14:20:21,592 - INFO - === PASO 10: CRÉDITOS ===
2025-12-02 14:20:21,592 - INFO - Modulo_8_aplicar_descuento_empleado: DESHABILITADO
2025-12-02 14:20:21,593 - INFO - === PASO 11: FINALIZAR COTIZACIÓN ===
2025-12-02 14:20:21,593 - INFO - === FINALIZANDO COTIZACIÓN ===
2025-12-02 14:20:21,687 - INFO - Screenshot capturado: C1_17_antes_finalizar.png
2025-12-02 14:20:23,687 - INFO - PASO 1: Click en botón finalizar
2025-12-02 14:20:26,724 - INFO - ✓ Botón finalizar encontrado con: /html/body/div[2]/div[4]/div/div/div[3]/form[1]/button
2025-12-02 14:20:26,784 - INFO - Screenshot capturado: C1_18_antes_finalizar.png
2025-12-02 14:20:26,785 - INFO - 🔧 Preservando datos de sesión...
2025-12-02 14:20:26,796 - INFO - 📝 Sesión preservada - OrderID: undefined, SessionData: 
2025-12-02 14:20:26,832 - INFO - ✓ Click en botón finalizar exitoso
2025-12-02 14:20:29,850 - INFO - 🖨️ Elementos printer encontrados: 10
2025-12-02 14:20:29,976 - INFO -   Elemento 1: tag=form, id=printForm, class=
2025-12-02 14:20:30,048 - INFO -   Elemento 2: tag=div, id=, class=printingBox
2025-12-02 14:20:30,125 - INFO -   Elemento 3: tag=input, id=printerGroup, class=printerRadioButton btnFloatRight
2025-12-02 14:20:30,185 - INFO -   Elemento 4: tag=input, id=printerName0, class=
2025-12-02 14:20:30,231 - INFO -   Elemento 5: tag=input, id=printerLocation0, class=
2025-12-02 14:20:30,273 - INFO - 📋 Modales encontrados: 195
2025-12-02 14:20:30,334 - INFO -   Modal 1: tag=div, id=itemInquiryDialog, visible=False
2025-12-02 14:20:30,381 - INFO -   Modal 2: tag=div, id=, visible=False
2025-12-02 14:20:30,416 - INFO -   Modal 3: tag=div, id=, visible=False
2025-12-02 14:20:30,427 - INFO - 📝 Formularios encontrados: 51
2025-12-02 14:20:30,428 - INFO - 🔍 MONITOREANDO ESTADO POST-SAVE...
2025-12-02 14:20:31,434 - INFO - 📍 Segundo 1: URL = http://ursvtols8b3c:8080/engage-unicomer-web/saleOrder/saveAndPrint
2025-12-02 14:20:31,440 - INFO - 📄 Segundo 1: Título = Grupo Unicomer
2025-12-02 14:20:33,467 - INFO - 🔘 Segundo 1: Botones visibles = ['Search', 'Item Inquiry', 'Transaction Options', 'Save & Print', 'Save']
2025-12-02 14:20:33,488 - INFO - 🖨️ Segundo 1: Printer Group encontrado! Visible=True
2025-12-02 14:20:33,488 - INFO - ✅ PRINTER GROUP DISPONIBLE - Procediendo a hacer click...
2025-12-02 14:20:33,736 - INFO - ✓ Default Printer seleccionado: //*[@id='printerGroup']
2025-12-02 14:20:34,768 - INFO - 🖨️ Botón print encontrado: //button[@id='defaultSubmitPrintButton']
2025-12-02 14:20:34,794 - INFO - ✅ CLICK EN BOTÓN IMPRIMIR EXITOSO
2025-12-02 14:20:36,859 - INFO - ✅ CONFIRMACIÓN FINAL EXITOSA
2025-12-02 14:20:36,954 - INFO - Screenshot capturado: C1_21_print_completado.png
2025-12-02 14:20:36,954 - INFO - ✅ Finalización exitosa
2025-12-02 14:20:36,955 - INFO - === PASO 12: GENERAR REPORTE INDIVIDUAL ===
2025-12-02 14:20:36,955 - INFO - Generando reporte para cotización 1 con número 11609209250009
2025-12-02 14:20:36,956 - INFO - Screenshots disponibles: 20
2025-12-02 14:20:36,956 - INFO - 🔄 Generando reporte para cotización 1: 11609209250009
2025-12-02 14:20:37,160 - INFO - Excel actualizado - Cotización 1: 11609209250009
2025-12-02 14:20:37,796 - INFO - Reporte ejecutivo generado: Reporte_cotizacion_11609209250009.docx
2025-12-02 14:20:37,797 - INFO - Archivo verificado: 1820465 bytes
2025-12-02 14:20:37,798 - INFO - Reporte Word generado exitosamente para cotización 1
2025-12-02 14:20:37,798 - INFO - Iniciando limpieza de screenshots después de generar reporte
2025-12-02 14:20:37,801 - INFO - Screenshot eliminado: 01_login_resultado.png
2025-12-02 14:20:37,803 - INFO - Screenshot eliminado: C1_02_dashboard.png
2025-12-02 14:20:37,808 - INFO - Screenshot eliminado: C1_04_formulario_orden.png
2025-12-02 14:20:37,812 - INFO - Screenshot eliminado: C1_07_pantalla_garantias_01.png
2025-12-02 14:20:37,816 - INFO - Screenshot eliminado: C1_08_garantia_procesada_01.png
2025-12-02 14:20:37,820 - INFO - Screenshot eliminado: C1_06_item_con_garantias_procesadas_01.png
2025-12-02 14:20:37,823 - INFO - Screenshot eliminado: C1_07_pantalla_garantias_02.png
2025-12-02 14:20:37,828 - INFO - Screenshot eliminado: C1_08_garantia_procesada_02.png
2025-12-02 14:20:37,832 - INFO - Screenshot eliminado: C1_06_item_con_garantias_procesadas_02.png
2025-12-02 14:20:37,834 - INFO - Screenshot eliminado: C1_12_antes_enlazar_cliente.png
2025-12-02 14:20:37,836 - INFO - Screenshot eliminado: C1_13_formulario_cliente.png
2025-12-02 14:20:37,840 - INFO - Screenshot eliminado: C1_14_cliente_ingresado.png
2025-12-02 14:20:37,843 - INFO - Screenshot eliminado: C1_15_primer_next.png
2025-12-02 14:20:37,845 - INFO - Screenshot eliminado: C1_16_segundo_next.png
2025-12-02 14:20:37,848 - INFO - Screenshot eliminado: C1_17_antes_entrega_cliente.png
2025-12-02 14:20:37,851 - INFO - Screenshot eliminado: C1_18_menu_transaction_options.png
2025-12-02 14:20:37,854 - INFO - Screenshot eliminado: C1_19_formulario_entrega.png
2025-12-02 14:20:37,858 - INFO - Screenshot eliminado: C1_17_antes_finalizar.png
2025-12-02 14:20:37,863 - INFO - Screenshot eliminado: C1_18_antes_finalizar.png
2025-12-02 14:20:37,866 - INFO - Screenshot eliminado: C1_21_print_completado.png
2025-12-02 14:20:37,866 - INFO - 20 screenshots eliminados para esta cotización
2025-12-02 14:20:37,867 - INFO - Cotización 1 completada: 11609209250009
2025-12-02 14:20:39,868 - INFO - 
🔄 PROCESANDO COTIZACIÓN 2/13: 2
2025-12-02 14:20:39,869 - INFO - === PASO 4: INICIAR ORDEN DE COMPRA ===
2025-12-02 14:20:39,869 - INFO - Buscando botón 'Comience una Orden de Compra'...
2025-12-02 14:20:40,038 - INFO - Screenshot capturado: C2_02_dashboard.png
2025-12-02 14:20:40,038 - INFO - Intentando selector 1: /html/body/div[2]/div[4]/div/div/div[1]/a[1]/input
2025-12-02 14:20:40,039 - INFO - Esperando que botón orden selector 1 sea visible (timeout: 300s, se reinicia con progreso)...
2025-12-02 14:20:41,275 - INFO - PROGRESO: botón orden selector 1 visible - REINICIANDO timeout
2025-12-02 14:20:41,392 - INFO - OK - botón orden selector 1 listo después de 0.0s
2025-12-02 14:20:42,165 - INFO - Click exitoso en botón orden selector 1
2025-12-02 14:20:43,244 - INFO - Screenshot capturado: C2_04_formulario_orden.png
2025-12-02 14:20:43,244 - INFO - Click realizado en botón orden
2025-12-02 14:20:43,245 - INFO - Preparando nueva cotización...
2025-12-02 14:20:48,267 - INFO - ✓ Storage del navegador limpiado
2025-12-02 14:20:48,271 - INFO - ✓ Página estabilizada para nueva cotización
2025-12-02 14:20:48,271 - INFO - ✓ Sistema listo para siguiente cotización automática
2025-12-02 14:20:49,272 - INFO - Configuración - Garantías: SI, Descuento: NO, Créditos: NO, Entrega: SI, Tipo Entrega: cliente llevará
2025-12-02 14:20:49,273 - INFO - === PASO 5: EXTRAER NÚMERO COTIZACIÓN ===
2025-12-02 14:20:49,274 - INFO - === EXTRAYENDO NÚMERO DE COTIZACIÓN INICIAL ===
2025-12-02 14:20:51,321 - INFO - Número encontrado con selector: li.quotationNumberTitle p:last-child
2025-12-02 14:20:51,321 - INFO - Número de cotización: 1160920925000D
2025-12-02 14:20:51,321 - INFO - Número base extraído: 1160920925000D
2025-12-02 14:20:51,322 - INFO - Número único generado: 1160920925000D_1321
2025-12-02 14:20:51,322 - INFO - === PASO 6: AGREGAR ITEMS ===
2025-12-02 14:20:51,322 - INFO - --- ITEM 1/3 ---
2025-12-02 14:20:51,323 - INFO - === MÓDULO 3: AGREGAR ITEM 1 ===
2025-12-02 14:20:51,323 - INFO - Código: 462801600016, Cantidad: 1
2025-12-02 14:20:51,323 - INFO - Esperando que campo búsqueda item 1 sea visible (timeout: 300s, se reinicia con progreso)...
2025-12-02 14:20:51,351 - INFO - PROGRESO: campo búsqueda item 1 visible - REINICIANDO timeout
2025-12-02 14:20:51,381 - INFO - OK - campo búsqueda item 1 listo después de 0.0s
2025-12-02 14:20:51,515 - INFO - Código 462801600016 ingresado en campo búsqueda
2025-12-02 14:20:51,553 - INFO - Enter enviado para búsqueda
2025-12-02 14:20:53,282 - INFO - Mensaje informativo (ignorado): Error
close
ERROR TO OBTAIN THE PARAMATER: permitirNoInventariadosSeguros...
2025-12-02 14:20:53,283 - INFO - Item 462801600016 procesado correctamente
2025-12-02 14:20:53,283 - INFO - === MÓDULO 4: GARANTÍAS ITEM 1 ===
2025-12-02 14:20:53,284 - INFO - Garantía: AGREGAR
2025-12-02 14:20:54,356 - INFO - Screenshot capturado: C2_07_pantalla_garantias_01.png
2025-12-02 14:21:00,406 - INFO - Botón Add encontrado: //button[contains(@class, 'btn-success') and contains(text(), 'Add')]
2025-12-02 14:21:00,434 - INFO - Click en Añadir garantía
2025-12-02 14:21:02,450 - INFO - Encontradas 6 opciones de garantía
2025-12-02 14:21:02,532 - INFO - Garantía seleccionada - precio: $300.00
2025-12-02 14:21:03,559 - INFO - Clic en botón final para garantía con precio
2025-12-02 14:21:04,629 - INFO - Screenshot capturado: C2_08_garantia_procesada_01.png
2025-12-02 14:21:05,703 - INFO - Screenshot capturado: C2_06_item_con_garantias_procesadas_01.png
2025-12-02 14:21:05,703 - INFO - Garantías procesadas para item 1
2025-12-02 14:21:05,704 - INFO - --- ITEM 2/3 ---
2025-12-02 14:21:05,704 - INFO - === MÓDULO 3: AGREGAR ITEM 2 ===
2025-12-02 14:21:05,705 - INFO - Código: 456497500019, Cantidad: 1
2025-12-02 14:21:05,705 - INFO - Esperando que campo búsqueda item 2 sea visible (timeout: 300s, se reinicia con progreso)...
2025-12-02 14:21:05,743 - INFO - PROGRESO: campo búsqueda item 2 visible - REINICIANDO timeout
2025-12-02 14:21:05,769 - INFO - OK - campo búsqueda item 2 listo después de 0.0s
2025-12-02 14:21:05,959 - INFO - Código 456497500019 ingresado en campo búsqueda
2025-12-02 14:21:06,009 - INFO - Enter enviado para búsqueda
2025-12-02 14:21:10,274 - INFO - Item 456497500019 procesado correctamente
2025-12-02 14:21:10,275 - INFO - === MÓDULO 4: GARANTÍAS ITEM 2 ===
2025-12-02 14:21:10,275 - INFO - Garantía: AGREGAR
2025-12-02 14:21:11,351 - INFO - Screenshot capturado: C2_07_pantalla_garantias_02.png
2025-12-02 14:21:17,422 - INFO - Botón Add encontrado: //button[contains(@class, 'btn-success') and contains(text(), 'Add')]
2025-12-02 14:21:17,475 - INFO - Click en Añadir garantía
2025-12-02 14:21:19,498 - INFO - Encontradas 6 opciones de garantía
2025-12-02 14:21:19,584 - INFO - Garantía seleccionada - precio: $41.75
2025-12-02 14:21:20,616 - INFO - Clic en botón final para garantía con precio
2025-12-02 14:21:21,708 - INFO - Screenshot capturado: C2_08_garantia_procesada_02.png
2025-12-02 14:21:22,789 - INFO - Screenshot capturado: C2_06_item_con_garantias_procesadas_02.png
2025-12-02 14:21:22,789 - INFO - Garantías procesadas para item 2
2025-12-02 14:21:22,790 - INFO - --- ITEM 3/3 ---
2025-12-02 14:21:22,791 - INFO - === MÓDULO 3: AGREGAR ITEM 3 ===
2025-12-02 14:21:22,791 - INFO - Código: 461964100012, Cantidad: 1
2025-12-02 14:21:22,792 - INFO - Esperando que campo búsqueda item 3 sea visible (timeout: 300s, se reinicia con progreso)...
2025-12-02 14:21:22,832 - INFO - PROGRESO: campo búsqueda item 3 visible - REINICIANDO timeout
2025-12-02 14:21:22,855 - INFO - OK - campo búsqueda item 3 listo después de 0.0s
2025-12-02 14:21:22,995 - INFO - Código 461964100012 ingresado en campo búsqueda
2025-12-02 14:21:23,069 - INFO - Enter enviado para búsqueda
2025-12-02 14:21:29,792 - INFO - Mensaje informativo (ignorado): Error
close
ERROR TO OBTAIN THE PARAMATER: permitirNoInventariadosSeguros...
2025-12-02 14:21:29,793 - INFO - Item 461964100012 procesado correctamente
2025-12-02 14:21:29,794 - INFO - === MÓDULO 4: GARANTÍAS ITEM 3 ===
2025-12-02 14:21:29,794 - INFO - Garantía: AGREGAR
2025-12-02 14:21:30,898 - INFO - Screenshot capturado: C2_07_pantalla_garantias_03.png
2025-12-02 14:21:36,947 - INFO - Botón Add encontrado: //button[contains(@class, 'btn-success') and contains(text(), 'Add')]
2025-12-02 14:21:36,967 - INFO - Click en Añadir garantía
2025-12-02 14:21:39,005 - INFO - Encontradas 6 opciones de garantía
2025-12-02 14:21:39,101 - INFO - Garantía seleccionada - precio: $107.25
2025-12-02 14:21:40,114 - INFO - Clic en botón final para garantía con precio
2025-12-02 14:21:41,192 - INFO - Screenshot capturado: C2_08_garantia_procesada_03.png
2025-12-02 14:21:42,277 - INFO - Screenshot capturado: C2_06_item_con_garantias_procesadas_03.png
2025-12-02 14:21:42,278 - INFO - Garantías procesadas para item 3
2025-12-02 14:21:42,279 - INFO - === PASO 7: ENLAZAR CUSTOMER ===
2025-12-02 14:21:42,279 - INFO - === MÓDULO 5: ENLAZAR CUSTOMER ===
2025-12-02 14:21:42,355 - INFO - Screenshot capturado: C2_12_antes_enlazar_cliente.png
2025-12-02 14:21:47,404 - INFO - Enlace cliente encontrado: /html/body/div[2]/div[3]/div[28]/div[3]/h4/a
2025-12-02 14:21:47,442 - INFO - Click en enlace cliente
2025-12-02 14:21:50,510 - INFO - Screenshot capturado: C2_13_formulario_cliente.png
2025-12-02 14:21:51,873 - INFO - Cliente 057874256 ingresado
2025-12-02 14:21:52,943 - INFO - Screenshot capturado: C2_14_cliente_ingresado.png
2025-12-02 14:21:55,080 - INFO - Primer Next
2025-12-02 14:21:58,164 - INFO - Screenshot capturado: C2_15_primer_next.png
2025-12-02 14:22:03,448 - INFO - Segundo Next
2025-12-02 14:22:06,522 - INFO - Screenshot capturado: C2_16_segundo_next.png
2025-12-02 14:22:06,522 - INFO - Customer enlazado exitosamente
2025-12-02 14:22:06,523 - INFO - === PASO 8: CONFIGURAR ENTREGA ===
2025-12-02 14:22:06,523 - INFO - === MÓDULO 6: DESPACHO/ENTREGA ===
2025-12-02 14:22:06,524 - INFO - Despacho/Entrega: CONFIGURAR
2025-12-02 14:22:06,524 - INFO - Tipo de entrega: cliente llevará
2025-12-02 14:22:06,593 - INFO - Screenshot capturado: C2_17_antes_entrega_cliente.png
2025-12-02 14:22:06,594 - INFO - Paso 1: Buscando botón Transaction Options
2025-12-02 14:22:12,326 - INFO - ✓ Transaction Options encontrado con: transactionOptionsBtn
2025-12-02 14:22:12,334 - INFO - Click en Transaction Options exitoso
2025-12-02 14:22:15,410 - INFO - Screenshot capturado: C2_18_menu_transaction_options.png
2025-12-02 14:22:15,410 - INFO - Paso 2: Seleccionando opción de entrega
2025-12-02 14:22:39,370 - INFO - Opción de entrega seleccionada
2025-12-02 14:22:42,431 - INFO - Screenshot capturado: C2_19_formulario_entrega.png
2025-12-02 14:22:42,432 - INFO - Paso 3: Llenando datos del formulario
2025-12-02 14:22:42,807 - INFO - Nombre 1 ingresado: ELISEO AMILCAR LOPEZ + Enter
2025-12-02 14:22:43,965 - INFO - Nombre 2 ingresado: MARGARITA PORTILLO DE LOPEZ + Enter
2025-12-02 14:22:45,166 - INFO - ✓ Campo adicional (div[4]) ingresado: ELISEO LOPEZ + Enter
2025-12-02 14:22:46,168 - INFO - Paso 4: Configurando select MADRE
2025-12-02 14:22:46,472 - INFO - Select MADRE abierto
2025-12-02 14:22:48,329 - INFO - ✓ Opción MADRE seleccionada
2025-12-02 14:22:49,331 - INFO - Paso 4B: Configurando transportador (relationship)
2025-12-02 14:22:49,606 - INFO - ✓ Select TRANSPORTADOR abierto con: /html/body/div[2]/form/div[1]/div/div[2]/div[6]/span[2]/span/a
2025-12-02 14:22:50,908 - INFO - ✓ Opción TRANSPORTADOR seleccionada
2025-12-02 14:22:51,909 - INFO - Paso 5: Configurando tipo de entrega: cliente llevará
2025-12-02 14:22:52,228 - INFO - ✓ Select TIPO ENTREGA abierto
2025-12-02 14:22:53,502 - INFO - ✓ Tipo entrega seleccionado: Cliente llevará (Cliente Recoge)
2025-12-02 14:22:55,504 - INFO - Paso 6: Configurando lugar de salida (Bodega Nejapa)
2025-12-02 14:22:55,673 - INFO - ✓ Texto escrito: BODEGA 94 NEJAPA
2025-12-02 14:22:57,950 - INFO - ✓ Opción clickeada del dropdown: BODEGA 94 NEJAPA
2025-12-02 14:23:02,971 - INFO - ℹ️ No se requiere OK para lugar de salida
2025-12-02 14:23:04,972 - INFO - Paso 7: Configurando transporte (11094 - BODEGA 94 NEJAPA)
2025-12-02 14:23:06,999 - INFO - ✓ Caja de texto del transporte encontrada
2025-12-02 14:23:07,886 - INFO - ✓ Texto escrito: BODEGA 94 NEJAPA
2025-12-02 14:23:08,887 - INFO - -Buscando opción '11094 - BODEGA 94 NEJAPA' en dropdown...
2025-12-02 14:23:08,888 - INFO - Intentando con selector: //li[@class='ui-menu-item']//a[contains(text(), '11094 - BODEGA 94 NEJAPA')]
2025-12-02 14:23:09,947 - INFO - Intentando con selector: //li[@role='menuitem']//a[contains(text(), '11094 - BODEGA 94 NEJAPA')]
2025-12-02 14:23:10,995 - INFO - Intentando con selector: //li[contains(@class, 'ui-menu-item')]//a[contains(text(), 'BODEGA 94 NEJAPA')]
2025-12-02 14:23:12,051 - INFO - Intentando con selector: //ul[contains(@class, 'ui-autocomplete')]//a[contains(text(), '11094')]
2025-12-02 14:23:13,114 - INFO - Intentando con selector: //a[@class='ui-corner-all'][contains(text(), '11094 - BODEGA 94 NEJAPA')]
2025-12-02 14:23:14,176 - INFO - Intentando con selector: /html/body/ul[4]/li/a
2025-12-02 14:23:15,228 - INFO - 🔄 Fallback: Usando flecha abajo + Enter...
2025-12-02 14:23:15,777 - INFO - ✓ Flecha abajo + Enter ejecutado
2025-12-02 14:23:16,798 - INFO - 🔍 Verificación final: Input='11094 - BODEGA 94 NEJAPA', Select='11094'
2025-12-02 14:23:16,799 - INFO - ✅ TRANSPORTE CONFIGURADO EXITOSAMENTE
2025-12-02 14:23:19,799 - INFO - Paso 8: Agregando instrucciones
2025-12-02 14:23:24,822 - WARNING - Error agregando instrucciones: Message: Unable to locate element: //*[@id='instructions']; For documentation on this error, please visit: https://www.selenium.dev/documentation/webdriver/troubleshooting/errors#nosuchelementexception
Stacktrace:
RemoteError@chrome://remote/content/shared/RemoteError.sys.mjs:8:8
WebDriverError@chrome://remote/content/shared/webdriver/Errors.sys.mjs:187:5
NoSuchElementError@chrome://remote/content/shared/webdriver/Errors.sys.mjs:505:5
element.find/</<@chrome://remote/content/marionette/element.sys.mjs:135:16

2025-12-02 14:23:24,823 - INFO - Paso 9: Enviando formulario de entrega
2025-12-02 14:23:29,833 - WARNING - Error enviando formulario: Message: Unable to locate element: /html/body/div[2]/form/div[2]/button; For documentation on this error, please visit: https://www.selenium.dev/documentation/webdriver/troubleshooting/errors#nosuchelementexception
Stacktrace:
RemoteError@chrome://remote/content/shared/RemoteError.sys.mjs:8:8
WebDriverError@chrome://remote/content/shared/webdriver/Errors.sys.mjs:187:5
NoSuchElementError@chrome://remote/content/shared/webdriver/Errors.sys.mjs:505:5
element.find/</<@chrome://remote/content/marionette/element.sys.mjs:135:16

2025-12-02 14:23:29,833 - WARNING - ⚠️ Error en despacho, continuando...
2025-12-02 14:23:29,834 - INFO - === PASO 9: DESCUENTO EMPLEADO ===
2025-12-02 14:23:29,834 - INFO - Modulo_7_aplicar_credito: DESHABILITADO
2025-12-02 14:23:29,835 - INFO - === PASO 10: CRÉDITOS ===
2025-12-02 14:23:29,835 - INFO - Modulo_8_aplicar_descuento_empleado: DESHABILITADO
2025-12-02 14:23:29,836 - INFO - === PASO 11: FINALIZAR COTIZACIÓN ===
2025-12-02 14:23:29,836 - INFO - === FINALIZANDO COTIZACIÓN ===
2025-12-02 14:23:29,907 - INFO - Screenshot capturado: C2_17_antes_finalizar.png
2025-12-02 14:23:31,908 - INFO - PASO 1: Click en botón finalizar
2025-12-02 14:23:34,947 - INFO - ✓ Botón finalizar encontrado con: /html/body/div[2]/div[4]/div/div/div[3]/form[1]/button
2025-12-02 14:23:35,008 - INFO - Screenshot capturado: C2_18_antes_finalizar.png
2025-12-02 14:23:35,009 - INFO - 🔧 Preservando datos de sesión...
2025-12-02 14:23:35,025 - INFO - 📝 Sesión preservada - OrderID: undefined, SessionData: 
2025-12-02 14:23:35,075 - INFO - ✓ Click en botón finalizar exitoso
2025-12-02 14:23:38,094 - INFO - 🖨️ Elementos printer encontrados: 10
2025-12-02 14:23:38,166 - INFO -   Elemento 1: tag=form, id=printForm, class=
2025-12-02 14:23:38,216 - INFO -   Elemento 2: tag=div, id=, class=printingBox
2025-12-02 14:23:38,266 - INFO -   Elemento 3: tag=input, id=printerGroup, class=printerRadioButton btnFloatRight
2025-12-02 14:23:38,314 - INFO -   Elemento 4: tag=input, id=printerName0, class=
2025-12-02 14:23:38,366 - INFO -   Elemento 5: tag=input, id=printerLocation0, class=
2025-12-02 14:23:38,391 - INFO - 📋 Modales encontrados: 231
2025-12-02 14:23:38,425 - INFO -   Modal 1: tag=div, id=itemInquiryDialog, visible=False
2025-12-02 14:23:38,473 - INFO -   Modal 2: tag=div, id=, visible=False
2025-12-02 14:23:38,510 - INFO -   Modal 3: tag=div, id=, visible=False
2025-12-02 14:23:38,518 - INFO - 📝 Formularios encontrados: 60
2025-12-02 14:23:38,519 - INFO - 🔍 MONITOREANDO ESTADO POST-SAVE...
2025-12-02 14:23:39,523 - INFO - 📍 Segundo 1: URL = http://ursvtols8b3c:8080/engage-unicomer-web/saleOrder/saveAndPrint
2025-12-02 14:23:39,527 - INFO - 📄 Segundo 1: Título = Grupo Unicomer
2025-12-02 14:23:41,136 - INFO - 🔘 Segundo 1: Botones visibles = ['Search', 'Item Inquiry', 'Transaction Options', 'Save & Print', 'Save']
2025-12-02 14:23:41,158 - INFO - 🖨️ Segundo 1: Printer Group encontrado! Visible=True
2025-12-02 14:23:41,159 - INFO - ✅ PRINTER GROUP DISPONIBLE - Procediendo a hacer click...
2025-12-02 14:23:41,411 - INFO - ✓ Default Printer seleccionado: //*[@id='printerGroup']
2025-12-02 14:23:42,432 - INFO - 🖨️ Botón print encontrado: //button[@id='defaultSubmitPrintButton']
2025-12-02 14:23:42,449 - INFO - ✅ CLICK EN BOTÓN IMPRIMIR EXITOSO
2025-12-02 14:23:44,500 - INFO - ✅ CONFIRMACIÓN FINAL EXITOSA
2025-12-02 14:23:44,593 - INFO - Screenshot capturado: C2_21_print_completado.png
2025-12-02 14:23:44,594 - INFO - ✅ Finalización exitosa
2025-12-02 14:23:44,594 - INFO - === PASO 12: GENERAR REPORTE INDIVIDUAL ===
2025-12-02 14:23:44,595 - INFO - Generando reporte para cotización 2 con número 1160920925000D
2025-12-02 14:23:44,595 - INFO - Screenshots disponibles: 22
2025-12-02 14:23:44,596 - INFO - 🔄 Generando reporte para cotización 2: 1160920925000D
2025-12-02 14:23:44,802 - INFO - Excel actualizado - Cotización 2: 1160920925000D
2025-12-02 14:23:45,389 - INFO - Reporte ejecutivo generado: Reporte_cotizacion_1160920925000D.docx
2025-12-02 14:23:45,391 - INFO - Archivo verificado: 2027005 bytes
2025-12-02 14:23:45,391 - INFO - Reporte Word generado exitosamente para cotización 2
2025-12-02 14:23:45,391 - INFO - Iniciando limpieza de screenshots después de generar reporte
2025-12-02 14:23:45,393 - INFO - Screenshot eliminado: C2_02_dashboard.png
2025-12-02 14:23:45,396 - INFO - Screenshot eliminado: C2_04_formulario_orden.png
2025-12-02 14:23:45,399 - INFO - Screenshot eliminado: C2_07_pantalla_garantias_01.png
2025-12-02 14:23:45,403 - INFO - Screenshot eliminado: C2_08_garantia_procesada_01.png
2025-12-02 14:23:45,406 - INFO - Screenshot eliminado: C2_06_item_con_garantias_procesadas_01.png
2025-12-02 14:23:45,408 - INFO - Screenshot eliminado: C2_07_pantalla_garantias_02.png
2025-12-02 14:23:45,411 - INFO - Screenshot eliminado: C2_08_garantia_procesada_02.png
2025-12-02 14:23:45,414 - INFO - Screenshot eliminado: C2_06_item_con_garantias_procesadas_02.png
2025-12-02 14:23:45,417 - INFO - Screenshot eliminado: C2_07_pantalla_garantias_03.png
2025-12-02 14:23:45,419 - INFO - Screenshot eliminado: C2_08_garantia_procesada_03.png
2025-12-02 14:23:45,422 - INFO - Screenshot eliminado: C2_06_item_con_garantias_procesadas_03.png
2025-12-02 14:23:45,425 - INFO - Screenshot eliminado: C2_12_antes_enlazar_cliente.png
2025-12-02 14:23:45,430 - INFO - Screenshot eliminado: C2_13_formulario_cliente.png
2025-12-02 14:23:45,435 - INFO - Screenshot eliminado: C2_14_cliente_ingresado.png
2025-12-02 14:23:45,438 - INFO - Screenshot eliminado: C2_15_primer_next.png
2025-12-02 14:23:45,441 - INFO - Screenshot eliminado: C2_16_segundo_next.png
2025-12-02 14:23:45,444 - INFO - Screenshot eliminado: C2_17_antes_entrega_cliente.png
2025-12-02 14:23:45,447 - INFO - Screenshot eliminado: C2_18_menu_transaction_options.png
2025-12-02 14:23:45,450 - INFO - Screenshot eliminado: C2_19_formulario_entrega.png
2025-12-02 14:23:45,452 - INFO - Screenshot eliminado: C2_17_antes_finalizar.png
2025-12-02 14:23:45,453 - INFO - Screenshot eliminado: C2_18_antes_finalizar.png
2025-12-02 14:23:45,456 - INFO - Screenshot eliminado: C2_21_print_completado.png
2025-12-02 14:23:45,458 - INFO - 22 screenshots eliminados para esta cotización
2025-12-02 14:23:45,459 - INFO - Cotización 2 completada: 1160920925000D
2025-12-02 14:23:47,460 - INFO - 
🔄 PROCESANDO COTIZACIÓN 3/13: 3
2025-12-02 14:23:47,461 - INFO - === PASO 4: INICIAR ORDEN DE COMPRA ===
2025-12-02 14:23:47,462 - INFO - Buscando botón 'Comience una Orden de Compra'...
2025-12-02 14:23:47,615 - INFO - Screenshot capturado: C3_02_dashboard.png
2025-12-02 14:23:47,615 - INFO - Intentando selector 1: /html/body/div[2]/div[4]/div/div/div[1]/a[1]/input
2025-12-02 14:23:47,616 - INFO - Esperando que botón orden selector 1 sea visible (timeout: 300s, se reinicia con progreso)...
2025-12-02 14:23:49,168 - INFO - PROGRESO: botón orden selector 1 visible - REINICIANDO timeout
2025-12-02 14:23:49,623 - INFO - OK - botón orden selector 1 listo después de 0.0s
2025-12-02 14:23:50,287 - INFO - Click exitoso en botón orden selector 1
2025-12-02 14:23:51,374 - INFO - Screenshot capturado: C3_04_formulario_orden.png
2025-12-02 14:23:51,374 - INFO - Click realizado en botón orden
2025-12-02 14:23:51,375 - INFO - Preparando nueva cotización...
2025-12-02 14:23:56,400 - INFO - ✓ Storage del navegador limpiado
2025-12-02 14:23:56,408 - INFO - ✓ Página estabilizada para nueva cotización
2025-12-02 14:23:56,409 - INFO - ✓ Sistema listo para siguiente cotización automática
2025-12-02 14:23:57,410 - INFO - Configuración - Garantías: SI, Descuento: NO, Créditos: NO, Entrega: SI, Tipo Entrega: cliente llevará
2025-12-02 14:23:57,411 - INFO - === PASO 5: EXTRAER NÚMERO COTIZACIÓN ===
2025-12-02 14:23:57,412 - INFO - === EXTRAYENDO NÚMERO DE COTIZACIÓN INICIAL ===
2025-12-02 14:23:59,453 - INFO - Número encontrado con selector: li.quotationNumberTitle p:last-child
2025-12-02 14:23:59,454 - INFO - Número de cotización: 1160920925000J
2025-12-02 14:23:59,454 - INFO - Número base extraído: 1160920925000J
2025-12-02 14:23:59,455 - INFO - Número único generado: 1160920925000J_9454
2025-12-02 14:23:59,455 - INFO - === PASO 6: AGREGAR ITEMS ===
2025-12-02 14:23:59,455 - INFO - --- ITEM 1/3 ---
2025-12-02 14:23:59,456 - INFO - === MÓDULO 3: AGREGAR ITEM 1 ===
2025-12-02 14:23:59,456 - INFO - Código: 442943300005, Cantidad: 1
2025-12-02 14:23:59,456 - INFO - Esperando que campo búsqueda item 1 sea visible (timeout: 300s, se reinicia con progreso)...
2025-12-02 14:23:59,474 - INFO - PROGRESO: campo búsqueda item 1 visible - REINICIANDO timeout
2025-12-02 14:23:59,494 - INFO - OK - campo búsqueda item 1 listo después de 0.0s
2025-12-02 14:23:59,571 - INFO - Código 442943300005 ingresado en campo búsqueda
2025-12-02 14:23:59,609 - INFO - Enter enviado para búsqueda
2025-12-02 14:24:01,154 - INFO - Mensaje informativo (ignorado): Error
close
ERROR TO OBTAIN THE PARAMATER: permitirNoInventariadosSeguros...
2025-12-02 14:24:01,155 - INFO - Item 442943300005 procesado correctamente
2025-12-02 14:24:01,156 - INFO - === MÓDULO 4: GARANTÍAS ITEM 1 ===
2025-12-02 14:24:01,157 - INFO - Garantía: AGREGAR
2025-12-02 14:24:02,237 - INFO - Screenshot capturado: C3_07_pantalla_garantias_01.png
2025-12-02 14:24:08,278 - INFO - Botón Add encontrado: //button[contains(@class, 'btn-success') and contains(text(), 'Add')]
2025-12-02 14:24:08,295 - INFO - Click en Añadir garantía
2025-12-02 14:24:10,334 - INFO - Encontradas 6 opciones de garantía
2025-12-02 14:24:10,404 - INFO - Garantía seleccionada - precio: $337.25
2025-12-02 14:24:11,434 - INFO - Clic en botón final para garantía con precio
2025-12-02 14:24:12,528 - INFO - Screenshot capturado: C3_08_garantia_procesada_01.png
2025-12-02 14:24:13,604 - INFO - Screenshot capturado: C3_06_item_con_garantias_procesadas_01.png
2025-12-02 14:24:13,605 - INFO - Garantías procesadas para item 1
2025-12-02 14:24:13,605 - INFO - --- ITEM 2/3 ---
2025-12-02 14:24:13,606 - INFO - === MÓDULO 3: AGREGAR ITEM 2 ===
2025-12-02 14:24:13,606 - INFO - Código: 455740400014, Cantidad: 1
2025-12-02 14:24:13,607 - INFO - Esperando que campo búsqueda item 2 sea visible (timeout: 300s, se reinicia con progreso)...
2025-12-02 14:24:13,649 - INFO - PROGRESO: campo búsqueda item 2 visible - REINICIANDO timeout
2025-12-02 14:24:13,674 - INFO - OK - campo búsqueda item 2 listo después de 0.0s
2025-12-02 14:24:13,875 - INFO - Código 455740400014 ingresado en campo búsqueda
2025-12-02 14:24:13,900 - INFO - Enter enviado para búsqueda
2025-12-02 14:24:17,968 - INFO - Mensaje informativo (ignorado): Error
close
ERROR TO OBTAIN THE PARAMATER: permitirNoInventariadosSeguros...
2025-12-02 14:24:17,968 - INFO - Item 455740400014 procesado correctamente
2025-12-02 14:24:17,970 - INFO - === MÓDULO 4: GARANTÍAS ITEM 2 ===
2025-12-02 14:24:17,971 - INFO - Garantía: AGREGAR
2025-12-02 14:24:19,063 - INFO - Screenshot capturado: C3_07_pantalla_garantias_02.png
2025-12-02 14:24:25,111 - INFO - Botón Add encontrado: //button[contains(@class, 'btn-success') and contains(text(), 'Add')]
2025-12-02 14:24:25,136 - INFO - Click en Añadir garantía
2025-12-02 14:24:27,158 - INFO - Encontradas 6 opciones de garantía
2025-12-02 14:24:27,235 - INFO - Garantía seleccionada - precio: $142.25
2025-12-02 14:24:28,263 - INFO - Clic en botón final para garantía con precio
2025-12-02 14:24:29,388 - INFO - Screenshot capturado: C3_08_garantia_procesada_02.png
2025-12-02 14:24:30,497 - INFO - Screenshot capturado: C3_06_item_con_garantias_procesadas_02.png
2025-12-02 14:24:30,498 - INFO - Garantías procesadas para item 2
2025-12-02 14:24:30,498 - INFO - --- ITEM 3/3 ---
2025-12-02 14:24:30,499 - INFO - === MÓDULO 3: AGREGAR ITEM 3 ===
2025-12-02 14:24:30,499 - INFO - Código: 458484100011, Cantidad: 1
2025-12-02 14:24:30,500 - INFO - Esperando que campo búsqueda item 3 sea visible (timeout: 300s, se reinicia con progreso)...
2025-12-02 14:24:30,563 - INFO - PROGRESO: campo búsqueda item 3 visible - REINICIANDO timeout
2025-12-02 14:24:30,594 - INFO - OK - campo búsqueda item 3 listo después de 0.0s
2025-12-02 14:24:30,687 - INFO - Código 458484100011 ingresado en campo búsqueda
2025-12-02 14:24:30,727 - INFO - Enter enviado para búsqueda
2025-12-02 14:24:37,273 - INFO - Item 458484100011 procesado correctamente
2025-12-02 14:24:37,274 - INFO - === MÓDULO 4: GARANTÍAS ITEM 3 ===
2025-12-02 14:24:37,275 - INFO - Garantía: AGREGAR
2025-12-02 14:24:38,399 - INFO - Screenshot capturado: C3_07_pantalla_garantias_03.png
2025-12-02 14:24:44,458 - INFO - Botón Add encontrado: //button[contains(@class, 'btn-success') and contains(text(), 'Add')]
2025-12-02 14:24:44,484 - INFO - Click en Añadir garantía
2025-12-02 14:24:46,511 - INFO - Encontradas 6 opciones de garantía
2025-12-02 14:24:46,620 - INFO - Garantía seleccionada - precio: $54.75
2025-12-02 14:24:47,639 - INFO - Clic en botón final para garantía con precio
2025-12-02 14:24:48,714 - INFO - Screenshot capturado: C3_08_garantia_procesada_03.png
2025-12-02 14:24:49,802 - INFO - Screenshot capturado: C3_06_item_con_garantias_procesadas_03.png
2025-12-02 14:24:49,803 - INFO - Garantías procesadas para item 3
2025-12-02 14:24:49,803 - INFO - === PASO 7: ENLAZAR CUSTOMER ===
2025-12-02 14:24:49,804 - INFO - === MÓDULO 5: ENLAZAR CUSTOMER ===
2025-12-02 14:24:49,898 - INFO - Screenshot capturado: C3_12_antes_enlazar_cliente.png
2025-12-02 14:24:54,945 - INFO - Enlace cliente encontrado: /html/body/div[2]/div[3]/div[28]/div[3]/h4/a
2025-12-02 14:24:54,970 - INFO - Click en enlace cliente
2025-12-02 14:24:58,026 - INFO - Screenshot capturado: C3_13_formulario_cliente.png
2025-12-02 14:24:59,358 - INFO - Cliente 057874256 ingresado
2025-12-02 14:25:00,428 - INFO - Screenshot capturado: C3_14_cliente_ingresado.png
2025-12-02 14:25:01,990 - INFO - Primer Next
2025-12-02 14:25:05,095 - INFO - Screenshot capturado: C3_15_primer_next.png
2025-12-02 14:25:10,383 - INFO - Segundo Next
2025-12-02 14:25:13,460 - INFO - Screenshot capturado: C3_16_segundo_next.png
2025-12-02 14:25:13,461 - INFO - Customer enlazado exitosamente
2025-12-02 14:25:13,461 - INFO - === PASO 8: CONFIGURAR ENTREGA ===
2025-12-02 14:25:13,462 - INFO - === MÓDULO 6: DESPACHO/ENTREGA ===
2025-12-02 14:25:13,463 - INFO - Despacho/Entrega: CONFIGURAR
2025-12-02 14:25:13,464 - INFO - Tipo de entrega: cliente llevará
2025-12-02 14:25:13,571 - INFO - Screenshot capturado: C3_17_antes_entrega_cliente.png
2025-12-02 14:25:13,573 - INFO - Paso 1: Buscando botón Transaction Options
2025-12-02 14:25:16,603 - INFO - ✓ Transaction Options encontrado con: transactionOptionsBtn
2025-12-02 14:25:16,623 - INFO - Click en Transaction Options exitoso
2025-12-02 14:25:19,696 - INFO - Screenshot capturado: C3_18_menu_transaction_options.png
2025-12-02 14:25:19,697 - INFO - Paso 2: Seleccionando opción de entrega
2025-12-02 14:25:19,740 - INFO - Opción de entrega seleccionada
2025-12-02 14:25:22,805 - INFO - Screenshot capturado: C3_19_formulario_entrega.png
2025-12-02 14:25:22,806 - INFO - Paso 3: Llenando datos del formulario
2025-12-02 14:25:22,974 - INFO - Nombre 1 ingresado: ELISEO AMILCAR LOPEZ + Enter
2025-12-02 14:25:24,192 - INFO - Nombre 2 ingresado: MARGARITA PORTILLO DE LOPEZ + Enter
2025-12-02 14:25:25,320 - INFO - ✓ Campo adicional (div[4]) ingresado: ELISEO LOPEZ + Enter
2025-12-02 14:25:26,321 - INFO - Paso 4: Configurando select MADRE
2025-12-02 14:25:26,635 - INFO - Select MADRE abierto
2025-12-02 14:25:28,419 - INFO - ✓ Opción MADRE seleccionada
2025-12-02 14:25:29,420 - INFO - Paso 4B: Configurando transportador (relationship)
2025-12-02 14:25:29,684 - INFO - ✓ Select TRANSPORTADOR abierto con: /html/body/div[2]/form/div[1]/div/div[2]/div[6]/span[2]/span/a
2025-12-02 14:25:30,950 - INFO - ✓ Opción TRANSPORTADOR seleccionada
2025-12-02 14:25:31,951 - INFO - Paso 5: Configurando tipo de entrega: cliente llevará
2025-12-02 14:25:32,217 - INFO - ✓ Select TIPO ENTREGA abierto
2025-12-02 14:25:33,470 - INFO - ✓ Tipo entrega seleccionado: Cliente llevará (Cliente Recoge)
2025-12-02 14:25:35,471 - INFO - Paso 6: Configurando lugar de salida (Bodega Nejapa)
2025-12-02 14:25:35,770 - INFO - ✓ Texto escrito: BODEGA 94 NEJAPA
2025-12-02 14:25:38,052 - INFO - ✓ Opción clickeada del dropdown: BODEGA 94 NEJAPA
2025-12-02 14:25:43,067 - INFO - ℹ️ No se requiere OK para lugar de salida
2025-12-02 14:25:45,068 - INFO - Paso 7: Configurando transporte (11094 - BODEGA 94 NEJAPA)
2025-12-02 14:25:47,103 - INFO - ✓ Caja de texto del transporte encontrada
2025-12-02 14:25:47,952 - INFO - ✓ Texto escrito: BODEGA 94 NEJAPA
2025-12-02 14:25:48,952 - INFO - -Buscando opción '11094 - BODEGA 94 NEJAPA' en dropdown...
2025-12-02 14:25:48,953 - INFO - Intentando con selector: //li[@class='ui-menu-item']//a[contains(text(), '11094 - BODEGA 94 NEJAPA')]
2025-12-02 14:25:50,015 - INFO - Intentando con selector: //li[@role='menuitem']//a[contains(text(), '11094 - BODEGA 94 NEJAPA')]
2025-12-02 14:25:51,076 - INFO - Intentando con selector: //li[contains(@class, 'ui-menu-item')]//a[contains(text(), 'BODEGA 94 NEJAPA')]
2025-12-02 14:25:52,133 - INFO - Intentando con selector: //ul[contains(@class, 'ui-autocomplete')]//a[contains(text(), '11094')]
2025-12-02 14:25:53,188 - INFO - Intentando con selector: //a[@class='ui-corner-all'][contains(text(), '11094 - BODEGA 94 NEJAPA')]
2025-12-02 14:25:54,243 - INFO - Intentando con selector: /html/body/ul[4]/li/a
2025-12-02 14:25:55,297 - INFO - 🔄 Fallback: Usando flecha abajo + Enter...
2025-12-02 14:25:55,854 - INFO - ✓ Flecha abajo + Enter ejecutado
2025-12-02 14:25:56,878 - INFO - 🔍 Verificación final: Input='11094 - BODEGA 94 NEJAPA', Select='11094'
2025-12-02 14:25:56,878 - INFO - ✅ TRANSPORTE CONFIGURADO EXITOSAMENTE
2025-12-02 14:25:59,879 - INFO - Paso 8: Agregando instrucciones
2025-12-02 14:26:04,898 - WARNING - Error agregando instrucciones: Message: Unable to locate element: //*[@id='instructions']; For documentation on this error, please visit: https://www.selenium.dev/documentation/webdriver/troubleshooting/errors#nosuchelementexception
Stacktrace:
RemoteError@chrome://remote/content/shared/RemoteError.sys.mjs:8:8
WebDriverError@chrome://remote/content/shared/webdriver/Errors.sys.mjs:187:5
NoSuchElementError@chrome://remote/content/shared/webdriver/Errors.sys.mjs:505:5
element.find/</<@chrome://remote/content/marionette/element.sys.mjs:135:16

2025-12-02 14:26:04,899 - INFO - Paso 9: Enviando formulario de entrega
2025-12-02 14:26:09,911 - WARNING - Error enviando formulario: Message: Unable to locate element: /html/body/div[2]/form/div[2]/button; For documentation on this error, please visit: https://www.selenium.dev/documentation/webdriver/troubleshooting/errors#nosuchelementexception
Stacktrace:
RemoteError@chrome://remote/content/shared/RemoteError.sys.mjs:8:8
WebDriverError@chrome://remote/content/shared/webdriver/Errors.sys.mjs:187:5
NoSuchElementError@chrome://remote/content/shared/webdriver/Errors.sys.mjs:505:5
element.find/</<@chrome://remote/content/marionette/element.sys.mjs:135:16

2025-12-02 14:26:09,912 - WARNING - ⚠️ Error en despacho, continuando...
2025-12-02 14:26:09,913 - INFO - === PASO 9: DESCUENTO EMPLEADO ===
2025-12-02 14:26:09,914 - INFO - Modulo_7_aplicar_credito: DESHABILITADO
2025-12-02 14:26:09,914 - INFO - === PASO 10: CRÉDITOS ===
2025-12-02 14:26:09,915 - INFO - Modulo_8_aplicar_descuento_empleado: DESHABILITADO
2025-12-02 14:26:09,916 - INFO - === PASO 11: FINALIZAR COTIZACIÓN ===
2025-12-02 14:26:09,916 - INFO - === FINALIZANDO COTIZACIÓN ===
2025-12-02 14:26:09,990 - INFO - Screenshot capturado: C3_17_antes_finalizar.png
2025-12-02 14:26:11,991 - INFO - PASO 1: Click en botón finalizar
2025-12-02 14:26:15,022 - INFO - ✓ Botón finalizar encontrado con: /html/body/div[2]/div[4]/div/div/div[3]/form[1]/button
2025-12-02 14:26:15,083 - INFO - Screenshot capturado: C3_18_antes_finalizar.png
2025-12-02 14:26:15,083 - INFO - 🔧 Preservando datos de sesión...
2025-12-02 14:26:15,092 - INFO - 📝 Sesión preservada - OrderID: undefined, SessionData: 
2025-12-02 14:26:15,115 - INFO - ✓ Click en botón finalizar exitoso
2025-12-02 14:26:18,126 - INFO - 🖨️ Elementos printer encontrados: 10
2025-12-02 14:26:18,157 - INFO -   Elemento 1: tag=form, id=printForm, class=
2025-12-02 14:26:18,186 - INFO -   Elemento 2: tag=div, id=, class=printingBox
2025-12-02 14:26:18,208 - INFO -   Elemento 3: tag=input, id=printerGroup, class=printerRadioButton btnFloatRight
2025-12-02 14:26:18,227 - INFO -   Elemento 4: tag=input, id=printerName0, class=
2025-12-02 14:26:18,250 - INFO -   Elemento 5: tag=input, id=printerLocation0, class=
2025-12-02 14:26:18,268 - INFO - 📋 Modales encontrados: 231
2025-12-02 14:26:18,293 - INFO -   Modal 1: tag=div, id=itemInquiryDialog, visible=False
2025-12-02 14:26:18,320 - INFO -   Modal 2: tag=div, id=, visible=False
2025-12-02 14:26:18,348 - INFO -   Modal 3: tag=div, id=, visible=False
2025-12-02 14:26:18,359 - INFO - 📝 Formularios encontrados: 60
2025-12-02 14:26:18,359 - INFO - 🔍 MONITOREANDO ESTADO POST-SAVE...
2025-12-02 14:26:19,363 - INFO - 📍 Segundo 1: URL = http://ursvtols8b3c:8080/engage-unicomer-web/saleOrder/saveAndPrint
2025-12-02 14:26:19,367 - INFO - 📄 Segundo 1: Título = Grupo Unicomer
2025-12-02 14:26:20,577 - INFO - 🔘 Segundo 1: Botones visibles = ['Search', 'Item Inquiry', 'Transaction Options', 'Save & Print', 'Save']
2025-12-02 14:26:20,589 - INFO - 🖨️ Segundo 1: Printer Group encontrado! Visible=True
2025-12-02 14:26:20,590 - INFO - ✅ PRINTER GROUP DISPONIBLE - Procediendo a hacer click...
2025-12-02 14:26:20,827 - INFO - ✓ Default Printer seleccionado: //*[@id='printerGroup']
2025-12-02 14:26:21,851 - INFO - 🖨️ Botón print encontrado: //button[@id='defaultSubmitPrintButton']
2025-12-02 14:26:21,868 - INFO - ✅ CLICK EN BOTÓN IMPRIMIR EXITOSO
2025-12-02 14:26:23,912 - INFO - ✅ CONFIRMACIÓN FINAL EXITOSA
2025-12-02 14:26:23,984 - INFO - Screenshot capturado: C3_21_print_completado.png
2025-12-02 14:26:23,984 - INFO - ✅ Finalización exitosa
2025-12-02 14:26:23,984 - INFO - === PASO 12: GENERAR REPORTE INDIVIDUAL ===
2025-12-02 14:26:23,985 - INFO - Generando reporte para cotización 3 con número 1160920925000J
2025-12-02 14:26:23,985 - INFO - Screenshots disponibles: 22
2025-12-02 14:26:23,985 - INFO - 🔄 Generando reporte para cotización 3: 1160920925000J
2025-12-02 14:26:24,133 - INFO - Excel actualizado - Cotización 3: 1160920925000J
2025-12-02 14:26:24,833 - INFO - Reporte ejecutivo generado: Reporte_cotizacion_1160920925000J.docx
2025-12-02 14:26:24,835 - INFO - Archivo verificado: 2215893 bytes
2025-12-02 14:26:24,836 - INFO - Reporte Word generado exitosamente para cotización 3
2025-12-02 14:26:24,836 - INFO - Iniciando limpieza de screenshots después de generar reporte
2025-12-02 14:26:24,840 - INFO - Screenshot eliminado: C3_02_dashboard.png
2025-12-02 14:26:24,841 - INFO - Screenshot eliminado: C3_04_formulario_orden.png
2025-12-02 14:26:24,844 - INFO - Screenshot eliminado: C3_07_pantalla_garantias_01.png
2025-12-02 14:26:24,846 - INFO - Screenshot eliminado: C3_08_garantia_procesada_01.png
2025-12-02 14:26:24,848 - INFO - Screenshot eliminado: C3_06_item_con_garantias_procesadas_01.png
2025-12-02 14:26:24,850 - INFO - Screenshot eliminado: C3_07_pantalla_garantias_02.png
2025-12-02 14:26:24,852 - INFO - Screenshot eliminado: C3_08_garantia_procesada_02.png
2025-12-02 14:26:24,854 - INFO - Screenshot eliminado: C3_06_item_con_garantias_procesadas_02.png
2025-12-02 14:26:24,859 - INFO - Screenshot eliminado: C3_07_pantalla_garantias_03.png
2025-12-02 14:26:24,862 - INFO - Screenshot eliminado: C3_08_garantia_procesada_03.png
2025-12-02 14:26:24,865 - INFO - Screenshot eliminado: C3_06_item_con_garantias_procesadas_03.png
2025-12-02 14:26:24,868 - INFO - Screenshot eliminado: C3_12_antes_enlazar_cliente.png
2025-12-02 14:26:24,870 - INFO - Screenshot eliminado: C3_13_formulario_cliente.png
2025-12-02 14:26:24,875 - INFO - Screenshot eliminado: C3_14_cliente_ingresado.png
2025-12-02 14:26:24,877 - INFO - Screenshot eliminado: C3_15_primer_next.png
2025-12-02 14:26:24,879 - INFO - Screenshot eliminado: C3_16_segundo_next.png
2025-12-02 14:26:24,882 - INFO - Screenshot eliminado: C3_17_antes_entrega_cliente.png
2025-12-02 14:26:24,887 - INFO - Screenshot eliminado: C3_18_menu_transaction_options.png
2025-12-02 14:26:24,891 - INFO - Screenshot eliminado: C3_19_formulario_entrega.png
2025-12-02 14:26:24,894 - INFO - Screenshot eliminado: C3_17_antes_finalizar.png
2025-12-02 14:26:24,896 - INFO - Screenshot eliminado: C3_18_antes_finalizar.png
2025-12-02 14:26:24,899 - INFO - Screenshot eliminado: C3_21_print_completado.png
2025-12-02 14:26:24,900 - INFO - 22 screenshots eliminados para esta cotización
2025-12-02 14:26:24,901 - INFO - Cotización 3 completada: 1160920925000J
2025-12-02 14:26:26,903 - INFO - 
🔄 PROCESANDO COTIZACIÓN 4/13: 4
2025-12-02 14:26:26,903 - INFO - === PASO 4: INICIAR ORDEN DE COMPRA ===
2025-12-02 14:26:26,904 - INFO - Buscando botón 'Comience una Orden de Compra'...
2025-12-02 14:26:27,038 - INFO - Screenshot capturado: C4_02_dashboard.png
2025-12-02 14:26:27,038 - INFO - Intentando selector 1: /html/body/div[2]/div[4]/div/div/div[1]/a[1]/input
2025-12-02 14:26:27,039 - INFO - Esperando que botón orden selector 1 sea visible (timeout: 300s, se reinicia con progreso)...
2025-12-02 14:26:27,644 - INFO - PROGRESO: botón orden selector 1 visible - REINICIANDO timeout
2025-12-02 14:26:27,692 - INFO - OK - botón orden selector 1 listo después de 0.0s
2025-12-02 14:26:28,317 - INFO - Click exitoso en botón orden selector 1
2025-12-02 14:26:29,482 - INFO - Screenshot capturado: C4_04_formulario_orden.png
2025-12-02 14:26:29,483 - INFO - Click realizado en botón orden
2025-12-02 14:26:29,483 - INFO - Preparando nueva cotización...
2025-12-02 14:26:34,498 - INFO - ✓ Storage del navegador limpiado
2025-12-02 14:26:34,506 - INFO - ✓ Página estabilizada para nueva cotización
2025-12-02 14:26:34,507 - INFO - ✓ Sistema listo para siguiente cotización automática
2025-12-02 14:26:35,508 - INFO - Configuración - Garantías: SI, Descuento: NO, Créditos: NO, Entrega: SI, Tipo Entrega: cliente llevará
2025-12-02 14:26:35,508 - INFO - === PASO 5: EXTRAER NÚMERO COTIZACIÓN ===
2025-12-02 14:26:35,509 - INFO - === EXTRAYENDO NÚMERO DE COTIZACIÓN INICIAL ===
2025-12-02 14:26:37,538 - INFO - Número encontrado con selector: li.quotationNumberTitle p:last-child
2025-12-02 14:26:37,538 - INFO - Número de cotización: 1160920925000N
2025-12-02 14:26:37,539 - INFO - Número base extraído: 1160920925000N
2025-12-02 14:26:37,539 - INFO - Número único generado: 1160920925000N_7538
2025-12-02 14:26:37,539 - INFO - === PASO 6: AGREGAR ITEMS ===
2025-12-02 14:26:37,539 - INFO - --- ITEM 1/3 ---
2025-12-02 14:26:37,540 - INFO - === MÓDULO 3: AGREGAR ITEM 1 ===
2025-12-02 14:26:37,540 - INFO - Código: 461772000016, Cantidad: 1
2025-12-02 14:26:37,541 - INFO - Esperando que campo búsqueda item 1 sea visible (timeout: 300s, se reinicia con progreso)...
2025-12-02 14:26:37,563 - INFO - PROGRESO: campo búsqueda item 1 visible - REINICIANDO timeout
2025-12-02 14:26:37,586 - INFO - OK - campo búsqueda item 1 listo después de 0.0s
2025-12-02 14:26:37,669 - INFO - Código 461772000016 ingresado en campo búsqueda
2025-12-02 14:26:37,707 - INFO - Enter enviado para búsqueda
2025-12-02 14:26:39,424 - INFO - Mensaje informativo (ignorado): Error
close
ERROR TO OBTAIN THE PARAMATER: permitirNoInventariadosSeguros...
2025-12-02 14:26:39,425 - INFO - Item 461772000016 procesado correctamente
2025-12-02 14:26:39,426 - INFO - === MÓDULO 4: GARANTÍAS ITEM 1 ===
2025-12-02 14:26:39,427 - INFO - Garantía: AGREGAR
2025-12-02 14:26:40,501 - INFO - Screenshot capturado: C4_07_pantalla_garantias_01.png
2025-12-02 14:26:46,542 - INFO - Botón Add encontrado: //button[contains(@class, 'btn-success') and contains(text(), 'Add')]
2025-12-02 14:26:46,557 - INFO - Click en Añadir garantía
2025-12-02 14:26:48,615 - INFO - Encontradas 7 opciones de garantía
2025-12-02 14:26:48,642 - INFO - Precio $0.00 encontrado - buscando botón Void
2025-12-02 14:26:48,699 - INFO - Clic en botón Void para garantía $0.00
2025-12-02 14:26:48,810 - INFO - Screenshot capturado: C4_08_garantia_void_01.png
2025-12-02 14:26:49,965 - INFO - Screenshot capturado: C4_06_item_con_garantias_procesadas_01.png
2025-12-02 14:26:49,966 - INFO - Garantías procesadas para item 1
2025-12-02 14:26:49,967 - INFO - --- ITEM 2/3 ---
2025-12-02 14:26:49,968 - INFO - === MÓDULO 3: AGREGAR ITEM 2 ===
2025-12-02 14:26:49,969 - INFO - Código: 450879300006, Cantidad: 1
2025-12-02 14:26:49,969 - INFO - Esperando que campo búsqueda item 2 sea visible (timeout: 300s, se reinicia con progreso)...
2025-12-02 14:26:50,141 - INFO - PROGRESO: campo búsqueda item 2 visible - REINICIANDO timeout
2025-12-02 14:26:50,217 - INFO - OK - campo búsqueda item 2 listo después de 0.0s
2025-12-02 14:26:50,354 - INFO - Código 450879300006 ingresado en campo búsqueda
2025-12-02 14:26:50,393 - INFO - Enter enviado para búsqueda
2025-12-02 14:26:52,904 - INFO - Mensaje informativo (ignorado): Error
close
ERROR TO OBTAIN THE PARAMATER: permitirNoInventariadosSeguros...
2025-12-02 14:26:52,906 - INFO - Item 450879300006 procesado correctamente
2025-12-02 14:26:52,906 - INFO - === MÓDULO 4: GARANTÍAS ITEM 2 ===
2025-12-02 14:26:52,907 - INFO - Garantía: AGREGAR
2025-12-02 14:26:53,990 - INFO - Screenshot capturado: C4_07_pantalla_garantias_02.png
2025-12-02 14:27:00,055 - INFO - Botón Add encontrado: //button[contains(@class, 'btn-success') and contains(text(), 'Add')]
2025-12-02 14:27:00,083 - INFO - Click en Añadir garantía
2025-12-02 14:27:02,099 - INFO - Encontradas 6 opciones de garantía
2025-12-02 14:27:02,183 - INFO - Garantía seleccionada - precio: $77.97
2025-12-02 14:27:03,215 - INFO - Clic en botón final para garantía con precio
2025-12-02 14:27:04,281 - INFO - Screenshot capturado: C4_08_garantia_procesada_02.png
2025-12-02 14:27:05,351 - INFO - Screenshot capturado: C4_06_item_con_garantias_procesadas_02.png
2025-12-02 14:27:05,352 - INFO - Garantías procesadas para item 2
2025-12-02 14:27:05,353 - INFO - --- ITEM 3/3 ---
2025-12-02 14:27:05,353 - INFO - === MÓDULO 3: AGREGAR ITEM 3 ===
2025-12-02 14:27:05,354 - INFO - Código: 462708100008, Cantidad: 1
2025-12-02 14:27:05,355 - INFO - Esperando que campo búsqueda item 3 sea visible (timeout: 300s, se reinicia con progreso)...
2025-12-02 14:27:05,395 - INFO - PROGRESO: campo búsqueda item 3 visible - REINICIANDO timeout
2025-12-02 14:27:05,419 - INFO - OK - campo búsqueda item 3 listo después de 0.0s
2025-12-02 14:27:05,540 - INFO - Código 462708100008 ingresado en campo búsqueda
2025-12-02 14:27:05,579 - INFO - Enter enviado para búsqueda
2025-12-02 14:27:10,841 - INFO -  Popup cerrado
2025-12-02 14:27:10,869 - INFO - Item 462708100008 procesado correctamente
2025-12-02 14:27:10,869 - INFO - === MÓDULO 4: GARANTÍAS ITEM 3 ===
2025-12-02 14:27:10,870 - INFO - Garantía: AGREGAR
2025-12-02 14:27:11,952 - INFO - Screenshot capturado: C4_07_pantalla_garantias_03.png
2025-12-02 14:27:33,037 - INFO - No se detectó pantalla de garantías - continuando sin agregar
2025-12-02 14:27:33,038 - INFO - === PASO 7: ENLAZAR CUSTOMER ===
2025-12-02 14:27:33,038 - INFO - === MÓDULO 5: ENLAZAR CUSTOMER ===
2025-12-02 14:27:33,108 - INFO - Screenshot capturado: C4_12_antes_enlazar_cliente.png
2025-12-02 14:27:38,142 - INFO - Enlace cliente encontrado: /html/body/div[2]/div[3]/div[28]/div[3]/h4/a
2025-12-02 14:27:38,164 - INFO - Click en enlace cliente
2025-12-02 14:27:41,214 - INFO - Screenshot capturado: C4_13_formulario_cliente.png
2025-12-02 14:27:42,533 - INFO - Cliente 057874256 ingresado
2025-12-02 14:27:43,598 - INFO - Screenshot capturado: C4_14_cliente_ingresado.png
2025-12-02 14:27:44,721 - INFO - Primer Next
2025-12-02 14:27:47,865 - INFO - Screenshot capturado: C4_15_primer_next.png
2025-12-02 14:27:53,842 - INFO - Segundo Next
2025-12-02 14:27:56,906 - INFO - Screenshot capturado: C4_16_segundo_next.png
2025-12-02 14:27:56,906 - INFO - Customer enlazado exitosamente
2025-12-02 14:27:56,906 - INFO - === PASO 8: CONFIGURAR ENTREGA ===
2025-12-02 14:27:56,907 - INFO - === MÓDULO 6: DESPACHO/ENTREGA ===
2025-12-02 14:27:56,907 - INFO - Despacho/Entrega: CONFIGURAR
2025-12-02 14:27:56,907 - INFO - Tipo de entrega: cliente llevará
2025-12-02 14:27:56,964 - INFO - Screenshot capturado: C4_17_antes_entrega_cliente.png
2025-12-02 14:27:56,965 - INFO - Paso 1: Buscando botón Transaction Options
2025-12-02 14:27:59,999 - INFO - ✓ Transaction Options encontrado con: transactionOptionsBtn
2025-12-02 14:28:00,039 - INFO - Click en Transaction Options exitoso
2025-12-02 14:28:03,117 - INFO - Screenshot capturado: C4_18_menu_transaction_options.png
2025-12-02 14:28:03,118 - INFO - Paso 2: Seleccionando opción de entrega
2025-12-02 14:28:03,174 - INFO - Opción de entrega seleccionada
2025-12-02 14:28:06,257 - INFO - Screenshot capturado: C4_19_formulario_entrega.png
2025-12-02 14:28:06,258 - INFO - Paso 3: Llenando datos del formulario
2025-12-02 14:28:06,594 - INFO - Nombre 1 ingresado: ELISEO AMILCAR LOPEZ + Enter
2025-12-02 14:28:07,913 - INFO - Nombre 2 ingresado: MARGARITA PORTILLO DE LOPEZ + Enter
2025-12-02 14:28:09,158 - INFO - ✓ Campo adicional (div[4]) ingresado: ELISEO LOPEZ + Enter
2025-12-02 14:28:10,159 - INFO - Paso 4: Configurando select MADRE
2025-12-02 14:28:10,457 - INFO - Select MADRE abierto
2025-12-02 14:28:12,265 - INFO - ✓ Opción MADRE seleccionada
2025-12-02 14:28:13,266 - INFO - Paso 4B: Configurando transportador (relationship)
2025-12-02 14:28:13,529 - INFO - ✓ Select TRANSPORTADOR abierto con: /html/body/div[2]/form/div[1]/div/div[2]/div[6]/span[2]/span/a
2025-12-02 14:28:14,827 - INFO - ✓ Opción TRANSPORTADOR seleccionada
2025-12-02 14:28:15,828 - INFO - Paso 5: Configurando tipo de entrega: cliente llevará
2025-12-02 14:28:16,181 - INFO - ✓ Select TIPO ENTREGA abierto
2025-12-02 14:28:17,448 - INFO - ✓ Tipo entrega seleccionado: Cliente llevará (Cliente Recoge)
2025-12-02 14:28:19,450 - INFO - Paso 6: Configurando lugar de salida (Bodega Nejapa)
2025-12-02 14:28:19,719 - INFO - ✓ Texto escrito: BODEGA 94 NEJAPA
2025-12-02 14:28:22,224 - INFO - ✓ Opción clickeada del dropdown: BODEGA 94 NEJAPA
2025-12-02 14:28:27,242 - INFO - ℹ️ No se requiere OK para lugar de salida
2025-12-02 14:28:29,244 - INFO - Paso 7: Configurando transporte (11094 - BODEGA 94 NEJAPA)
2025-12-02 14:28:31,294 - INFO - ✓ Caja de texto del transporte encontrada
2025-12-02 14:28:32,134 - INFO - ✓ Texto escrito: BODEGA 94 NEJAPA
2025-12-02 14:28:33,135 - INFO - -Buscando opción '11094 - BODEGA 94 NEJAPA' en dropdown...
2025-12-02 14:28:33,136 - INFO - Intentando con selector: //li[@class='ui-menu-item']//a[contains(text(), '11094 - BODEGA 94 NEJAPA')]
2025-12-02 14:28:34,204 - INFO - Intentando con selector: //li[@role='menuitem']//a[contains(text(), '11094 - BODEGA 94 NEJAPA')]
2025-12-02 14:28:35,272 - INFO - Intentando con selector: //li[contains(@class, 'ui-menu-item')]//a[contains(text(), 'BODEGA 94 NEJAPA')]
2025-12-02 14:28:36,325 - INFO - Intentando con selector: //ul[contains(@class, 'ui-autocomplete')]//a[contains(text(), '11094')]
2025-12-02 14:28:37,392 - INFO - Intentando con selector: //a[@class='ui-corner-all'][contains(text(), '11094 - BODEGA 94 NEJAPA')]
2025-12-02 14:28:38,455 - INFO - Intentando con selector: /html/body/ul[4]/li/a
2025-12-02 14:28:39,512 - INFO - 🔄 Fallback: Usando flecha abajo + Enter...
2025-12-02 14:28:40,060 - INFO - ✓ Flecha abajo + Enter ejecutado
2025-12-02 14:28:41,093 - INFO - 🔍 Verificación final: Input='11094 - BODEGA 94 NEJAPA', Select='11094'
2025-12-02 14:28:41,094 - INFO - ✅ TRANSPORTE CONFIGURADO EXITOSAMENTE
2025-12-02 14:28:44,096 - INFO - Paso 8: Agregando instrucciones
2025-12-02 14:28:49,116 - WARNING - Error agregando instrucciones: Message: Unable to locate element: //*[@id='instructions']; For documentation on this error, please visit: https://www.selenium.dev/documentation/webdriver/troubleshooting/errors#nosuchelementexception
Stacktrace:
RemoteError@chrome://remote/content/shared/RemoteError.sys.mjs:8:8
WebDriverError@chrome://remote/content/shared/webdriver/Errors.sys.mjs:187:5
NoSuchElementError@chrome://remote/content/shared/webdriver/Errors.sys.mjs:505:5
element.find/</<@chrome://remote/content/marionette/element.sys.mjs:135:16

2025-12-02 14:28:49,117 - INFO - Paso 9: Enviando formulario de entrega
2025-12-02 14:28:54,135 - WARNING - Error enviando formulario: Message: Unable to locate element: /html/body/div[2]/form/div[2]/button; For documentation on this error, please visit: https://www.selenium.dev/documentation/webdriver/troubleshooting/errors#nosuchelementexception
Stacktrace:
RemoteError@chrome://remote/content/shared/RemoteError.sys.mjs:8:8
WebDriverError@chrome://remote/content/shared/webdriver/Errors.sys.mjs:187:5
NoSuchElementError@chrome://remote/content/shared/webdriver/Errors.sys.mjs:505:5
element.find/</<@chrome://remote/content/marionette/element.sys.mjs:135:16

2025-12-02 14:28:54,136 - WARNING - ⚠️ Error en despacho, continuando...
2025-12-02 14:28:54,137 - INFO - === PASO 9: DESCUENTO EMPLEADO ===
2025-12-02 14:28:54,137 - INFO - Modulo_7_aplicar_credito: DESHABILITADO
2025-12-02 14:28:54,138 - INFO - === PASO 10: CRÉDITOS ===
2025-12-02 14:28:54,138 - INFO - Modulo_8_aplicar_descuento_empleado: DESHABILITADO
2025-12-02 14:28:54,139 - INFO - === PASO 11: FINALIZAR COTIZACIÓN ===
2025-12-02 14:28:54,140 - INFO - === FINALIZANDO COTIZACIÓN ===
2025-12-02 14:28:54,276 - INFO - Screenshot capturado: C4_17_antes_finalizar.png
2025-12-02 14:28:56,277 - INFO - PASO 1: Click en botón finalizar
2025-12-02 14:28:59,297 - INFO - ✓ Botón finalizar encontrado con: /html/body/div[2]/div[4]/div/div/div[3]/form[1]/button
2025-12-02 14:28:59,376 - INFO - Screenshot capturado: C4_18_antes_finalizar.png
2025-12-02 14:28:59,376 - INFO - 🔧 Preservando datos de sesión...
2025-12-02 14:28:59,394 - INFO - 📝 Sesión preservada - OrderID: undefined, SessionData: 
2025-12-02 14:28:59,416 - INFO - ✓ Click en botón finalizar exitoso
2025-12-02 14:29:02,428 - INFO - 🖨️ Elementos printer encontrados: 10
2025-12-02 14:29:02,459 - INFO -   Elemento 1: tag=form, id=printForm, class=
2025-12-02 14:29:02,498 - INFO -   Elemento 2: tag=div, id=, class=printingBox
2025-12-02 14:29:02,547 - INFO -   Elemento 3: tag=input, id=printerGroup, class=printerRadioButton btnFloatRight
2025-12-02 14:29:02,584 - INFO -   Elemento 4: tag=input, id=printerName0, class=
2025-12-02 14:29:02,628 - INFO -   Elemento 5: tag=input, id=printerLocation0, class=
2025-12-02 14:29:02,650 - INFO - 📋 Modales encontrados: 225
2025-12-02 14:29:02,691 - INFO -   Modal 1: tag=div, id=itemInquiryDialog, visible=False
2025-12-02 14:29:02,736 - INFO -   Modal 2: tag=div, id=, visible=False
2025-12-02 14:29:02,810 - INFO -   Modal 3: tag=div, id=, visible=False
2025-12-02 14:29:02,819 - INFO - 📝 Formularios encontrados: 60
2025-12-02 14:29:02,820 - INFO - 🔍 MONITOREANDO ESTADO POST-SAVE...
2025-12-02 14:29:03,824 - INFO - 📍 Segundo 1: URL = http://ursvtols8b3c:8080/engage-unicomer-web/saleOrder/saveAndPrint
2025-12-02 14:29:03,829 - INFO - 📄 Segundo 1: Título = Grupo Unicomer
2025-12-02 14:29:05,395 - INFO - 🔘 Segundo 1: Botones visibles = ['Search', 'Item Inquiry', 'Transaction Options', 'Save & Print', 'Save']
2025-12-02 14:29:05,414 - INFO - 🖨️ Segundo 1: Printer Group encontrado! Visible=True
2025-12-02 14:29:05,415 - INFO - ✅ PRINTER GROUP DISPONIBLE - Procediendo a hacer click...
2025-12-02 14:29:05,675 - INFO - ✓ Default Printer seleccionado: //*[@id='printerGroup']
2025-12-02 14:29:06,699 - INFO - 🖨️ Botón print encontrado: //button[@id='defaultSubmitPrintButton']
2025-12-02 14:29:06,721 - INFO - ✅ CLICK EN BOTÓN IMPRIMIR EXITOSO
2025-12-02 14:29:08,763 - INFO - ✅ CONFIRMACIÓN FINAL EXITOSA
2025-12-02 14:29:09,042 - INFO - Screenshot capturado: C4_21_print_completado.png
2025-12-02 14:29:09,043 - INFO - ✅ Finalización exitosa
2025-12-02 14:29:09,044 - INFO - === PASO 12: GENERAR REPORTE INDIVIDUAL ===
2025-12-02 14:29:09,048 - INFO - Generando reporte para cotización 4 con número 1160920925000N
2025-12-02 14:29:09,049 - INFO - Screenshots disponibles: 20
2025-12-02 14:29:09,051 - INFO - 🔄 Generando reporte para cotización 4: 1160920925000N
2025-12-02 14:29:09,272 - INFO - Excel actualizado - Cotización 4: 1160920925000N
2025-12-02 14:29:10,528 - INFO - Reporte ejecutivo generado: Reporte_cotizacion_1160920925000N.docx
2025-12-02 14:29:10,530 - INFO - Archivo verificado: 1973067 bytes
2025-12-02 14:29:10,531 - INFO - Reporte Word generado exitosamente para cotización 4
2025-12-02 14:29:10,532 - INFO - Iniciando limpieza de screenshots después de generar reporte
2025-12-02 14:29:10,535 - INFO - Screenshot eliminado: C4_02_dashboard.png
2025-12-02 14:29:10,537 - INFO - Screenshot eliminado: C4_04_formulario_orden.png
2025-12-02 14:29:10,539 - INFO - Screenshot eliminado: C4_07_pantalla_garantias_01.png
2025-12-02 14:29:10,541 - INFO - Screenshot eliminado: C4_08_garantia_void_01.png
2025-12-02 14:29:10,543 - INFO - Screenshot eliminado: C4_06_item_con_garantias_procesadas_01.png
2025-12-02 14:29:10,546 - INFO - Screenshot eliminado: C4_07_pantalla_garantias_02.png
2025-12-02 14:29:10,548 - INFO - Screenshot eliminado: C4_08_garantia_procesada_02.png
2025-12-02 14:29:10,551 - INFO - Screenshot eliminado: C4_06_item_con_garantias_procesadas_02.png
2025-12-02 14:29:10,554 - INFO - Screenshot eliminado: C4_07_pantalla_garantias_03.png
2025-12-02 14:29:10,556 - INFO - Screenshot eliminado: C4_12_antes_enlazar_cliente.png
2025-12-02 14:29:10,558 - INFO - Screenshot eliminado: C4_13_formulario_cliente.png
2025-12-02 14:29:10,560 - INFO - Screenshot eliminado: C4_14_cliente_ingresado.png
2025-12-02 14:29:10,563 - INFO - Screenshot eliminado: C4_15_primer_next.png
2025-12-02 14:29:10,566 - INFO - Screenshot eliminado: C4_16_segundo_next.png
2025-12-02 14:29:10,569 - INFO - Screenshot eliminado: C4_17_antes_entrega_cliente.png
2025-12-02 14:29:10,572 - INFO - Screenshot eliminado: C4_18_menu_transaction_options.png
2025-12-02 14:29:10,573 - INFO - Screenshot eliminado: C4_19_formulario_entrega.png
2025-12-02 14:29:10,575 - INFO - Screenshot eliminado: C4_17_antes_finalizar.png
2025-12-02 14:29:10,577 - INFO - Screenshot eliminado: C4_18_antes_finalizar.png
2025-12-02 14:29:10,579 - INFO - Screenshot eliminado: C4_21_print_completado.png
2025-12-02 14:29:10,580 - INFO - 20 screenshots eliminados para esta cotización
2025-12-02 14:29:10,581 - INFO - Cotización 4 completada: 1160920925000N
2025-12-02 14:29:12,583 - INFO - 
🔄 PROCESANDO COTIZACIÓN 5/13: 5
2025-12-02 14:29:12,584 - INFO - === PASO 4: INICIAR ORDEN DE COMPRA ===
2025-12-02 14:29:12,585 - INFO - Buscando botón 'Comience una Orden de Compra'...
2025-12-02 14:29:12,897 - INFO - Screenshot capturado: C5_02_dashboard.png
2025-12-02 14:29:12,901 - INFO - Intentando selector 1: /html/body/div[2]/div[4]/div/div/div[1]/a[1]/input
2025-12-02 14:29:12,907 - INFO - Esperando que botón orden selector 1 sea visible (timeout: 300s, se reinicia con progreso)...
2025-12-02 14:29:13,537 - INFO - PROGRESO: botón orden selector 1 visible - REINICIANDO timeout
2025-12-02 14:29:13,681 - INFO - OK - botón orden selector 1 listo después de 0.0s
2025-12-02 14:29:14,268 - INFO - Click exitoso en botón orden selector 1
2025-12-02 14:29:15,549 - INFO - Screenshot capturado: C5_04_formulario_orden.png
2025-12-02 14:29:15,549 - INFO - Click realizado en botón orden
2025-12-02 14:29:15,550 - INFO - Preparando nueva cotización...
2025-12-02 14:29:20,587 - INFO - ✓ Storage del navegador limpiado
2025-12-02 14:29:20,597 - INFO - ✓ Página estabilizada para nueva cotización
2025-12-02 14:29:20,598 - INFO - ✓ Sistema listo para siguiente cotización automática
2025-12-02 14:29:21,600 - INFO - Configuración - Garantías: SI, Descuento: NO, Créditos: NO, Entrega: SI, Tipo Entrega: cliente llevará
2025-12-02 14:29:21,601 - INFO - === PASO 5: EXTRAER NÚMERO COTIZACIÓN ===
2025-12-02 14:29:21,602 - INFO - === EXTRAYENDO NÚMERO DE COTIZACIÓN INICIAL ===
2025-12-02 14:29:23,715 - INFO - Número encontrado con selector: li.quotationNumberTitle p:last-child
2025-12-02 14:29:23,715 - INFO - Número de cotización: 1160920925000Q
2025-12-02 14:29:23,716 - INFO - Número base extraído: 1160920925000Q
2025-12-02 14:29:23,716 - INFO - Número único generado: 1160920925000Q_3716
2025-12-02 14:29:23,717 - INFO - === PASO 6: AGREGAR ITEMS ===
2025-12-02 14:29:23,717 - INFO - --- ITEM 1/1 ---
2025-12-02 14:29:23,718 - INFO - === MÓDULO 3: AGREGAR ITEM 1 ===
2025-12-02 14:29:23,719 - INFO - Código: 463464800010, Cantidad: 1
2025-12-02 14:29:23,719 - INFO - Esperando que campo búsqueda item 1 sea visible (timeout: 300s, se reinicia con progreso)...
2025-12-02 14:29:23,761 - INFO - PROGRESO: campo búsqueda item 1 visible - REINICIANDO timeout
2025-12-02 14:29:23,804 - INFO - OK - campo búsqueda item 1 listo después de 0.0s
2025-12-02 14:29:23,924 - INFO - Código 463464800010 ingresado en campo búsqueda
2025-12-02 14:29:23,980 - INFO - Enter enviado para búsqueda
2025-12-02 14:29:26,912 - INFO - Mensaje informativo (ignorado): Error
close
ERROR TO OBTAIN THE PARAMATER: permitirNoInventariadosSeguros...
2025-12-02 14:29:26,912 - INFO - Item 463464800010 procesado correctamente
2025-12-02 14:29:26,913 - INFO - === MÓDULO 4: GARANTÍAS ITEM 1 ===
2025-12-02 14:29:26,914 - INFO - Garantía: AGREGAR
2025-12-02 14:29:28,020 - INFO - Screenshot capturado: C5_07_pantalla_garantias_01.png
2025-12-02 14:29:34,047 - INFO - Botón Add encontrado: //button[contains(@class, 'btn-success') and contains(text(), 'Add')]
2025-12-02 14:29:34,066 - INFO - Click en Añadir garantía
2025-12-02 14:29:36,222 - INFO - Encontradas 5 opciones de garantía
2025-12-02 14:29:36,267 - INFO - Precio $0.00 encontrado - buscando botón Void
2025-12-02 14:29:36,346 - INFO - Clic en botón Void para garantía $0.00
2025-12-02 14:29:36,490 - INFO - Screenshot capturado: C5_08_garantia_void_01.png
2025-12-02 14:29:37,633 - INFO - Screenshot capturado: C5_06_item_con_garantias_procesadas_01.png
2025-12-02 14:29:37,635 - INFO - Garantías procesadas para item 1
2025-12-02 14:29:37,637 - INFO - === PASO 7: ENLAZAR CUSTOMER ===
2025-12-02 14:29:37,642 - INFO - === MÓDULO 5: ENLAZAR CUSTOMER ===
2025-12-02 14:29:37,804 - INFO - Screenshot capturado: C5_12_antes_enlazar_cliente.png
2025-12-02 14:29:42,859 - INFO - Enlace cliente encontrado: /html/body/div[2]/div[3]/div[28]/div[3]/h4/a
2025-12-02 14:29:42,881 - INFO - Click en enlace cliente
2025-12-02 14:29:45,976 - INFO - Screenshot capturado: C5_13_formulario_cliente.png
2025-12-02 14:30:18,734 - INFO - Cliente 057874256 ingresado
2025-12-02 14:30:19,798 - INFO - Screenshot capturado: C5_14_cliente_ingresado.png
2025-12-02 14:30:30,468 - WARNING -  Primer Next no encontrado
2025-12-02 14:30:38,163 - INFO - Segundo Next
2025-12-02 14:30:41,247 - INFO - Screenshot capturado: C5_16_segundo_next.png
2025-12-02 14:30:41,248 - INFO - Customer enlazado exitosamente
2025-12-02 14:30:41,248 - INFO - === PASO 8: CONFIGURAR ENTREGA ===
2025-12-02 14:30:41,248 - INFO - === MÓDULO 6: DESPACHO/ENTREGA ===
2025-12-02 14:30:41,249 - INFO - Despacho/Entrega: CONFIGURAR
2025-12-02 14:30:41,249 - INFO - Tipo de entrega: cliente llevará
2025-12-02 14:30:41,332 - INFO - Screenshot capturado: C5_17_antes_entrega_cliente.png
2025-12-02 14:30:41,333 - INFO - Paso 1: Buscando botón Transaction Options
2025-12-02 14:30:45,089 - INFO - ✓ Transaction Options encontrado con: transactionOptionsBtn
2025-12-02 14:30:45,099 - INFO - Click en Transaction Options exitoso
2025-12-02 14:30:48,162 - INFO - Screenshot capturado: C5_18_menu_transaction_options.png
2025-12-02 14:30:48,164 - INFO - Paso 2: Seleccionando opción de entrega
2025-12-02 14:30:48,739 - INFO - Opción de entrega seleccionada
2025-12-02 14:30:51,803 - INFO - Screenshot capturado: C5_19_formulario_entrega.png
2025-12-02 14:30:51,803 - INFO - Paso 3: Llenando datos del formulario
2025-12-02 14:30:52,005 - INFO - Nombre 1 ingresado: ELISEO AMILCAR LOPEZ + Enter
2025-12-02 14:30:53,251 - INFO - Nombre 2 ingresado: MARGARITA PORTILLO DE LOPEZ + Enter
2025-12-02 14:30:54,393 - INFO - ✓ Campo adicional (div[4]) ingresado: ELISEO LOPEZ + Enter
2025-12-02 14:30:55,394 - INFO - Paso 4: Configurando select MADRE
2025-12-02 14:30:55,726 - INFO - Select MADRE abierto
2025-12-02 14:30:57,531 - INFO - ✓ Opción MADRE seleccionada
2025-12-02 14:30:58,533 - INFO - Paso 4B: Configurando transportador (relationship)
2025-12-02 14:30:58,823 - INFO - ✓ Select TRANSPORTADOR abierto con: /html/body/div[2]/form/div[1]/div/div[2]/div[6]/span[2]/span/a
2025-12-02 14:31:00,114 - INFO - ✓ Opción TRANSPORTADOR seleccionada
2025-12-02 14:31:01,116 - INFO - Paso 5: Configurando tipo de entrega: cliente llevará
2025-12-02 14:31:01,398 - INFO - ✓ Select TIPO ENTREGA abierto
2025-12-02 14:31:02,677 - INFO - ✓ Tipo entrega seleccionado: Cliente llevará (Cliente Recoge)
2025-12-02 14:31:04,679 - INFO - Paso 6: Configurando lugar de salida (Bodega Nejapa)
2025-12-02 14:31:04,801 - INFO - ✓ Texto escrito: BODEGA 94 NEJAPA
2025-12-02 14:31:07,079 - INFO - ✓ Opción clickeada del dropdown: BODEGA 94 NEJAPA
2025-12-02 14:31:12,100 - INFO - ℹ️ No se requiere OK para lugar de salida
2025-12-02 14:31:14,101 - INFO - Paso 7: Configurando transporte (11094 - BODEGA 94 NEJAPA)
2025-12-02 14:31:16,125 - INFO - ✓ Caja de texto del transporte encontrada
2025-12-02 14:31:16,964 - INFO - ✓ Texto escrito: BODEGA 94 NEJAPA
2025-12-02 14:31:17,966 - INFO - -Buscando opción '11094 - BODEGA 94 NEJAPA' en dropdown...
2025-12-02 14:31:17,967 - INFO - Intentando con selector: //li[@class='ui-menu-item']//a[contains(text(), '11094 - BODEGA 94 NEJAPA')]
2025-12-02 14:31:19,039 - INFO - Intentando con selector: //li[@role='menuitem']//a[contains(text(), '11094 - BODEGA 94 NEJAPA')]
2025-12-02 14:31:20,091 - INFO - Intentando con selector: //li[contains(@class, 'ui-menu-item')]//a[contains(text(), 'BODEGA 94 NEJAPA')]
2025-12-02 14:31:21,126 - INFO - Intentando con selector: //ul[contains(@class, 'ui-autocomplete')]//a[contains(text(), '11094')]
2025-12-02 14:31:22,167 - INFO - Intentando con selector: //a[@class='ui-corner-all'][contains(text(), '11094 - BODEGA 94 NEJAPA')]
2025-12-02 14:31:23,215 - INFO - Intentando con selector: /html/body/ul[4]/li/a
2025-12-02 14:31:24,267 - INFO - 🔄 Fallback: Usando flecha abajo + Enter...
2025-12-02 14:31:24,817 - INFO - ✓ Flecha abajo + Enter ejecutado
2025-12-02 14:31:25,844 - INFO - 🔍 Verificación final: Input='11094 - BODEGA 94 NEJAPA', Select='11094'
2025-12-02 14:31:25,844 - INFO - ✅ TRANSPORTE CONFIGURADO EXITOSAMENTE
2025-12-02 14:31:28,845 - INFO - Paso 8: Agregando instrucciones
2025-12-02 14:31:33,860 - WARNING - Error agregando instrucciones: Message: Unable to locate element: //*[@id='instructions']; For documentation on this error, please visit: https://www.selenium.dev/documentation/webdriver/troubleshooting/errors#nosuchelementexception
Stacktrace:
RemoteError@chrome://remote/content/shared/RemoteError.sys.mjs:8:8
WebDriverError@chrome://remote/content/shared/webdriver/Errors.sys.mjs:187:5
NoSuchElementError@chrome://remote/content/shared/webdriver/Errors.sys.mjs:505:5
element.find/</<@chrome://remote/content/marionette/element.sys.mjs:135:16

2025-12-02 14:31:33,861 - INFO - Paso 9: Enviando formulario de entrega
2025-12-02 14:31:38,875 - WARNING - Error enviando formulario: Message: Unable to locate element: /html/body/div[2]/form/div[2]/button; For documentation on this error, please visit: https://www.selenium.dev/documentation/webdriver/troubleshooting/errors#nosuchelementexception
Stacktrace:
RemoteError@chrome://remote/content/shared/RemoteError.sys.mjs:8:8
WebDriverError@chrome://remote/content/shared/webdriver/Errors.sys.mjs:187:5
NoSuchElementError@chrome://remote/content/shared/webdriver/Errors.sys.mjs:505:5
element.find/</<@chrome://remote/content/marionette/element.sys.mjs:135:16

2025-12-02 14:31:38,876 - WARNING - ⚠️ Error en despacho, continuando...
2025-12-02 14:31:38,876 - INFO - === PASO 9: DESCUENTO EMPLEADO ===
2025-12-02 14:31:38,876 - INFO - Modulo_7_aplicar_credito: DESHABILITADO
2025-12-02 14:31:38,877 - INFO - === PASO 10: CRÉDITOS ===
2025-12-02 14:31:38,878 - INFO - Modulo_8_aplicar_descuento_empleado: DESHABILITADO
2025-12-02 14:31:38,878 - INFO - === PASO 11: FINALIZAR COTIZACIÓN ===
2025-12-02 14:31:38,879 - INFO - === FINALIZANDO COTIZACIÓN ===
2025-12-02 14:31:38,936 - INFO - Screenshot capturado: C5_17_antes_finalizar.png
2025-12-02 14:31:40,941 - INFO - PASO 1: Click en botón finalizar
2025-12-02 14:31:43,975 - INFO - ✓ Botón finalizar encontrado con: /html/body/div[2]/div[4]/div/div/div[3]/form[1]/button
2025-12-02 14:31:44,032 - INFO - Screenshot capturado: C5_18_antes_finalizar.png
2025-12-02 14:31:44,032 - INFO - 🔧 Preservando datos de sesión...
2025-12-02 14:31:44,043 - INFO - 📝 Sesión preservada - OrderID: undefined, SessionData: 
2025-12-02 14:31:44,066 - INFO - ✓ Click en botón finalizar exitoso
2025-12-02 14:31:51,661 - INFO - 🖨️ Elementos printer encontrados: 1
2025-12-02 14:31:51,704 - INFO -   Elemento 1: tag=form, id=printForm, class=
2025-12-02 14:31:51,723 - INFO - 📋 Modales encontrados: 151
2025-12-02 14:31:51,781 - INFO -   Modal 1: tag=div, id=itemInquiryDialog, visible=False
2025-12-02 14:31:51,837 - INFO -   Modal 2: tag=div, id=, visible=False
2025-12-02 14:31:51,883 - INFO -   Modal 3: tag=div, id=, visible=False
2025-12-02 14:31:51,892 - INFO - 📝 Formularios encontrados: 39
2025-12-02 14:31:51,892 - INFO - 🔍 MONITOREANDO ESTADO POST-SAVE...
2025-12-02 14:31:52,901 - INFO - 📍 Segundo 1: URL = http://ursvtols8b3c:8080/engage-unicomer-web/saleOrder/saveAndPrint
2025-12-02 14:31:52,908 - INFO - 📄 Segundo 1: Título = Grupo Unicomer
2025-12-02 14:31:54,317 - INFO - 🔘 Segundo 1: Botones visibles = ['Search', 'Item Inquiry', 'Transaction Options', 'Save & Print', 'Save']
2025-12-02 14:31:54,340 - INFO - 🖨️ Segundo 1: Printer Group encontrado! Visible=True
2025-12-02 14:31:54,341 - INFO - ✅ PRINTER GROUP DISPONIBLE - Procediendo a hacer click...
2025-12-02 14:31:54,598 - INFO - ✓ Default Printer seleccionado: //*[@id='printerGroup']
2025-12-02 14:31:55,626 - INFO - 🖨️ Botón print encontrado: //button[@id='defaultSubmitPrintButton']
2025-12-02 14:31:55,642 - INFO - ✅ CLICK EN BOTÓN IMPRIMIR EXITOSO
2025-12-02 14:31:57,681 - INFO - ✅ CONFIRMACIÓN FINAL EXITOSA
2025-12-02 14:31:57,768 - INFO - Screenshot capturado: C5_21_print_completado.png
2025-12-02 14:31:57,768 - INFO - ✅ Finalización exitosa
2025-12-02 14:31:57,768 - INFO - === PASO 12: GENERAR REPORTE INDIVIDUAL ===
2025-12-02 14:31:57,769 - INFO - Generando reporte para cotización 5 con número 1160920925000Q
2025-12-02 14:31:57,769 - INFO - Screenshots disponibles: 15
2025-12-02 14:31:57,770 - INFO - 🔄 Generando reporte para cotización 5: 1160920925000Q
2025-12-02 14:31:57,956 - INFO - Excel actualizado - Cotización 5: 1160920925000Q
2025-12-02 14:31:58,347 - INFO - Reporte ejecutivo generado: Reporte_cotizacion_1160920925000Q.docx
2025-12-02 14:31:58,348 - INFO - Archivo verificado: 1382912 bytes
2025-12-02 14:31:58,348 - INFO - Reporte Word generado exitosamente para cotización 5
2025-12-02 14:31:58,348 - INFO - Iniciando limpieza de screenshots después de generar reporte
2025-12-02 14:31:58,351 - INFO - Screenshot eliminado: C5_02_dashboard.png
2025-12-02 14:31:58,353 - INFO - Screenshot eliminado: C5_04_formulario_orden.png
2025-12-02 14:31:58,354 - INFO - Screenshot eliminado: C5_07_pantalla_garantias_01.png
2025-12-02 14:31:58,355 - INFO - Screenshot eliminado: C5_08_garantia_void_01.png
2025-12-02 14:31:58,358 - INFO - Screenshot eliminado: C5_06_item_con_garantias_procesadas_01.png
2025-12-02 14:31:58,362 - INFO - Screenshot eliminado: C5_12_antes_enlazar_cliente.png
2025-12-02 14:31:58,364 - INFO - Screenshot eliminado: C5_13_formulario_cliente.png
2025-12-02 14:31:58,366 - INFO - Screenshot eliminado: C5_14_cliente_ingresado.png
2025-12-02 14:31:58,367 - INFO - Screenshot eliminado: C5_16_segundo_next.png
2025-12-02 14:31:58,369 - INFO - Screenshot eliminado: C5_17_antes_entrega_cliente.png
2025-12-02 14:31:58,370 - INFO - Screenshot eliminado: C5_18_menu_transaction_options.png
2025-12-02 14:31:58,372 - INFO - Screenshot eliminado: C5_19_formulario_entrega.png
2025-12-02 14:31:58,376 - INFO - Screenshot eliminado: C5_17_antes_finalizar.png
2025-12-02 14:31:58,378 - INFO - Screenshot eliminado: C5_18_antes_finalizar.png
2025-12-02 14:31:58,381 - INFO - Screenshot eliminado: C5_21_print_completado.png
2025-12-02 14:31:58,381 - INFO - 15 screenshots eliminados para esta cotización
2025-12-02 14:31:58,382 - INFO - Cotización 5 completada: 1160920925000Q
2025-12-02 14:32:00,383 - INFO - 
🔄 PROCESANDO COTIZACIÓN 6/13: 6
2025-12-02 14:32:00,384 - INFO - === PASO 4: INICIAR ORDEN DE COMPRA ===
2025-12-02 14:32:00,385 - INFO - Buscando botón 'Comience una Orden de Compra'...
2025-12-02 14:32:00,481 - INFO - Screenshot capturado: C6_02_dashboard.png
2025-12-02 14:32:00,482 - INFO - Intentando selector 1: /html/body/div[2]/div[4]/div/div/div[1]/a[1]/input
2025-12-02 14:32:00,482 - INFO - Esperando que botón orden selector 1 sea visible (timeout: 300s, se reinicia con progreso)...
2025-12-02 14:32:00,523 - INFO - PROGRESO: botón orden selector 1 visible - REINICIANDO timeout
2025-12-02 14:32:00,555 - INFO - OK - botón orden selector 1 listo después de 0.0s
2025-12-02 14:32:01,136 - INFO - Click exitoso en botón orden selector 1
2025-12-02 14:32:02,472 - INFO - Screenshot capturado: C6_04_formulario_orden.png
2025-12-02 14:32:02,475 - INFO - Click realizado en botón orden
2025-12-02 14:32:02,476 - INFO - Preparando nueva cotización...
2025-12-02 14:32:07,499 - INFO - ✓ Storage del navegador limpiado
2025-12-02 14:32:07,503 - INFO - ✓ Página estabilizada para nueva cotización
2025-12-02 14:32:07,504 - INFO - ✓ Sistema listo para siguiente cotización automática
2025-12-02 14:32:08,505 - INFO - Configuración - Garantías: SI, Descuento: NO, Créditos: NO, Entrega: SI, Tipo Entrega: cliente llevará
2025-12-02 14:32:08,506 - INFO - === PASO 5: EXTRAER NÚMERO COTIZACIÓN ===
2025-12-02 14:32:08,507 - INFO - === EXTRAYENDO NÚMERO DE COTIZACIÓN INICIAL ===
2025-12-02 14:32:10,546 - INFO - Número encontrado con selector: li.quotationNumberTitle p:last-child
2025-12-02 14:32:10,546 - INFO - Número de cotización: 1160920925000R
2025-12-02 14:32:10,547 - INFO - Número base extraído: 1160920925000R
2025-12-02 14:32:10,547 - INFO - Número único generado: 1160920925000R_547
2025-12-02 14:32:10,547 - INFO - === PASO 6: AGREGAR ITEMS ===
2025-12-02 14:32:10,548 - INFO - --- ITEM 1/1 ---
2025-12-02 14:32:10,548 - INFO - === MÓDULO 3: AGREGAR ITEM 1 ===
2025-12-02 14:32:10,548 - INFO - Código: 462271000019, Cantidad: 1
2025-12-02 14:32:10,549 - INFO - Esperando que campo búsqueda item 1 sea visible (timeout: 300s, se reinicia con progreso)...
2025-12-02 14:32:10,565 - INFO - PROGRESO: campo búsqueda item 1 visible - REINICIANDO timeout
2025-12-02 14:32:10,586 - INFO - OK - campo búsqueda item 1 listo después de 0.0s
2025-12-02 14:32:10,654 - INFO - Código 462271000019 ingresado en campo búsqueda
2025-12-02 14:32:10,687 - INFO - Enter enviado para búsqueda
2025-12-02 14:32:12,957 - INFO - Mensaje informativo (ignorado): Error
close
ERROR TO OBTAIN THE PARAMATER: permitirNoInventariadosSeguros...
2025-12-02 14:32:12,957 - INFO - Item 462271000019 procesado correctamente
2025-12-02 14:32:12,958 - INFO - === MÓDULO 4: GARANTÍAS ITEM 1 ===
2025-12-02 14:32:12,958 - INFO - Garantía: AGREGAR
2025-12-02 14:32:14,087 - INFO - Screenshot capturado: C6_07_pantalla_garantias_01.png
2025-12-02 14:32:20,142 - INFO - Botón Add encontrado: //button[contains(@class, 'btn-success') and contains(text(), 'Add')]
2025-12-02 14:32:20,168 - INFO - Click en Añadir garantía
2025-12-02 14:32:22,193 - INFO - Encontradas 6 opciones de garantía
2025-12-02 14:32:22,284 - INFO - Garantía seleccionada - precio: $66.25
2025-12-02 14:32:23,336 - INFO - Clic en botón final para garantía con precio
2025-12-02 14:32:24,443 - INFO - Screenshot capturado: C6_08_garantia_procesada_01.png
2025-12-02 14:32:25,527 - INFO - Screenshot capturado: C6_06_item_con_garantias_procesadas_01.png
2025-12-02 14:32:25,527 - INFO - Garantías procesadas para item 1
2025-12-02 14:32:25,528 - INFO - === PASO 7: ENLAZAR CUSTOMER ===
2025-12-02 14:32:25,528 - INFO - === MÓDULO 5: ENLAZAR CUSTOMER ===
2025-12-02 14:32:25,596 - INFO - Screenshot capturado: C6_12_antes_enlazar_cliente.png
2025-12-02 14:32:30,629 - INFO - Enlace cliente encontrado: /html/body/div[2]/div[3]/div[28]/div[3]/h4/a
2025-12-02 14:32:30,652 - INFO - Click en enlace cliente
2025-12-02 14:32:33,716 - INFO - Screenshot capturado: C6_13_formulario_cliente.png
2025-12-02 14:32:35,015 - INFO - Cliente 057874256 ingresado
2025-12-02 14:32:36,072 - INFO - Screenshot capturado: C6_14_cliente_ingresado.png
2025-12-02 14:32:37,891 - INFO - Primer Next
2025-12-02 14:32:40,995 - INFO - Screenshot capturado: C6_15_primer_next.png
2025-12-02 14:32:46,317 - INFO - Segundo Next
2025-12-02 14:32:49,386 - INFO - Screenshot capturado: C6_16_segundo_next.png
2025-12-02 14:32:49,387 - INFO - Customer enlazado exitosamente
2025-12-02 14:32:49,387 - INFO - === PASO 8: CONFIGURAR ENTREGA ===
2025-12-02 14:32:49,387 - INFO - === MÓDULO 6: DESPACHO/ENTREGA ===
2025-12-02 14:32:49,388 - INFO - Despacho/Entrega: CONFIGURAR
2025-12-02 14:32:49,388 - INFO - Tipo de entrega: cliente llevará
2025-12-02 14:32:49,457 - INFO - Screenshot capturado: C6_17_antes_entrega_cliente.png
2025-12-02 14:32:49,457 - INFO - Paso 1: Buscando botón Transaction Options
2025-12-02 14:32:52,485 - INFO - ✓ Transaction Options encontrado con: transactionOptionsBtn
2025-12-02 14:32:52,511 - INFO - Click en Transaction Options exitoso
2025-12-02 14:32:55,581 - INFO - Screenshot capturado: C6_18_menu_transaction_options.png
2025-12-02 14:32:55,581 - INFO - Paso 2: Seleccionando opción de entrega
2025-12-02 14:32:55,623 - INFO - Opción de entrega seleccionada
2025-12-02 14:32:58,692 - INFO - Screenshot capturado: C6_19_formulario_entrega.png
2025-12-02 14:32:58,692 - INFO - Paso 3: Llenando datos del formulario
2025-12-02 14:32:59,174 - INFO - Nombre 1 ingresado: ELISEO AMILCAR LOPEZ + Enter
2025-12-02 14:33:00,484 - INFO - Nombre 2 ingresado: MARGARITA PORTILLO DE LOPEZ + Enter
2025-12-02 14:33:01,843 - INFO - ✓ Campo adicional (div[4]) ingresado: ELISEO LOPEZ + Enter
2025-12-02 14:33:02,844 - INFO - Paso 4: Configurando select MADRE
2025-12-02 14:33:03,124 - INFO - Select MADRE abierto
2025-12-02 14:33:04,926 - INFO - ✓ Opción MADRE seleccionada
2025-12-02 14:33:05,928 - INFO - Paso 4B: Configurando transportador (relationship)
2025-12-02 14:33:06,186 - INFO - ✓ Select TRANSPORTADOR abierto con: /html/body/div[2]/form/div[1]/div/div[2]/div[6]/span[2]/span/a
2025-12-02 14:33:07,466 - INFO - ✓ Opción TRANSPORTADOR seleccionada
2025-12-02 14:33:08,466 - INFO - Paso 5: Configurando tipo de entrega: cliente llevará
2025-12-02 14:33:08,808 - INFO - ✓ Select TIPO ENTREGA abierto
2025-12-02 14:33:10,107 - INFO - ✓ Tipo entrega seleccionado: Cliente llevará (Cliente Recoge)
2025-12-02 14:33:12,109 - INFO - Paso 6: Configurando lugar de salida (Bodega Nejapa)
2025-12-02 14:33:12,187 - INFO - ✓ Texto escrito: BODEGA 94 NEJAPA
2025-12-02 14:33:14,452 - INFO - ✓ Opción clickeada del dropdown: BODEGA 94 NEJAPA
2025-12-02 14:33:19,466 - INFO - ℹ️ No se requiere OK para lugar de salida
2025-12-02 14:33:21,467 - INFO - Paso 7: Configurando transporte (11094 - BODEGA 94 NEJAPA)
2025-12-02 14:33:23,516 - INFO - ✓ Caja de texto del transporte encontrada
2025-12-02 14:33:24,319 - INFO - ✓ Texto escrito: BODEGA 94 NEJAPA
2025-12-02 14:33:25,322 - INFO - -Buscando opción '11094 - BODEGA 94 NEJAPA' en dropdown...
2025-12-02 14:33:25,324 - INFO - Intentando con selector: //li[@class='ui-menu-item']//a[contains(text(), '11094 - BODEGA 94 NEJAPA')]
2025-12-02 14:33:26,420 - INFO - Intentando con selector: //li[@role='menuitem']//a[contains(text(), '11094 - BODEGA 94 NEJAPA')]
2025-12-02 14:33:27,483 - INFO - Intentando con selector: //li[contains(@class, 'ui-menu-item')]//a[contains(text(), 'BODEGA 94 NEJAPA')]
2025-12-02 14:33:28,556 - INFO - Intentando con selector: //ul[contains(@class, 'ui-autocomplete')]//a[contains(text(), '11094')]
2025-12-02 14:33:29,621 - INFO - Intentando con selector: //a[@class='ui-corner-all'][contains(text(), '11094 - BODEGA 94 NEJAPA')]
2025-12-02 14:33:30,687 - INFO - Intentando con selector: /html/body/ul[4]/li/a
2025-12-02 14:33:31,753 - INFO - 🔄 Fallback: Usando flecha abajo + Enter...
2025-12-02 14:33:32,303 - INFO - ✓ Flecha abajo + Enter ejecutado
2025-12-02 14:33:33,337 - INFO - 🔍 Verificación final: Input='11094 - BODEGA 94 NEJAPA', Select='11094'
2025-12-02 14:33:33,338 - INFO - ✅ TRANSPORTE CONFIGURADO EXITOSAMENTE
2025-12-02 14:33:36,340 - INFO - Paso 8: Agregando instrucciones
2025-12-02 14:33:41,360 - WARNING - Error agregando instrucciones: Message: Unable to locate element: //*[@id='instructions']; For documentation on this error, please visit: https://www.selenium.dev/documentation/webdriver/troubleshooting/errors#nosuchelementexception
Stacktrace:
RemoteError@chrome://remote/content/shared/RemoteError.sys.mjs:8:8
WebDriverError@chrome://remote/content/shared/webdriver/Errors.sys.mjs:187:5
NoSuchElementError@chrome://remote/content/shared/webdriver/Errors.sys.mjs:505:5
element.find/</<@chrome://remote/content/marionette/element.sys.mjs:135:16

2025-12-02 14:33:41,361 - INFO - Paso 9: Enviando formulario de entrega
2025-12-02 14:33:46,379 - WARNING - Error enviando formulario: Message: Unable to locate element: /html/body/div[2]/form/div[2]/button; For documentation on this error, please visit: https://www.selenium.dev/documentation/webdriver/troubleshooting/errors#nosuchelementexception
Stacktrace:
RemoteError@chrome://remote/content/shared/RemoteError.sys.mjs:8:8
WebDriverError@chrome://remote/content/shared/webdriver/Errors.sys.mjs:187:5
NoSuchElementError@chrome://remote/content/shared/webdriver/Errors.sys.mjs:505:5
element.find/</<@chrome://remote/content/marionette/element.sys.mjs:135:16

2025-12-02 14:33:46,380 - WARNING - ⚠️ Error en despacho, continuando...
2025-12-02 14:33:46,381 - INFO - === PASO 9: DESCUENTO EMPLEADO ===
2025-12-02 14:33:46,381 - INFO - Modulo_7_aplicar_credito: DESHABILITADO
2025-12-02 14:33:46,382 - INFO - === PASO 10: CRÉDITOS ===
2025-12-02 14:33:46,382 - INFO - Modulo_8_aplicar_descuento_empleado: DESHABILITADO
2025-12-02 14:33:46,383 - INFO - === PASO 11: FINALIZAR COTIZACIÓN ===
2025-12-02 14:33:46,384 - INFO - === FINALIZANDO COTIZACIÓN ===
2025-12-02 14:33:46,510 - INFO - Screenshot capturado: C6_17_antes_finalizar.png
2025-12-02 14:33:48,511 - INFO - PASO 1: Click en botón finalizar
2025-12-02 14:33:51,545 - INFO - ✓ Botón finalizar encontrado con: /html/body/div[2]/div[4]/div/div/div[3]/form[1]/button
2025-12-02 14:33:51,629 - INFO - Screenshot capturado: C6_18_antes_finalizar.png
2025-12-02 14:33:51,630 - INFO - 🔧 Preservando datos de sesión...
2025-12-02 14:33:51,646 - INFO - 📝 Sesión preservada - OrderID: undefined, SessionData: 
2025-12-02 14:33:51,677 - INFO - ✓ Click en botón finalizar exitoso
2025-12-02 14:33:54,688 - INFO - 🖨️ Elementos printer encontrados: 10
2025-12-02 14:33:54,717 - INFO -   Elemento 1: tag=form, id=printForm, class=
2025-12-02 14:33:54,745 - INFO -   Elemento 2: tag=div, id=, class=printingBox
2025-12-02 14:33:54,781 - INFO -   Elemento 3: tag=input, id=printerGroup, class=printerRadioButton btnFloatRight
2025-12-02 14:33:54,821 - INFO -   Elemento 4: tag=input, id=printerName0, class=
2025-12-02 14:33:54,858 - INFO -   Elemento 5: tag=input, id=printerLocation0, class=
2025-12-02 14:33:54,878 - INFO - 📋 Modales encontrados: 159
2025-12-02 14:33:54,921 - INFO -   Modal 1: tag=div, id=itemInquiryDialog, visible=False
2025-12-02 14:33:54,954 - INFO -   Modal 2: tag=div, id=, visible=False
2025-12-02 14:33:54,983 - INFO -   Modal 3: tag=div, id=, visible=False
2025-12-02 14:33:54,992 - INFO - 📝 Formularios encontrados: 42
2025-12-02 14:33:54,992 - INFO - 🔍 MONITOREANDO ESTADO POST-SAVE...
2025-12-02 14:33:55,996 - INFO - 📍 Segundo 1: URL = http://ursvtols8b3c:8080/engage-unicomer-web/saleOrder/saveAndPrint
2025-12-02 14:33:55,999 - INFO - 📄 Segundo 1: Título = Grupo Unicomer
2025-12-02 14:33:57,511 - INFO - 🔘 Segundo 1: Botones visibles = ['Search', 'Item Inquiry', 'Transaction Options', 'Save & Print', 'Save']
2025-12-02 14:33:57,530 - INFO - 🖨️ Segundo 1: Printer Group encontrado! Visible=True
2025-12-02 14:33:57,531 - INFO - ✅ PRINTER GROUP DISPONIBLE - Procediendo a hacer click...
2025-12-02 14:33:57,794 - INFO - ✓ Default Printer seleccionado: //*[@id='printerGroup']
2025-12-02 14:33:58,822 - INFO - 🖨️ Botón print encontrado: //button[@id='defaultSubmitPrintButton']
2025-12-02 14:33:58,844 - INFO - ✅ CLICK EN BOTÓN IMPRIMIR EXITOSO
2025-12-02 14:34:01,085 - INFO - ✅ CONFIRMACIÓN FINAL EXITOSA
2025-12-02 14:34:01,317 - INFO - Screenshot capturado: C6_21_print_completado.png
2025-12-02 14:34:01,318 - INFO - ✅ Finalización exitosa
2025-12-02 14:34:01,318 - INFO - === PASO 12: GENERAR REPORTE INDIVIDUAL ===
2025-12-02 14:34:01,319 - INFO - Generando reporte para cotización 6 con número 1160920925000R
2025-12-02 14:34:01,320 - INFO - Screenshots disponibles: 16
2025-12-02 14:34:01,320 - INFO - 🔄 Generando reporte para cotización 6: 1160920925000R
2025-12-02 14:34:01,527 - INFO - Excel actualizado - Cotización 6: 1160920925000R
2025-12-02 14:34:02,031 - INFO - Reporte ejecutivo generado: Reporte_cotizacion_1160920925000R.docx
2025-12-02 14:34:02,032 - INFO - Archivo verificado: 1353858 bytes
2025-12-02 14:34:02,033 - INFO - Reporte Word generado exitosamente para cotización 6
2025-12-02 14:34:02,033 - INFO - Iniciando limpieza de screenshots después de generar reporte
2025-12-02 14:34:02,037 - INFO - Screenshot eliminado: C6_02_dashboard.png
2025-12-02 14:34:02,039 - INFO - Screenshot eliminado: C6_04_formulario_orden.png
2025-12-02 14:34:02,042 - INFO - Screenshot eliminado: C6_07_pantalla_garantias_01.png
2025-12-02 14:34:02,047 - INFO - Screenshot eliminado: C6_08_garantia_procesada_01.png
2025-12-02 14:34:02,050 - INFO - Screenshot eliminado: C6_06_item_con_garantias_procesadas_01.png
2025-12-02 14:34:02,053 - INFO - Screenshot eliminado: C6_12_antes_enlazar_cliente.png
2025-12-02 14:34:02,057 - INFO - Screenshot eliminado: C6_13_formulario_cliente.png
2025-12-02 14:34:02,061 - INFO - Screenshot eliminado: C6_14_cliente_ingresado.png
2025-12-02 14:34:02,063 - INFO - Screenshot eliminado: C6_15_primer_next.png
2025-12-02 14:34:02,066 - INFO - Screenshot eliminado: C6_16_segundo_next.png
2025-12-02 14:34:02,068 - INFO - Screenshot eliminado: C6_17_antes_entrega_cliente.png
2025-12-02 14:34:02,070 - INFO - Screenshot eliminado: C6_18_menu_transaction_options.png
2025-12-02 14:34:02,074 - INFO - Screenshot eliminado: C6_19_formulario_entrega.png
2025-12-02 14:34:02,076 - INFO - Screenshot eliminado: C6_17_antes_finalizar.png
2025-12-02 14:34:02,078 - INFO - Screenshot eliminado: C6_18_antes_finalizar.png
2025-12-02 14:34:02,081 - INFO - Screenshot eliminado: C6_21_print_completado.png
2025-12-02 14:34:02,081 - INFO - 16 screenshots eliminados para esta cotización
2025-12-02 14:34:02,082 - INFO - Cotización 6 completada: 1160920925000R
2025-12-02 14:34:04,084 - INFO - 
🔄 PROCESANDO COTIZACIÓN 7/13: 7
2025-12-02 14:34:04,085 - INFO - === PASO 4: INICIAR ORDEN DE COMPRA ===
2025-12-02 14:34:04,086 - INFO - Buscando botón 'Comience una Orden de Compra'...
2025-12-02 14:34:04,241 - INFO - Screenshot capturado: C7_02_dashboard.png
2025-12-02 14:34:04,242 - INFO - Intentando selector 1: /html/body/div[2]/div[4]/div/div/div[1]/a[1]/input
2025-12-02 14:34:04,243 - INFO - Esperando que botón orden selector 1 sea visible (timeout: 300s, se reinicia con progreso)...
2025-12-02 14:34:04,313 - INFO - PROGRESO: botón orden selector 1 visible - REINICIANDO timeout
2025-12-02 14:34:04,383 - INFO - OK - botón orden selector 1 listo después de 0.0s
2025-12-02 14:34:04,973 - INFO - Click exitoso en botón orden selector 1
2025-12-02 14:34:06,173 - INFO - Screenshot capturado: C7_04_formulario_orden.png
2025-12-02 14:34:06,174 - INFO - Click realizado en botón orden
2025-12-02 14:34:06,175 - INFO - Preparando nueva cotización...
2025-12-02 14:34:11,195 - INFO - ✓ Storage del navegador limpiado
2025-12-02 14:34:11,200 - INFO - ✓ Página estabilizada para nueva cotización
2025-12-02 14:34:11,201 - INFO - ✓ Sistema listo para siguiente cotización automática
2025-12-02 14:34:12,202 - INFO - Configuración - Garantías: SI, Descuento: NO, Créditos: NO, Entrega: SI, Tipo Entrega: cliente llevará
2025-12-02 14:34:12,203 - INFO - === PASO 5: EXTRAER NÚMERO COTIZACIÓN ===
2025-12-02 14:34:12,203 - INFO - === EXTRAYENDO NÚMERO DE COTIZACIÓN INICIAL ===
2025-12-02 14:34:14,269 - INFO - Número encontrado con selector: li.quotationNumberTitle p:last-child
2025-12-02 14:34:14,270 - INFO - Número de cotización: 1160920925000T
2025-12-02 14:34:14,271 - INFO - Número base extraído: 1160920925000T
2025-12-02 14:34:14,272 - INFO - Número único generado: 1160920925000T_4271
2025-12-02 14:34:14,272 - INFO - === PASO 6: AGREGAR ITEMS ===
2025-12-02 14:34:14,273 - INFO - --- ITEM 1/1 ---
2025-12-02 14:34:14,273 - INFO - === MÓDULO 3: AGREGAR ITEM 1 ===
2025-12-02 14:34:14,274 - INFO - Código: 462984400014, Cantidad: 1
2025-12-02 14:34:14,275 - INFO - Esperando que campo búsqueda item 1 sea visible (timeout: 300s, se reinicia con progreso)...
2025-12-02 14:34:14,302 - INFO - PROGRESO: campo búsqueda item 1 visible - REINICIANDO timeout
2025-12-02 14:34:14,330 - INFO - OK - campo búsqueda item 1 listo después de 0.0s
2025-12-02 14:34:14,388 - INFO - Código 462984400014 ingresado en campo búsqueda
2025-12-02 14:34:14,423 - INFO - Enter enviado para búsqueda
2025-12-02 14:34:22,070 - INFO - Mensaje informativo (ignorado): Error
close
ERROR TO OBTAIN THE PARAMATER: permitirNoInventariadosSeguros...
2025-12-02 14:34:22,072 - INFO - Item 462984400014 procesado correctamente
2025-12-02 14:34:22,072 - INFO - === MÓDULO 4: GARANTÍAS ITEM 1 ===
2025-12-02 14:34:22,073 - INFO - Garantía: AGREGAR
2025-12-02 14:34:23,164 - INFO - Screenshot capturado: C7_07_pantalla_garantias_01.png
2025-12-02 14:34:29,205 - INFO - Botón Add encontrado: //button[contains(@class, 'btn-success') and contains(text(), 'Add')]
2025-12-02 14:34:29,231 - INFO - Click en Añadir garantía
2025-12-02 14:34:31,276 - INFO - Encontradas 6 opciones de garantía
2025-12-02 14:34:31,428 - INFO - Garantía seleccionada - precio: $40.71
2025-12-02 14:34:32,456 - INFO - Clic en botón final para garantía con precio
2025-12-02 14:34:33,555 - INFO - Screenshot capturado: C7_08_garantia_procesada_01.png
2025-12-02 14:34:34,726 - INFO - Screenshot capturado: C7_06_item_con_garantias_procesadas_01.png
2025-12-02 14:34:34,727 - INFO - Garantías procesadas para item 1
2025-12-02 14:34:34,728 - INFO - === PASO 7: ENLAZAR CUSTOMER ===
2025-12-02 14:34:34,729 - INFO - === MÓDULO 5: ENLAZAR CUSTOMER ===
2025-12-02 14:34:34,862 - INFO - Screenshot capturado: C7_12_antes_enlazar_cliente.png
2025-12-02 14:34:39,929 - INFO - Enlace cliente encontrado: /html/body/div[2]/div[3]/div[28]/div[3]/h4/a
2025-12-02 14:34:39,965 - INFO - Click en enlace cliente
2025-12-02 14:34:43,050 - INFO - Screenshot capturado: C7_13_formulario_cliente.png
2025-12-02 14:34:44,405 - INFO - Cliente 057874256 ingresado
2025-12-02 14:34:45,525 - INFO - Screenshot capturado: C7_14_cliente_ingresado.png
2025-12-02 14:34:46,481 - INFO - Primer Next
2025-12-02 14:34:49,608 - INFO - Screenshot capturado: C7_15_primer_next.png
2025-12-02 14:34:53,945 - INFO - Segundo Next
2025-12-02 14:34:57,023 - INFO - Screenshot capturado: C7_16_segundo_next.png
2025-12-02 14:34:57,028 - INFO - Customer enlazado exitosamente
2025-12-02 14:34:57,029 - INFO - === PASO 8: CONFIGURAR ENTREGA ===
2025-12-02 14:34:57,030 - INFO - === MÓDULO 6: DESPACHO/ENTREGA ===
2025-12-02 14:34:57,030 - INFO - Despacho/Entrega: CONFIGURAR
2025-12-02 14:34:57,031 - INFO - Tipo de entrega: cliente llevará
2025-12-02 14:34:57,114 - INFO - Screenshot capturado: C7_17_antes_entrega_cliente.png
2025-12-02 14:34:57,118 - INFO - Paso 1: Buscando botón Transaction Options
2025-12-02 14:35:00,156 - INFO - ✓ Transaction Options encontrado con: transactionOptionsBtn
2025-12-02 14:35:00,184 - INFO - Click en Transaction Options exitoso
2025-12-02 14:35:03,272 - INFO - Screenshot capturado: C7_18_menu_transaction_options.png
2025-12-02 14:35:03,273 - INFO - Paso 2: Seleccionando opción de entrega
2025-12-02 14:35:03,332 - INFO - Opción de entrega seleccionada
2025-12-02 14:35:06,406 - INFO - Screenshot capturado: C7_19_formulario_entrega.png
2025-12-02 14:35:06,407 - INFO - Paso 3: Llenando datos del formulario
2025-12-02 14:35:06,511 - INFO - Nombre 1 ingresado: ELISEO AMILCAR LOPEZ + Enter
2025-12-02 14:35:07,568 - INFO - Nombre 2 ingresado: MARGARITA PORTILLO DE LOPEZ + Enter
2025-12-02 14:35:08,621 - INFO - ✓ Campo adicional (div[4]) ingresado: ELISEO LOPEZ + Enter
2025-12-02 14:35:09,623 - INFO - Paso 4: Configurando select MADRE
2025-12-02 14:35:09,894 - INFO - Select MADRE abierto
2025-12-02 14:35:11,681 - INFO - ✓ Opción MADRE seleccionada
2025-12-02 14:35:12,682 - INFO - Paso 4B: Configurando transportador (relationship)
2025-12-02 14:35:12,934 - INFO - ✓ Select TRANSPORTADOR abierto con: /html/body/div[2]/form/div[1]/div/div[2]/div[6]/span[2]/span/a
2025-12-02 14:35:14,182 - INFO - ✓ Opción TRANSPORTADOR seleccionada
2025-12-02 14:35:15,183 - INFO - Paso 5: Configurando tipo de entrega: cliente llevará
2025-12-02 14:35:15,474 - INFO - ✓ Select TIPO ENTREGA abierto
2025-12-02 14:35:16,725 - INFO - ✓ Tipo entrega seleccionado: Cliente llevará (Cliente Recoge)
2025-12-02 14:35:18,726 - INFO - Paso 6: Configurando lugar de salida (Bodega Nejapa)
2025-12-02 14:35:18,800 - INFO - ✓ Texto escrito: BODEGA 94 NEJAPA
2025-12-02 14:35:21,055 - INFO - ✓ Opción clickeada del dropdown: BODEGA 94 NEJAPA
2025-12-02 14:35:26,068 - INFO - ℹ️ No se requiere OK para lugar de salida
2025-12-02 14:35:28,070 - INFO - Paso 7: Configurando transporte (11094 - BODEGA 94 NEJAPA)
2025-12-02 14:35:30,109 - INFO - ✓ Caja de texto del transporte encontrada
2025-12-02 14:35:30,899 - INFO - ✓ Texto escrito: BODEGA 94 NEJAPA
2025-12-02 14:35:31,900 - INFO - -Buscando opción '11094 - BODEGA 94 NEJAPA' en dropdown...
2025-12-02 14:35:31,901 - INFO - Intentando con selector: //li[@class='ui-menu-item']//a[contains(text(), '11094 - BODEGA 94 NEJAPA')]
2025-12-02 14:35:32,995 - INFO - Intentando con selector: //li[@role='menuitem']//a[contains(text(), '11094 - BODEGA 94 NEJAPA')]
2025-12-02 14:35:34,075 - INFO - Intentando con selector: //li[contains(@class, 'ui-menu-item')]//a[contains(text(), 'BODEGA 94 NEJAPA')]
2025-12-02 14:35:35,132 - INFO - Intentando con selector: //ul[contains(@class, 'ui-autocomplete')]//a[contains(text(), '11094')]
2025-12-02 14:35:36,187 - INFO - Intentando con selector: //a[@class='ui-corner-all'][contains(text(), '11094 - BODEGA 94 NEJAPA')]
2025-12-02 14:35:37,240 - INFO - Intentando con selector: /html/body/ul[4]/li/a
2025-12-02 14:35:38,296 - INFO - 🔄 Fallback: Usando flecha abajo + Enter...
2025-12-02 14:35:38,846 - INFO - ✓ Flecha abajo + Enter ejecutado
2025-12-02 14:35:39,885 - INFO - 🔍 Verificación final: Input='11094 - BODEGA 94 NEJAPA', Select='11094'
2025-12-02 14:35:39,886 - INFO - ✅ TRANSPORTE CONFIGURADO EXITOSAMENTE
2025-12-02 14:35:42,887 - INFO - Paso 8: Agregando instrucciones
2025-12-02 14:35:47,910 - WARNING - Error agregando instrucciones: Message: Unable to locate element: //*[@id='instructions']; For documentation on this error, please visit: https://www.selenium.dev/documentation/webdriver/troubleshooting/errors#nosuchelementexception
Stacktrace:
RemoteError@chrome://remote/content/shared/RemoteError.sys.mjs:8:8
WebDriverError@chrome://remote/content/shared/webdriver/Errors.sys.mjs:187:5
NoSuchElementError@chrome://remote/content/shared/webdriver/Errors.sys.mjs:505:5
element.find/</<@chrome://remote/content/marionette/element.sys.mjs:135:16

2025-12-02 14:35:47,911 - INFO - Paso 9: Enviando formulario de entrega
2025-12-02 14:35:52,928 - WARNING - Error enviando formulario: Message: Unable to locate element: /html/body/div[2]/form/div[2]/button; For documentation on this error, please visit: https://www.selenium.dev/documentation/webdriver/troubleshooting/errors#nosuchelementexception
Stacktrace:
RemoteError@chrome://remote/content/shared/RemoteError.sys.mjs:8:8
WebDriverError@chrome://remote/content/shared/webdriver/Errors.sys.mjs:187:5
NoSuchElementError@chrome://remote/content/shared/webdriver/Errors.sys.mjs:505:5
element.find/</<@chrome://remote/content/marionette/element.sys.mjs:135:16

2025-12-02 14:35:52,929 - WARNING - ⚠️ Error en despacho, continuando...
2025-12-02 14:35:52,929 - INFO - === PASO 9: DESCUENTO EMPLEADO ===
2025-12-02 14:35:52,929 - INFO - Modulo_7_aplicar_credito: DESHABILITADO
2025-12-02 14:35:52,930 - INFO - === PASO 10: CRÉDITOS ===
2025-12-02 14:35:52,930 - INFO - Modulo_8_aplicar_descuento_empleado: DESHABILITADO
2025-12-02 14:35:52,930 - INFO - === PASO 11: FINALIZAR COTIZACIÓN ===
2025-12-02 14:35:52,931 - INFO - === FINALIZANDO COTIZACIÓN ===
2025-12-02 14:35:53,009 - INFO - Screenshot capturado: C7_17_antes_finalizar.png
2025-12-02 14:35:55,010 - INFO - PASO 1: Click en botón finalizar
2025-12-02 14:35:58,044 - INFO - ✓ Botón finalizar encontrado con: /html/body/div[2]/div[4]/div/div/div[3]/form[1]/button
2025-12-02 14:35:58,118 - INFO - Screenshot capturado: C7_18_antes_finalizar.png
2025-12-02 14:35:58,120 - INFO - 🔧 Preservando datos de sesión...
2025-12-02 14:35:58,136 - INFO - 📝 Sesión preservada - OrderID: undefined, SessionData: 
2025-12-02 14:35:58,165 - INFO - ✓ Click en botón finalizar exitoso
2025-12-02 14:36:01,182 - INFO - 🖨️ Elementos printer encontrados: 10
2025-12-02 14:36:01,236 - INFO -   Elemento 1: tag=form, id=printForm, class=
2025-12-02 14:36:01,288 - INFO -   Elemento 2: tag=div, id=, class=printingBox
2025-12-02 14:36:01,357 - INFO -   Elemento 3: tag=input, id=printerGroup, class=printerRadioButton btnFloatRight
2025-12-02 14:36:01,405 - INFO -   Elemento 4: tag=input, id=printerName0, class=
2025-12-02 14:36:01,469 - INFO -   Elemento 5: tag=input, id=printerLocation0, class=
2025-12-02 14:36:01,486 - INFO - 📋 Modales encontrados: 159
2025-12-02 14:36:01,525 - INFO -   Modal 1: tag=div, id=itemInquiryDialog, visible=False
2025-12-02 14:36:01,562 - INFO -   Modal 2: tag=div, id=, visible=False
2025-12-02 14:36:01,593 - INFO -   Modal 3: tag=div, id=, visible=False
2025-12-02 14:36:01,603 - INFO - 📝 Formularios encontrados: 42
2025-12-02 14:36:01,603 - INFO - 🔍 MONITOREANDO ESTADO POST-SAVE...
2025-12-02 14:36:02,610 - INFO - 📍 Segundo 1: URL = http://ursvtols8b3c:8080/engage-unicomer-web/saleOrder/saveAndPrint
2025-12-02 14:36:02,616 - INFO - 📄 Segundo 1: Título = Grupo Unicomer
2025-12-02 14:36:03,898 - INFO - 🔘 Segundo 1: Botones visibles = ['Search', 'Item Inquiry', 'Transaction Options', 'Save & Print', 'Save']
2025-12-02 14:36:03,913 - INFO - 🖨️ Segundo 1: Printer Group encontrado! Visible=True
2025-12-02 14:36:03,913 - INFO - ✅ PRINTER GROUP DISPONIBLE - Procediendo a hacer click...
2025-12-02 14:36:04,175 - INFO - ✓ Default Printer seleccionado: //*[@id='printerGroup']
2025-12-02 14:36:05,198 - INFO - 🖨️ Botón print encontrado: //button[@id='defaultSubmitPrintButton']
2025-12-02 14:36:05,218 - INFO - ✅ CLICK EN BOTÓN IMPRIMIR EXITOSO
2025-12-02 14:36:07,315 - INFO - ✅ CONFIRMACIÓN FINAL EXITOSA
2025-12-02 14:36:07,502 - INFO - Screenshot capturado: C7_21_print_completado.png
2025-12-02 14:36:07,503 - INFO - ✅ Finalización exitosa
2025-12-02 14:36:07,504 - INFO - === PASO 12: GENERAR REPORTE INDIVIDUAL ===
2025-12-02 14:36:07,505 - INFO - Generando reporte para cotización 7 con número 1160920925000T
2025-12-02 14:36:07,506 - INFO - Screenshots disponibles: 16
2025-12-02 14:36:07,507 - INFO - 🔄 Generando reporte para cotización 7: 1160920925000T
2025-12-02 14:36:07,718 - INFO - Excel actualizado - Cotización 7: 1160920925000T
2025-12-02 14:36:08,217 - INFO - Reporte ejecutivo generado: Reporte_cotizacion_1160920925000T.docx
2025-12-02 14:36:08,219 - INFO - Archivo verificado: 1281975 bytes
2025-12-02 14:36:08,220 - INFO - Reporte Word generado exitosamente para cotización 7
2025-12-02 14:36:08,221 - INFO - Iniciando limpieza de screenshots después de generar reporte
2025-12-02 14:36:08,225 - INFO - Screenshot eliminado: C7_02_dashboard.png
2025-12-02 14:36:08,229 - INFO - Screenshot eliminado: C7_04_formulario_orden.png
2025-12-02 14:36:08,233 - INFO - Screenshot eliminado: C7_07_pantalla_garantias_01.png
2025-12-02 14:36:08,236 - INFO - Screenshot eliminado: C7_08_garantia_procesada_01.png
2025-12-02 14:36:08,240 - INFO - Screenshot eliminado: C7_06_item_con_garantias_procesadas_01.png
2025-12-02 14:36:08,244 - INFO - Screenshot eliminado: C7_12_antes_enlazar_cliente.png
2025-12-02 14:36:08,248 - INFO - Screenshot eliminado: C7_13_formulario_cliente.png
2025-12-02 14:36:08,252 - INFO - Screenshot eliminado: C7_14_cliente_ingresado.png
2025-12-02 14:36:08,257 - INFO - Screenshot eliminado: C7_15_primer_next.png
2025-12-02 14:36:08,261 - INFO - Screenshot eliminado: C7_16_segundo_next.png
2025-12-02 14:36:08,265 - INFO - Screenshot eliminado: C7_17_antes_entrega_cliente.png
2025-12-02 14:36:08,269 - INFO - Screenshot eliminado: C7_18_menu_transaction_options.png
2025-12-02 14:36:08,273 - INFO - Screenshot eliminado: C7_19_formulario_entrega.png
2025-12-02 14:36:08,276 - INFO - Screenshot eliminado: C7_17_antes_finalizar.png
2025-12-02 14:36:08,280 - INFO - Screenshot eliminado: C7_18_antes_finalizar.png
2025-12-02 14:36:08,283 - INFO - Screenshot eliminado: C7_21_print_completado.png
2025-12-02 14:36:08,284 - INFO - 16 screenshots eliminados para esta cotización
2025-12-02 14:36:08,285 - INFO - Cotización 7 completada: 1160920925000T
2025-12-02 14:36:10,287 - INFO - 
🔄 PROCESANDO COTIZACIÓN 8/13: 8
2025-12-02 14:36:10,287 - INFO - === PASO 4: INICIAR ORDEN DE COMPRA ===
2025-12-02 14:36:10,288 - INFO - Buscando botón 'Comience una Orden de Compra'...
2025-12-02 14:36:10,500 - INFO - Screenshot capturado: C8_02_dashboard.png
2025-12-02 14:36:10,502 - INFO - Intentando selector 1: /html/body/div[2]/div[4]/div/div/div[1]/a[1]/input
2025-12-02 14:36:10,503 - INFO - Esperando que botón orden selector 1 sea visible (timeout: 300s, se reinicia con progreso)...
2025-12-02 14:36:10,578 - INFO - PROGRESO: botón orden selector 1 visible - REINICIANDO timeout
2025-12-02 14:36:10,649 - INFO - OK - botón orden selector 1 listo después de 0.0s
2025-12-02 14:36:11,326 - INFO - Click exitoso en botón orden selector 1
2025-12-02 14:36:13,136 - INFO - Screenshot capturado: C8_04_formulario_orden.png
2025-12-02 14:36:13,139 - INFO - Click realizado en botón orden
2025-12-02 14:36:13,141 - INFO - Preparando nueva cotización...
2025-12-02 14:36:18,157 - INFO - ✓ Storage del navegador limpiado
2025-12-02 14:36:18,163 - INFO - ✓ Página estabilizada para nueva cotización
2025-12-02 14:36:18,163 - INFO - ✓ Sistema listo para siguiente cotización automática
2025-12-02 14:36:19,164 - INFO - Configuración - Garantías: SI, Descuento: NO, Créditos: NO, Entrega: SI, Tipo Entrega: cliente llevará
2025-12-02 14:36:19,167 - INFO - === PASO 5: EXTRAER NÚMERO COTIZACIÓN ===
2025-12-02 14:36:19,167 - INFO - === EXTRAYENDO NÚMERO DE COTIZACIÓN INICIAL ===
2025-12-02 14:36:21,203 - INFO - Número encontrado con selector: li.quotationNumberTitle p:last-child
2025-12-02 14:36:21,204 - INFO - Número de cotización: 1160920925000W
2025-12-02 14:36:21,204 - INFO - Número base extraído: 1160920925000W
2025-12-02 14:36:21,205 - INFO - Número único generado: 1160920925000W_1204
2025-12-02 14:36:21,205 - INFO - === PASO 6: AGREGAR ITEMS ===
2025-12-02 14:36:21,205 - INFO - --- ITEM 1/1 ---
2025-12-02 14:36:21,206 - INFO - === MÓDULO 3: AGREGAR ITEM 1 ===
2025-12-02 14:36:21,206 - INFO - Código: 462552400019, Cantidad: 1
2025-12-02 14:36:21,207 - INFO - Esperando que campo búsqueda item 1 sea visible (timeout: 300s, se reinicia con progreso)...
2025-12-02 14:36:21,225 - INFO - PROGRESO: campo búsqueda item 1 visible - REINICIANDO timeout
2025-12-02 14:36:21,259 - INFO - OK - campo búsqueda item 1 listo después de 0.0s
2025-12-02 14:36:21,324 - INFO - Código 462552400019 ingresado en campo búsqueda
2025-12-02 14:36:21,404 - INFO - Enter enviado para búsqueda
2025-12-02 14:36:25,277 - INFO - Item 462552400019 procesado correctamente
2025-12-02 14:36:25,278 - INFO - === MÓDULO 4: GARANTÍAS ITEM 1 ===
2025-12-02 14:36:25,279 - INFO - Garantía: AGREGAR
2025-12-02 14:36:26,432 - INFO - Screenshot capturado: C8_07_pantalla_garantias_01.png
2025-12-02 14:36:32,495 - INFO - Botón Add encontrado: //button[contains(@class, 'btn-success') and contains(text(), 'Add')]
2025-12-02 14:36:32,516 - INFO - Click en Añadir garantía
2025-12-02 14:36:34,893 - INFO - Encontradas 6 opciones de garantía
2025-12-02 14:36:35,028 - INFO - Garantía seleccionada - precio: $106.25
2025-12-02 14:36:36,076 - INFO - Clic en botón final para garantía con precio
2025-12-02 14:36:37,326 - INFO - Screenshot capturado: C8_08_garantia_procesada_01.png
2025-12-02 14:36:38,413 - INFO - Screenshot capturado: C8_06_item_con_garantias_procesadas_01.png
2025-12-02 14:36:38,414 - INFO - Garantías procesadas para item 1
2025-12-02 14:36:38,415 - INFO - === PASO 7: ENLAZAR CUSTOMER ===
2025-12-02 14:36:38,415 - INFO - === MÓDULO 5: ENLAZAR CUSTOMER ===
2025-12-02 14:36:38,509 - INFO - Screenshot capturado: C8_12_antes_enlazar_cliente.png
2025-12-02 14:36:43,562 - INFO - Enlace cliente encontrado: /html/body/div[2]/div[3]/div[28]/div[3]/h4/a
2025-12-02 14:36:43,595 - INFO - Click en enlace cliente
2025-12-02 14:36:46,660 - INFO - Screenshot capturado: C8_13_formulario_cliente.png
2025-12-02 14:36:47,971 - INFO - Cliente 057874256 ingresado
2025-12-02 14:36:49,081 - INFO - Screenshot capturado: C8_14_cliente_ingresado.png
2025-12-02 14:36:50,049 - INFO - Primer Next
2025-12-02 14:36:53,182 - INFO - Screenshot capturado: C8_15_primer_next.png
2025-12-02 14:36:58,914 - INFO - Segundo Next
2025-12-02 14:37:02,024 - INFO - Screenshot capturado: C8_16_segundo_next.png
2025-12-02 14:37:02,024 - INFO - Customer enlazado exitosamente
2025-12-02 14:37:02,025 - INFO - === PASO 8: CONFIGURAR ENTREGA ===
2025-12-02 14:37:02,026 - INFO - === MÓDULO 6: DESPACHO/ENTREGA ===
2025-12-02 14:37:02,027 - INFO - Despacho/Entrega: CONFIGURAR
2025-12-02 14:37:02,027 - INFO - Tipo de entrega: cliente llevará
2025-12-02 14:37:02,144 - INFO - Screenshot capturado: C8_17_antes_entrega_cliente.png
2025-12-02 14:37:02,145 - INFO - Paso 1: Buscando botón Transaction Options
2025-12-02 14:37:05,188 - INFO - ✓ Transaction Options encontrado con: transactionOptionsBtn
2025-12-02 14:37:05,221 - INFO - Click en Transaction Options exitoso
2025-12-02 14:37:08,301 - INFO - Screenshot capturado: C8_18_menu_transaction_options.png
2025-12-02 14:37:08,302 - INFO - Paso 2: Seleccionando opción de entrega
2025-12-02 14:37:08,354 - INFO - Opción de entrega seleccionada
2025-12-02 14:37:11,437 - INFO - Screenshot capturado: C8_19_formulario_entrega.png
2025-12-02 14:37:11,437 - INFO - Paso 3: Llenando datos del formulario
2025-12-02 14:37:11,525 - INFO - Nombre 1 ingresado: ELISEO AMILCAR LOPEZ + Enter
2025-12-02 14:37:12,598 - INFO - Nombre 2 ingresado: MARGARITA PORTILLO DE LOPEZ + Enter
2025-12-02 14:37:13,646 - INFO - ✓ Campo adicional (div[4]) ingresado: ELISEO LOPEZ + Enter
2025-12-02 14:37:14,648 - INFO - Paso 4: Configurando select MADRE
2025-12-02 14:37:14,913 - INFO - Select MADRE abierto
2025-12-02 14:37:16,682 - INFO - ✓ Opción MADRE seleccionada
2025-12-02 14:37:17,684 - INFO - Paso 4B: Configurando transportador (relationship)
2025-12-02 14:37:17,952 - INFO - ✓ Select TRANSPORTADOR abierto con: /html/body/div[2]/form/div[1]/div/div[2]/div[6]/span[2]/span/a
2025-12-02 14:37:19,212 - INFO - ✓ Opción TRANSPORTADOR seleccionada
2025-12-02 14:37:20,215 - INFO - Paso 5: Configurando tipo de entrega: cliente llevará
2025-12-02 14:37:20,484 - INFO - ✓ Select TIPO ENTREGA abierto
2025-12-02 14:37:21,732 - INFO - ✓ Tipo entrega seleccionado: Cliente llevará (Cliente Recoge)
2025-12-02 14:37:23,733 - INFO - Paso 6: Configurando lugar de salida (Bodega Nejapa)
2025-12-02 14:37:23,800 - INFO - ✓ Texto escrito: BODEGA 94 NEJAPA
2025-12-02 14:37:26,056 - INFO - ✓ Opción clickeada del dropdown: BODEGA 94 NEJAPA
2025-12-02 14:37:31,078 - INFO - ℹ️ No se requiere OK para lugar de salida
2025-12-02 14:37:33,080 - INFO - Paso 7: Configurando transporte (11094 - BODEGA 94 NEJAPA)
2025-12-02 14:37:35,105 - INFO - ✓ Caja de texto del transporte encontrada
2025-12-02 14:37:35,887 - INFO - ✓ Texto escrito: BODEGA 94 NEJAPA
2025-12-02 14:37:36,888 - INFO - -Buscando opción '11094 - BODEGA 94 NEJAPA' en dropdown...
2025-12-02 14:37:36,890 - INFO - Intentando con selector: //li[@class='ui-menu-item']//a[contains(text(), '11094 - BODEGA 94 NEJAPA')]
2025-12-02 14:37:37,955 - INFO - Intentando con selector: //li[@role='menuitem']//a[contains(text(), '11094 - BODEGA 94 NEJAPA')]
2025-12-02 14:37:39,044 - INFO - Intentando con selector: //li[contains(@class, 'ui-menu-item')]//a[contains(text(), 'BODEGA 94 NEJAPA')]
2025-12-02 14:37:40,108 - INFO - Intentando con selector: //ul[contains(@class, 'ui-autocomplete')]//a[contains(text(), '11094')]
2025-12-02 14:37:41,158 - INFO - Intentando con selector: //a[@class='ui-corner-all'][contains(text(), '11094 - BODEGA 94 NEJAPA')]
2025-12-02 14:37:42,204 - INFO - Intentando con selector: /html/body/ul[4]/li/a
2025-12-02 14:37:43,251 - INFO - 🔄 Fallback: Usando flecha abajo + Enter...
2025-12-02 14:37:43,796 - INFO - ✓ Flecha abajo + Enter ejecutado
2025-12-02 14:37:44,834 - INFO - 🔍 Verificación final: Input='11094 - BODEGA 94 NEJAPA', Select='11094'
2025-12-02 14:37:44,835 - INFO - ✅ TRANSPORTE CONFIGURADO EXITOSAMENTE
2025-12-02 14:37:47,836 - INFO - Paso 8: Agregando instrucciones
2025-12-02 14:37:52,847 - WARNING - Error agregando instrucciones: Message: Unable to locate element: //*[@id='instructions']; For documentation on this error, please visit: https://www.selenium.dev/documentation/webdriver/troubleshooting/errors#nosuchelementexception
Stacktrace:
RemoteError@chrome://remote/content/shared/RemoteError.sys.mjs:8:8
WebDriverError@chrome://remote/content/shared/webdriver/Errors.sys.mjs:187:5
NoSuchElementError@chrome://remote/content/shared/webdriver/Errors.sys.mjs:505:5
element.find/</<@chrome://remote/content/marionette/element.sys.mjs:135:16

2025-12-02 14:37:52,848 - INFO - Paso 9: Enviando formulario de entrega
2025-12-02 14:37:57,869 - WARNING - Error enviando formulario: Message: Unable to locate element: /html/body/div[2]/form/div[2]/button; For documentation on this error, please visit: https://www.selenium.dev/documentation/webdriver/troubleshooting/errors#nosuchelementexception
Stacktrace:
RemoteError@chrome://remote/content/shared/RemoteError.sys.mjs:8:8
WebDriverError@chrome://remote/content/shared/webdriver/Errors.sys.mjs:187:5
NoSuchElementError@chrome://remote/content/shared/webdriver/Errors.sys.mjs:505:5
element.find/</<@chrome://remote/content/marionette/element.sys.mjs:135:16

2025-12-02 14:37:57,870 - WARNING - ⚠️ Error en despacho, continuando...
2025-12-02 14:37:57,870 - INFO - === PASO 9: DESCUENTO EMPLEADO ===
2025-12-02 14:37:57,870 - INFO - Modulo_7_aplicar_credito: DESHABILITADO
2025-12-02 14:37:57,871 - INFO - === PASO 10: CRÉDITOS ===
2025-12-02 14:37:57,871 - INFO - Modulo_8_aplicar_descuento_empleado: DESHABILITADO
2025-12-02 14:37:57,872 - INFO - === PASO 11: FINALIZAR COTIZACIÓN ===
2025-12-02 14:37:57,872 - INFO - === FINALIZANDO COTIZACIÓN ===
2025-12-02 14:37:57,965 - INFO - Screenshot capturado: C8_17_antes_finalizar.png
2025-12-02 14:37:59,966 - INFO - PASO 1: Click en botón finalizar
2025-12-02 14:38:02,992 - INFO - ✓ Botón finalizar encontrado con: /html/body/div[2]/div[4]/div/div/div[3]/form[1]/button
2025-12-02 14:38:03,084 - INFO - Screenshot capturado: C8_18_antes_finalizar.png
2025-12-02 14:38:03,085 - INFO - 🔧 Preservando datos de sesión...
2025-12-02 14:38:03,099 - INFO - 📝 Sesión preservada - OrderID: undefined, SessionData: 
2025-12-02 14:38:03,137 - INFO - ✓ Click en botón finalizar exitoso
2025-12-02 14:38:06,147 - INFO - 🖨️ Elementos printer encontrados: 10
2025-12-02 14:38:06,180 - INFO -   Elemento 1: tag=form, id=printForm, class=
2025-12-02 14:38:06,217 - INFO -   Elemento 2: tag=div, id=, class=printingBox
2025-12-02 14:38:06,253 - INFO -   Elemento 3: tag=input, id=printerGroup, class=printerRadioButton btnFloatRight
2025-12-02 14:38:06,299 - INFO -   Elemento 4: tag=input, id=printerName0, class=
2025-12-02 14:38:06,338 - INFO -   Elemento 5: tag=input, id=printerLocation0, class=
2025-12-02 14:38:06,359 - INFO - 📋 Modales encontrados: 159
2025-12-02 14:38:06,405 - INFO -   Modal 1: tag=div, id=itemInquiryDialog, visible=False
2025-12-02 14:38:06,450 - INFO -   Modal 2: tag=div, id=, visible=False
2025-12-02 14:38:06,479 - INFO -   Modal 3: tag=div, id=, visible=False
2025-12-02 14:38:06,489 - INFO - 📝 Formularios encontrados: 42
2025-12-02 14:38:06,489 - INFO - 🔍 MONITOREANDO ESTADO POST-SAVE...
2025-12-02 14:38:07,495 - INFO - 📍 Segundo 1: URL = http://ursvtols8b3c:8080/engage-unicomer-web/saleOrder/saveAndPrint
2025-12-02 14:38:07,499 - INFO - 📄 Segundo 1: Título = Grupo Unicomer
2025-12-02 14:38:08,637 - INFO - 🔘 Segundo 1: Botones visibles = ['Search', 'Item Inquiry', 'Transaction Options', 'Save & Print', 'Save']
2025-12-02 14:38:08,650 - INFO - 🖨️ Segundo 1: Printer Group encontrado! Visible=True
2025-12-02 14:38:08,651 - INFO - ✅ PRINTER GROUP DISPONIBLE - Procediendo a hacer click...
2025-12-02 14:38:08,908 - INFO - ✓ Default Printer seleccionado: //*[@id='printerGroup']
2025-12-02 14:38:09,932 - INFO - 🖨️ Botón print encontrado: //button[@id='defaultSubmitPrintButton']
2025-12-02 14:38:09,950 - INFO - ✅ CLICK EN BOTÓN IMPRIMIR EXITOSO
2025-12-02 14:38:12,018 - INFO - ✅ CONFIRMACIÓN FINAL EXITOSA
2025-12-02 14:38:12,205 - INFO - Screenshot capturado: C8_21_print_completado.png
2025-12-02 14:38:12,206 - INFO - ✅ Finalización exitosa
2025-12-02 14:38:12,207 - INFO - === PASO 12: GENERAR REPORTE INDIVIDUAL ===
2025-12-02 14:38:12,207 - INFO - Generando reporte para cotización 8 con número 1160920925000W
2025-12-02 14:38:12,208 - INFO - Screenshots disponibles: 16
2025-12-02 14:38:12,208 - INFO - 🔄 Generando reporte para cotización 8: 1160920925000W
2025-12-02 14:38:12,359 - INFO - Excel actualizado - Cotización 8: 1160920925000W
2025-12-02 14:38:12,596 - INFO - Reporte ejecutivo generado: Reporte_cotizacion_1160920925000W.docx
2025-12-02 14:38:12,597 - INFO - Archivo verificado: 1349155 bytes
2025-12-02 14:38:12,598 - INFO - Reporte Word generado exitosamente para cotización 8
2025-12-02 14:38:12,598 - INFO - Iniciando limpieza de screenshots después de generar reporte
2025-12-02 14:38:12,601 - INFO - Screenshot eliminado: C8_02_dashboard.png
2025-12-02 14:38:12,604 - INFO - Screenshot eliminado: C8_04_formulario_orden.png
2025-12-02 14:38:12,605 - INFO - Screenshot eliminado: C8_07_pantalla_garantias_01.png
2025-12-02 14:38:12,607 - INFO - Screenshot eliminado: C8_08_garantia_procesada_01.png
2025-12-02 14:38:12,608 - INFO - Screenshot eliminado: C8_06_item_con_garantias_procesadas_01.png
2025-12-02 14:38:12,610 - INFO - Screenshot eliminado: C8_12_antes_enlazar_cliente.png
2025-12-02 14:38:12,611 - INFO - Screenshot eliminado: C8_13_formulario_cliente.png
2025-12-02 14:38:12,612 - INFO - Screenshot eliminado: C8_14_cliente_ingresado.png
2025-12-02 14:38:12,614 - INFO - Screenshot eliminado: C8_15_primer_next.png
2025-12-02 14:38:12,619 - INFO - Screenshot eliminado: C8_16_segundo_next.png
2025-12-02 14:38:12,622 - INFO - Screenshot eliminado: C8_17_antes_entrega_cliente.png
2025-12-02 14:38:12,625 - INFO - Screenshot eliminado: C8_18_menu_transaction_options.png
2025-12-02 14:38:12,626 - INFO - Screenshot eliminado: C8_19_formulario_entrega.png
2025-12-02 14:38:12,628 - INFO - Screenshot eliminado: C8_17_antes_finalizar.png
2025-12-02 14:38:12,630 - INFO - Screenshot eliminado: C8_18_antes_finalizar.png
2025-12-02 14:38:12,632 - INFO - Screenshot eliminado: C8_21_print_completado.png
2025-12-02 14:38:12,635 - INFO - 16 screenshots eliminados para esta cotización
2025-12-02 14:38:12,635 - INFO - Cotización 8 completada: 1160920925000W
2025-12-02 14:38:14,637 - INFO - 
🔄 PROCESANDO COTIZACIÓN 9/13: 9
2025-12-02 14:38:14,638 - INFO - === PASO 4: INICIAR ORDEN DE COMPRA ===
2025-12-02 14:38:14,638 - INFO - Buscando botón 'Comience una Orden de Compra'...
2025-12-02 14:38:14,867 - INFO - Screenshot capturado: C9_02_dashboard.png
2025-12-02 14:38:14,868 - INFO - Intentando selector 1: /html/body/div[2]/div[4]/div/div/div[1]/a[1]/input
2025-12-02 14:38:14,868 - INFO - Esperando que botón orden selector 1 sea visible (timeout: 300s, se reinicia con progreso)...
2025-12-02 14:38:14,910 - INFO - PROGRESO: botón orden selector 1 visible - REINICIANDO timeout
2025-12-02 14:38:14,951 - INFO - OK - botón orden selector 1 listo después de 0.0s
2025-12-02 14:38:15,534 - INFO - Click exitoso en botón orden selector 1
2025-12-02 14:38:16,713 - INFO - Screenshot capturado: C9_04_formulario_orden.png
2025-12-02 14:38:16,714 - INFO - Click realizado en botón orden
2025-12-02 14:38:16,715 - INFO - Preparando nueva cotización...
2025-12-02 14:38:21,737 - INFO - ✓ Storage del navegador limpiado
2025-12-02 14:38:21,745 - INFO - ✓ Página estabilizada para nueva cotización
2025-12-02 14:38:21,746 - INFO - ✓ Sistema listo para siguiente cotización automática
2025-12-02 14:38:22,746 - INFO - Configuración - Garantías: SI, Descuento: NO, Créditos: NO, Entrega: SI, Tipo Entrega: cliente llevará
2025-12-02 14:38:22,747 - INFO - === PASO 5: EXTRAER NÚMERO COTIZACIÓN ===
2025-12-02 14:38:22,748 - INFO - === EXTRAYENDO NÚMERO DE COTIZACIÓN INICIAL ===
2025-12-02 14:38:24,809 - INFO - Número encontrado con selector: li.quotationNumberTitle p:last-child
2025-12-02 14:38:24,810 - INFO - Número de cotización: 1160920925000Y
2025-12-02 14:38:24,810 - INFO - Número base extraído: 1160920925000Y
2025-12-02 14:38:24,811 - INFO - Número único generado: 1160920925000Y_4810
2025-12-02 14:38:24,811 - INFO - === PASO 6: AGREGAR ITEMS ===
2025-12-02 14:38:24,812 - INFO - --- ITEM 1/1 ---
2025-12-02 14:38:24,813 - INFO - === MÓDULO 3: AGREGAR ITEM 1 ===
2025-12-02 14:38:24,814 - INFO - Código: 458909400016, Cantidad: 1
2025-12-02 14:38:24,814 - INFO - Esperando que campo búsqueda item 1 sea visible (timeout: 300s, se reinicia con progreso)...
2025-12-02 14:38:24,844 - INFO - PROGRESO: campo búsqueda item 1 visible - REINICIANDO timeout
2025-12-02 14:38:24,872 - INFO - OK - campo búsqueda item 1 listo después de 0.0s
2025-12-02 14:38:24,952 - INFO - Código 458909400016 ingresado en campo búsqueda
2025-12-02 14:38:25,002 - INFO - Enter enviado para búsqueda
2025-12-02 14:38:27,990 - INFO - Item 458909400016 procesado correctamente
2025-12-02 14:38:27,991 - INFO - === MÓDULO 4: GARANTÍAS ITEM 1 ===
2025-12-02 14:38:27,991 - INFO - Garantía: AGREGAR
2025-12-02 14:38:29,100 - INFO - Screenshot capturado: C9_07_pantalla_garantias_01.png
2025-12-02 14:38:35,132 - INFO - Botón Add encontrado: //button[contains(@class, 'btn-success') and contains(text(), 'Add')]
2025-12-02 14:38:35,151 - INFO - Click en Añadir garantía
2025-12-02 14:38:42,165 - WARNING - Error en tabla garantías: Message: Unable to locate element: //div[@class='principalContainer']//table[@class='table table-bordered']; For documentation on this error, please visit: https://www.selenium.dev/documentation/webdriver/troubleshooting/errors#nosuchelementexception
Stacktrace:
RemoteError@chrome://remote/content/shared/RemoteError.sys.mjs:8:8
WebDriverError@chrome://remote/content/shared/webdriver/Errors.sys.mjs:187:5
NoSuchElementError@chrome://remote/content/shared/webdriver/Errors.sys.mjs:505:5
element.find/</<@chrome://remote/content/marionette/element.sys.mjs:135:16
, usando No Thanks
2025-12-02 14:38:47,214 - INFO -  Click en No Thanks
2025-12-02 14:38:48,362 - INFO - Screenshot capturado: C9_06_item_con_garantias_procesadas_01.png
2025-12-02 14:38:48,363 - INFO - Garantías procesadas para item 1
2025-12-02 14:38:48,364 - INFO - === PASO 7: ENLAZAR CUSTOMER ===
2025-12-02 14:38:48,365 - INFO - === MÓDULO 5: ENLAZAR CUSTOMER ===
2025-12-02 14:38:48,517 - INFO - Screenshot capturado: C9_12_antes_enlazar_cliente.png
2025-12-02 14:38:53,616 - INFO - Enlace cliente encontrado: /html/body/div[2]/div[3]/div[28]/div[3]/h4/a
2025-12-02 14:38:53,634 - INFO - Click en enlace cliente
2025-12-02 14:38:56,711 - INFO - Screenshot capturado: C9_13_formulario_cliente.png
2025-12-02 14:38:58,014 - INFO - Cliente 057874256 ingresado
2025-12-02 14:38:59,132 - INFO - Screenshot capturado: C9_14_cliente_ingresado.png
2025-12-02 14:39:01,043 - INFO - Primer Next
2025-12-02 14:39:04,137 - INFO - Screenshot capturado: C9_15_primer_next.png
2025-12-02 14:39:07,117 - INFO - Segundo Next
2025-12-02 14:39:10,193 - INFO - Screenshot capturado: C9_16_segundo_next.png
2025-12-02 14:39:10,194 - INFO - Customer enlazado exitosamente
2025-12-02 14:39:10,194 - INFO - === PASO 8: CONFIGURAR ENTREGA ===
2025-12-02 14:39:10,194 - INFO - === MÓDULO 6: DESPACHO/ENTREGA ===
2025-12-02 14:39:10,195 - INFO - Despacho/Entrega: CONFIGURAR
2025-12-02 14:39:10,195 - INFO - Tipo de entrega: cliente llevará
2025-12-02 14:39:10,268 - INFO - Screenshot capturado: C9_17_antes_entrega_cliente.png
2025-12-02 14:39:10,269 - INFO - Paso 1: Buscando botón Transaction Options
2025-12-02 14:39:13,297 - INFO - ✓ Transaction Options encontrado con: transactionOptionsBtn
2025-12-02 14:39:13,320 - INFO - Click en Transaction Options exitoso
2025-12-02 14:39:16,398 - INFO - Screenshot capturado: C9_18_menu_transaction_options.png
2025-12-02 14:39:16,399 - INFO - Paso 2: Seleccionando opción de entrega
2025-12-02 14:39:16,468 - INFO - Opción de entrega seleccionada
2025-12-02 14:39:19,558 - INFO - Screenshot capturado: C9_19_formulario_entrega.png
2025-12-02 14:39:19,558 - INFO - Paso 3: Llenando datos del formulario
2025-12-02 14:39:19,666 - INFO - Nombre 1 ingresado: ELISEO AMILCAR LOPEZ + Enter
2025-12-02 14:39:20,722 - INFO - Nombre 2 ingresado: MARGARITA PORTILLO DE LOPEZ + Enter
2025-12-02 14:39:21,782 - INFO - ✓ Campo adicional (div[4]) ingresado: ELISEO LOPEZ + Enter
2025-12-02 14:39:22,783 - INFO - Paso 4: Configurando select MADRE
2025-12-02 14:39:23,054 - INFO - Select MADRE abierto
2025-12-02 14:39:24,821 - INFO - ✓ Opción MADRE seleccionada
2025-12-02 14:39:25,823 - INFO - Paso 4B: Configurando transportador (relationship)
2025-12-02 14:39:26,075 - INFO - ✓ Select TRANSPORTADOR abierto con: /html/body/div[2]/form/div[1]/div/div[2]/div[6]/span[2]/span/a
2025-12-02 14:39:27,322 - INFO - ✓ Opción TRANSPORTADOR seleccionada
2025-12-02 14:39:28,323 - INFO - Paso 5: Configurando tipo de entrega: cliente llevará
2025-12-02 14:39:28,573 - INFO - ✓ Select TIPO ENTREGA abierto
2025-12-02 14:39:29,831 - INFO - ✓ Tipo entrega seleccionado: Cliente llevará (Cliente Recoge)
2025-12-02 14:39:31,832 - INFO - Paso 6: Configurando lugar de salida (Bodega Nejapa)
2025-12-02 14:39:31,892 - INFO - ✓ Texto escrito: BODEGA 94 NEJAPA
2025-12-02 14:39:34,147 - INFO - ✓ Opción clickeada del dropdown: BODEGA 94 NEJAPA
2025-12-02 14:39:39,161 - INFO - ℹ️ No se requiere OK para lugar de salida
2025-12-02 14:39:41,163 - INFO - Paso 7: Configurando transporte (11094 - BODEGA 94 NEJAPA)
2025-12-02 14:39:43,190 - INFO - ✓ Caja de texto del transporte encontrada
2025-12-02 14:39:43,977 - INFO - ✓ Texto escrito: BODEGA 94 NEJAPA
2025-12-02 14:39:44,978 - INFO - -Buscando opción '11094 - BODEGA 94 NEJAPA' en dropdown...
2025-12-02 14:39:44,979 - INFO - Intentando con selector: //li[@class='ui-menu-item']//a[contains(text(), '11094 - BODEGA 94 NEJAPA')]
2025-12-02 14:39:46,047 - INFO - Intentando con selector: //li[@role='menuitem']//a[contains(text(), '11094 - BODEGA 94 NEJAPA')]
2025-12-02 14:39:47,118 - INFO - Intentando con selector: //li[contains(@class, 'ui-menu-item')]//a[contains(text(), 'BODEGA 94 NEJAPA')]
2025-12-02 14:39:48,168 - INFO - Intentando con selector: //ul[contains(@class, 'ui-autocomplete')]//a[contains(text(), '11094')]
2025-12-02 14:39:49,206 - INFO - Intentando con selector: //a[@class='ui-corner-all'][contains(text(), '11094 - BODEGA 94 NEJAPA')]
2025-12-02 14:39:50,247 - INFO - Intentando con selector: /html/body/ul[4]/li/a
2025-12-02 14:39:51,287 - INFO - 🔄 Fallback: Usando flecha abajo + Enter...
2025-12-02 14:39:51,831 - INFO - ✓ Flecha abajo + Enter ejecutado
2025-12-02 14:39:52,860 - INFO - 🔍 Verificación final: Input='11094 - BODEGA 94 NEJAPA', Select='11094'
2025-12-02 14:39:52,860 - INFO - ✅ TRANSPORTE CONFIGURADO EXITOSAMENTE
2025-12-02 14:39:55,861 - INFO - Paso 8: Agregando instrucciones
2025-12-02 14:40:00,884 - WARNING - Error agregando instrucciones: Message: Unable to locate element: //*[@id='instructions']; For documentation on this error, please visit: https://www.selenium.dev/documentation/webdriver/troubleshooting/errors#nosuchelementexception
Stacktrace:
RemoteError@chrome://remote/content/shared/RemoteError.sys.mjs:8:8
WebDriverError@chrome://remote/content/shared/webdriver/Errors.sys.mjs:187:5
NoSuchElementError@chrome://remote/content/shared/webdriver/Errors.sys.mjs:505:5
element.find/</<@chrome://remote/content/marionette/element.sys.mjs:135:16

2025-12-02 14:40:00,885 - INFO - Paso 9: Enviando formulario de entrega
2025-12-02 14:40:05,900 - WARNING - Error enviando formulario: Message: Unable to locate element: /html/body/div[2]/form/div[2]/button; For documentation on this error, please visit: https://www.selenium.dev/documentation/webdriver/troubleshooting/errors#nosuchelementexception
Stacktrace:
RemoteError@chrome://remote/content/shared/RemoteError.sys.mjs:8:8
WebDriverError@chrome://remote/content/shared/webdriver/Errors.sys.mjs:187:5
NoSuchElementError@chrome://remote/content/shared/webdriver/Errors.sys.mjs:505:5
element.find/</<@chrome://remote/content/marionette/element.sys.mjs:135:16

2025-12-02 14:40:05,901 - WARNING - ⚠️ Error en despacho, continuando...
2025-12-02 14:40:05,901 - INFO - === PASO 9: DESCUENTO EMPLEADO ===
2025-12-02 14:40:05,901 - INFO - Modulo_7_aplicar_credito: DESHABILITADO
2025-12-02 14:40:05,902 - INFO - === PASO 10: CRÉDITOS ===
2025-12-02 14:40:05,902 - INFO - Modulo_8_aplicar_descuento_empleado: DESHABILITADO
2025-12-02 14:40:05,903 - INFO - === PASO 11: FINALIZAR COTIZACIÓN ===
2025-12-02 14:40:05,904 - INFO - === FINALIZANDO COTIZACIÓN ===
2025-12-02 14:40:06,008 - INFO - Screenshot capturado: C9_17_antes_finalizar.png
2025-12-02 14:40:08,010 - INFO - PASO 1: Click en botón finalizar
2025-12-02 14:40:11,039 - INFO - ✓ Botón finalizar encontrado con: /html/body/div[2]/div[4]/div/div/div[3]/form[1]/button
2025-12-02 14:40:11,126 - INFO - Screenshot capturado: C9_18_antes_finalizar.png
2025-12-02 14:40:11,127 - INFO - 🔧 Preservando datos de sesión...
2025-12-02 14:40:11,149 - INFO - 📝 Sesión preservada - OrderID: undefined, SessionData: 
2025-12-02 14:40:11,179 - INFO - ✓ Click en botón finalizar exitoso
2025-12-02 14:40:14,191 - INFO - 🖨️ Elementos printer encontrados: 10
2025-12-02 14:40:14,224 - INFO -   Elemento 1: tag=form, id=printForm, class=
2025-12-02 14:40:14,261 - INFO -   Elemento 2: tag=div, id=, class=printingBox
2025-12-02 14:40:14,293 - INFO -   Elemento 3: tag=input, id=printerGroup, class=printerRadioButton btnFloatRight
2025-12-02 14:40:14,324 - INFO -   Elemento 4: tag=input, id=printerName0, class=
2025-12-02 14:40:14,361 - INFO -   Elemento 5: tag=input, id=printerLocation0, class=
2025-12-02 14:40:14,380 - INFO - 📋 Modales encontrados: 156
2025-12-02 14:40:14,411 - INFO -   Modal 1: tag=div, id=itemInquiryDialog, visible=False
2025-12-02 14:40:14,441 - INFO -   Modal 2: tag=div, id=, visible=False
2025-12-02 14:40:14,475 - INFO -   Modal 3: tag=div, id=, visible=False
2025-12-02 14:40:14,486 - INFO - 📝 Formularios encontrados: 42
2025-12-02 14:40:14,486 - INFO - 🔍 MONITOREANDO ESTADO POST-SAVE...
2025-12-02 14:40:15,492 - INFO - 📍 Segundo 1: URL = http://ursvtols8b3c:8080/engage-unicomer-web/saleOrder/saveAndPrint
2025-12-02 14:40:15,499 - INFO - 📄 Segundo 1: Título = Grupo Unicomer
2025-12-02 14:40:16,856 - INFO - 🔘 Segundo 1: Botones visibles = ['Search', 'Item Inquiry', 'Transaction Options', 'Save & Print', 'Save']
2025-12-02 14:40:16,872 - INFO - 🖨️ Segundo 1: Printer Group encontrado! Visible=True
2025-12-02 14:40:16,873 - INFO - ✅ PRINTER GROUP DISPONIBLE - Procediendo a hacer click...
2025-12-02 14:40:17,136 - INFO - ✓ Default Printer seleccionado: //*[@id='printerGroup']
2025-12-02 14:40:18,166 - INFO - 🖨️ Botón print encontrado: //button[@id='defaultSubmitPrintButton']
2025-12-02 14:40:18,195 - INFO - ✅ CLICK EN BOTÓN IMPRIMIR EXITOSO
2025-12-02 14:40:20,263 - INFO - ✅ CONFIRMACIÓN FINAL EXITOSA
2025-12-02 14:40:20,498 - INFO - Screenshot capturado: C9_21_print_completado.png
2025-12-02 14:40:20,499 - INFO - ✅ Finalización exitosa
2025-12-02 14:40:20,499 - INFO - === PASO 12: GENERAR REPORTE INDIVIDUAL ===
2025-12-02 14:40:20,500 - INFO - Generando reporte para cotización 9 con número 1160920925000Y
2025-12-02 14:40:20,501 - INFO - Screenshots disponibles: 15
2025-12-02 14:40:20,502 - INFO - 🔄 Generando reporte para cotización 9: 1160920925000Y
2025-12-02 14:40:20,649 - INFO - Excel actualizado - Cotización 9: 1160920925000Y
2025-12-02 14:40:20,865 - INFO - Reporte ejecutivo generado: Reporte_cotizacion_1160920925000Y.docx
2025-12-02 14:40:20,866 - INFO - Archivo verificado: 1181948 bytes
2025-12-02 14:40:20,867 - INFO - Reporte Word generado exitosamente para cotización 9
2025-12-02 14:40:20,867 - INFO - Iniciando limpieza de screenshots después de generar reporte
2025-12-02 14:40:20,869 - INFO - Screenshot eliminado: C9_02_dashboard.png
2025-12-02 14:40:20,871 - INFO - Screenshot eliminado: C9_04_formulario_orden.png
2025-12-02 14:40:20,872 - INFO - Screenshot eliminado: C9_07_pantalla_garantias_01.png
2025-12-02 14:40:20,874 - INFO - Screenshot eliminado: C9_06_item_con_garantias_procesadas_01.png
2025-12-02 14:40:20,875 - INFO - Screenshot eliminado: C9_12_antes_enlazar_cliente.png
2025-12-02 14:40:20,877 - INFO - Screenshot eliminado: C9_13_formulario_cliente.png
2025-12-02 14:40:20,881 - INFO - Screenshot eliminado: C9_14_cliente_ingresado.png
2025-12-02 14:40:20,885 - INFO - Screenshot eliminado: C9_15_primer_next.png
2025-12-02 14:40:20,887 - INFO - Screenshot eliminado: C9_16_segundo_next.png
2025-12-02 14:40:20,889 - INFO - Screenshot eliminado: C9_17_antes_entrega_cliente.png
2025-12-02 14:40:20,892 - INFO - Screenshot eliminado: C9_18_menu_transaction_options.png
2025-12-02 14:40:20,895 - INFO - Screenshot eliminado: C9_19_formulario_entrega.png
2025-12-02 14:40:20,899 - INFO - Screenshot eliminado: C9_17_antes_finalizar.png
2025-12-02 14:40:20,902 - INFO - Screenshot eliminado: C9_18_antes_finalizar.png
2025-12-02 14:40:20,906 - INFO - Screenshot eliminado: C9_21_print_completado.png
2025-12-02 14:40:20,907 - INFO - 15 screenshots eliminados para esta cotización
2025-12-02 14:40:20,908 - INFO - Cotización 9 completada: 1160920925000Y
2025-12-02 14:40:22,909 - INFO - 
🔄 PROCESANDO COTIZACIÓN 10/13: 10
2025-12-02 14:40:22,910 - INFO - === PASO 4: INICIAR ORDEN DE COMPRA ===
2025-12-02 14:40:22,911 - INFO - Buscando botón 'Comience una Orden de Compra'...
2025-12-02 14:40:23,107 - INFO - Screenshot capturado: C10_02_dashboard.png
2025-12-02 14:40:23,108 - INFO - Intentando selector 1: /html/body/div[2]/div[4]/div/div/div[1]/a[1]/input
2025-12-02 14:40:23,109 - INFO - Esperando que botón orden selector 1 sea visible (timeout: 300s, se reinicia con progreso)...
2025-12-02 14:40:23,175 - INFO - PROGRESO: botón orden selector 1 visible - REINICIANDO timeout
2025-12-02 14:40:23,247 - INFO - OK - botón orden selector 1 listo después de 0.0s
2025-12-02 14:40:23,835 - INFO - Click exitoso en botón orden selector 1
2025-12-02 14:40:25,190 - INFO - Screenshot capturado: C10_04_formulario_orden.png
2025-12-02 14:40:25,192 - INFO - Click realizado en botón orden
2025-12-02 14:40:25,193 - INFO - Preparando nueva cotización...
2025-12-02 14:40:30,212 - INFO - ✓ Storage del navegador limpiado
2025-12-02 14:40:30,216 - INFO - ✓ Página estabilizada para nueva cotización
2025-12-02 14:40:30,216 - INFO - ✓ Sistema listo para siguiente cotización automática
2025-12-02 14:40:31,217 - INFO - Configuración - Garantías: SI, Descuento: NO, Créditos: NO, Entrega: SI, Tipo Entrega: cliente llevará
2025-12-02 14:40:31,218 - INFO - === PASO 5: EXTRAER NÚMERO COTIZACIÓN ===
2025-12-02 14:40:31,219 - INFO - === EXTRAYENDO NÚMERO DE COTIZACIÓN INICIAL ===
2025-12-02 14:40:33,261 - INFO - Número encontrado con selector: li.quotationNumberTitle p:last-child
2025-12-02 14:40:33,262 - INFO - Número de cotización: 1160920925000Z
2025-12-02 14:40:33,262 - INFO - Número base extraído: 1160920925000Z
2025-12-02 14:40:33,262 - INFO - Número único generado: 1160920925000Z_3262
2025-12-02 14:40:33,262 - INFO - === PASO 6: AGREGAR ITEMS ===
2025-12-02 14:40:33,263 - INFO - --- ITEM 1/3 ---
2025-12-02 14:40:33,264 - INFO - === MÓDULO 3: AGREGAR ITEM 1 ===
2025-12-02 14:40:33,264 - INFO - Código: 463101900011, Cantidad: 1
2025-12-02 14:40:33,264 - INFO - Esperando que campo búsqueda item 1 sea visible (timeout: 300s, se reinicia con progreso)...
2025-12-02 14:40:33,284 - INFO - PROGRESO: campo búsqueda item 1 visible - REINICIANDO timeout
2025-12-02 14:40:33,312 - INFO - OK - campo búsqueda item 1 listo después de 0.0s
2025-12-02 14:40:33,365 - INFO - Código 463101900011 ingresado en campo búsqueda
2025-12-02 14:40:33,407 - INFO - Enter enviado para búsqueda
2025-12-02 14:40:35,717 - INFO - Mensaje informativo (ignorado): Error
close
ERROR TO OBTAIN THE PARAMATER: permitirNoInventariadosSeguros...
2025-12-02 14:40:35,718 - INFO - Item 463101900011 procesado correctamente
2025-12-02 14:40:35,719 - INFO - === MÓDULO 4: GARANTÍAS ITEM 1 ===
2025-12-02 14:40:35,719 - INFO - Garantía: AGREGAR
2025-12-02 14:40:36,860 - INFO - Screenshot capturado: C10_07_pantalla_garantias_01.png
2025-12-02 14:40:42,912 - INFO - Botón Add encontrado: //button[contains(@class, 'btn-success') and contains(text(), 'Add')]
2025-12-02 14:40:42,941 - INFO - Click en Añadir garantía
2025-12-02 14:40:44,989 - INFO - Encontradas 6 opciones de garantía
2025-12-02 14:40:45,111 - INFO - Garantía seleccionada - precio: $212.25
2025-12-02 14:40:46,134 - INFO - Clic en botón final para garantía con precio
2025-12-02 14:40:47,288 - INFO - Screenshot capturado: C10_08_garantia_procesada_01.png
2025-12-02 14:40:48,427 - INFO - Screenshot capturado: C10_06_item_con_garantias_procesadas_01.png
2025-12-02 14:40:48,427 - INFO - Garantías procesadas para item 1
2025-12-02 14:40:48,428 - INFO - --- ITEM 2/3 ---
2025-12-02 14:40:48,428 - INFO - === MÓDULO 3: AGREGAR ITEM 2 ===
2025-12-02 14:40:48,429 - INFO - Código: 463913600017, Cantidad: 1
2025-12-02 14:40:48,430 - INFO - Esperando que campo búsqueda item 2 sea visible (timeout: 300s, se reinicia con progreso)...
2025-12-02 14:40:48,469 - INFO - PROGRESO: campo búsqueda item 2 visible - REINICIANDO timeout
2025-12-02 14:40:48,501 - INFO - OK - campo búsqueda item 2 listo después de 0.0s
2025-12-02 14:40:48,592 - INFO - Código 463913600017 ingresado en campo búsqueda
2025-12-02 14:40:48,651 - INFO - Enter enviado para búsqueda
2025-12-02 14:40:53,201 - INFO - Item 463913600017 procesado correctamente
2025-12-02 14:40:53,202 - INFO - === MÓDULO 4: GARANTÍAS ITEM 2 ===
2025-12-02 14:40:53,202 - INFO - Garantía: AGREGAR
2025-12-02 14:40:54,318 - INFO - Screenshot capturado: C10_07_pantalla_garantias_02.png
2025-12-02 14:41:00,363 - INFO - Botón Add encontrado: //button[contains(@class, 'btn-success') and contains(text(), 'Add')]
2025-12-02 14:41:00,386 - INFO - Click en Añadir garantía
2025-12-02 14:41:02,427 - INFO - Encontradas 6 opciones de garantía
2025-12-02 14:41:02,570 - INFO - Garantía seleccionada - precio: $106.75
2025-12-02 14:41:03,592 - INFO - Clic en botón final para garantía con precio
2025-12-02 14:41:04,712 - INFO - Screenshot capturado: C10_08_garantia_procesada_02.png
2025-12-02 14:41:05,817 - INFO - Screenshot capturado: C10_06_item_con_garantias_procesadas_02.png
2025-12-02 14:41:05,817 - INFO - Garantías procesadas para item 2
2025-12-02 14:41:05,818 - INFO - --- ITEM 3/3 ---
2025-12-02 14:41:05,818 - INFO - === MÓDULO 3: AGREGAR ITEM 3 ===
2025-12-02 14:41:05,819 - INFO - Código: 457197200018, Cantidad: 1
2025-12-02 14:41:05,819 - INFO - Esperando que campo búsqueda item 3 sea visible (timeout: 300s, se reinicia con progreso)...
2025-12-02 14:41:05,854 - INFO - PROGRESO: campo búsqueda item 3 visible - REINICIANDO timeout
2025-12-02 14:41:05,879 - INFO - OK - campo búsqueda item 3 listo después de 0.0s
2025-12-02 14:41:05,929 - INFO - Código 457197200018 ingresado en campo búsqueda
2025-12-02 14:41:05,989 - INFO - Enter enviado para búsqueda
2025-12-02 14:41:13,882 - INFO - Mensaje informativo (ignorado): Error
close
ERROR TO OBTAIN THE PARAMATER: permitirNoInventariadosSeguros...
2025-12-02 14:41:13,885 - INFO - Item 457197200018 procesado correctamente
2025-12-02 14:41:13,885 - INFO - === MÓDULO 4: GARANTÍAS ITEM 3 ===
2025-12-02 14:41:13,886 - INFO - Garantía: AGREGAR
2025-12-02 14:41:14,998 - INFO - Screenshot capturado: C10_07_pantalla_garantias_03.png
2025-12-02 14:41:21,045 - INFO - Botón Add encontrado: //button[contains(@class, 'btn-success') and contains(text(), 'Add')]
2025-12-02 14:41:21,065 - INFO - Click en Añadir garantía
2025-12-02 14:41:23,087 - INFO - Encontradas 4 opciones de garantía
2025-12-02 14:41:23,116 - INFO - Precio $0.00 encontrado - buscando botón Void
2025-12-02 14:41:23,213 - INFO - Clic en botón Void para garantía $0.00
2025-12-02 14:41:23,368 - INFO - Screenshot capturado: C10_08_garantia_void_03.png
2025-12-02 14:41:24,546 - INFO - Screenshot capturado: C10_06_item_con_garantias_procesadas_03.png
2025-12-02 14:41:24,547 - INFO - Garantías procesadas para item 3
2025-12-02 14:41:24,548 - INFO - === PASO 7: ENLAZAR CUSTOMER ===
2025-12-02 14:41:24,549 - INFO - === MÓDULO 5: ENLAZAR CUSTOMER ===
2025-12-02 14:41:24,736 - INFO - Screenshot capturado: C10_12_antes_enlazar_cliente.png
2025-12-02 14:41:29,787 - INFO - Enlace cliente encontrado: /html/body/div[2]/div[3]/div[28]/div[3]/h4/a
2025-12-02 14:41:29,813 - INFO - Click en enlace cliente
2025-12-02 14:41:32,931 - INFO - Screenshot capturado: C10_13_formulario_cliente.png
2025-12-02 14:41:34,241 - INFO - Cliente 057874256 ingresado
2025-12-02 14:41:35,357 - INFO - Screenshot capturado: C10_14_cliente_ingresado.png
2025-12-02 14:41:35,965 - INFO - Primer Next
2025-12-02 14:41:39,076 - INFO - Screenshot capturado: C10_15_primer_next.png
2025-12-02 14:41:44,330 - INFO - Segundo Next
2025-12-02 14:41:47,479 - INFO - Screenshot capturado: C10_16_segundo_next.png
2025-12-02 14:41:47,480 - INFO - Customer enlazado exitosamente
2025-12-02 14:41:47,481 - INFO - === PASO 8: CONFIGURAR ENTREGA ===
2025-12-02 14:41:47,482 - INFO - === MÓDULO 6: DESPACHO/ENTREGA ===
2025-12-02 14:41:47,483 - INFO - Despacho/Entrega: CONFIGURAR
2025-12-02 14:41:47,484 - INFO - Tipo de entrega: cliente llevará
2025-12-02 14:41:47,617 - INFO - Screenshot capturado: C10_17_antes_entrega_cliente.png
2025-12-02 14:41:47,617 - INFO - Paso 1: Buscando botón Transaction Options
2025-12-02 14:41:50,644 - INFO - ✓ Transaction Options encontrado con: transactionOptionsBtn
2025-12-02 14:41:50,663 - INFO - Click en Transaction Options exitoso
2025-12-02 14:41:53,748 - INFO - Screenshot capturado: C10_18_menu_transaction_options.png
2025-12-02 14:41:53,748 - INFO - Paso 2: Seleccionando opción de entrega
2025-12-02 14:41:53,805 - INFO - Opción de entrega seleccionada
2025-12-02 14:41:56,886 - INFO - Screenshot capturado: C10_19_formulario_entrega.png
2025-12-02 14:41:56,886 - INFO - Paso 3: Llenando datos del formulario
2025-12-02 14:41:57,038 - INFO - Nombre 1 ingresado: ELISEO AMILCAR LOPEZ + Enter
2025-12-02 14:41:58,108 - INFO - Nombre 2 ingresado: MARGARITA PORTILLO DE LOPEZ + Enter
2025-12-02 14:41:59,151 - INFO - ✓ Campo adicional (div[4]) ingresado: ELISEO LOPEZ + Enter
2025-12-02 14:42:00,152 - INFO - Paso 4: Configurando select MADRE
2025-12-02 14:42:00,421 - INFO - Select MADRE abierto
2025-12-02 14:42:02,177 - INFO - ✓ Opción MADRE seleccionada
2025-12-02 14:42:03,178 - INFO - Paso 4B: Configurando transportador (relationship)
2025-12-02 14:42:03,428 - INFO - ✓ Select TRANSPORTADOR abierto con: /html/body/div[2]/form/div[1]/div/div[2]/div[6]/span[2]/span/a
2025-12-02 14:42:04,675 - INFO - ✓ Opción TRANSPORTADOR seleccionada
2025-12-02 14:42:05,676 - INFO - Paso 5: Configurando tipo de entrega: cliente llevará
2025-12-02 14:42:05,932 - INFO - ✓ Select TIPO ENTREGA abierto
2025-12-02 14:42:07,187 - INFO - ✓ Tipo entrega seleccionado: Cliente llevará (Cliente Recoge)
2025-12-02 14:42:09,189 - INFO - Paso 6: Configurando lugar de salida (Bodega Nejapa)
2025-12-02 14:42:09,252 - INFO - ✓ Texto escrito: BODEGA 94 NEJAPA
2025-12-02 14:42:11,524 - INFO - ✓ Opción clickeada del dropdown: BODEGA 94 NEJAPA
2025-12-02 14:42:16,542 - INFO - ℹ️ No se requiere OK para lugar de salida
2025-12-02 14:42:18,544 - INFO - Paso 7: Configurando transporte (11094 - BODEGA 94 NEJAPA)
2025-12-02 14:42:20,574 - INFO - ✓ Caja de texto del transporte encontrada
2025-12-02 14:42:21,392 - INFO - ✓ Texto escrito: BODEGA 94 NEJAPA
2025-12-02 14:42:22,393 - INFO - -Buscando opción '11094 - BODEGA 94 NEJAPA' en dropdown...
2025-12-02 14:42:22,394 - INFO - Intentando con selector: //li[@class='ui-menu-item']//a[contains(text(), '11094 - BODEGA 94 NEJAPA')]
2025-12-02 14:42:23,460 - INFO - Intentando con selector: //li[@role='menuitem']//a[contains(text(), '11094 - BODEGA 94 NEJAPA')]
2025-12-02 14:42:24,518 - INFO - Intentando con selector: //li[contains(@class, 'ui-menu-item')]//a[contains(text(), 'BODEGA 94 NEJAPA')]
2025-12-02 14:42:25,580 - INFO - Intentando con selector: //ul[contains(@class, 'ui-autocomplete')]//a[contains(text(), '11094')]
2025-12-02 14:42:26,636 - INFO - Intentando con selector: //a[@class='ui-corner-all'][contains(text(), '11094 - BODEGA 94 NEJAPA')]
2025-12-02 14:42:27,702 - INFO - Intentando con selector: /html/body/ul[4]/li/a
2025-12-02 14:42:28,765 - INFO - 🔄 Fallback: Usando flecha abajo + Enter...
2025-12-02 14:42:29,316 - INFO - ✓ Flecha abajo + Enter ejecutado
2025-12-02 14:42:30,347 - INFO - 🔍 Verificación final: Input='11094 - BODEGA 94 NEJAPA', Select='11094'
2025-12-02 14:42:30,347 - INFO - ✅ TRANSPORTE CONFIGURADO EXITOSAMENTE
2025-12-02 14:42:33,349 - INFO - Paso 8: Agregando instrucciones
2025-12-02 14:42:38,374 - WARNING - Error agregando instrucciones: Message: Unable to locate element: //*[@id='instructions']; For documentation on this error, please visit: https://www.selenium.dev/documentation/webdriver/troubleshooting/errors#nosuchelementexception
Stacktrace:
RemoteError@chrome://remote/content/shared/RemoteError.sys.mjs:8:8
WebDriverError@chrome://remote/content/shared/webdriver/Errors.sys.mjs:187:5
NoSuchElementError@chrome://remote/content/shared/webdriver/Errors.sys.mjs:505:5
element.find/</<@chrome://remote/content/marionette/element.sys.mjs:135:16

2025-12-02 14:42:38,375 - INFO - Paso 9: Enviando formulario de entrega
2025-12-02 14:42:43,396 - WARNING - Error enviando formulario: Message: Unable to locate element: /html/body/div[2]/form/div[2]/button; For documentation on this error, please visit: https://www.selenium.dev/documentation/webdriver/troubleshooting/errors#nosuchelementexception
Stacktrace:
RemoteError@chrome://remote/content/shared/RemoteError.sys.mjs:8:8
WebDriverError@chrome://remote/content/shared/webdriver/Errors.sys.mjs:187:5
NoSuchElementError@chrome://remote/content/shared/webdriver/Errors.sys.mjs:505:5
element.find/</<@chrome://remote/content/marionette/element.sys.mjs:135:16

2025-12-02 14:42:43,396 - WARNING - ⚠️ Error en despacho, continuando...
2025-12-02 14:42:43,397 - INFO - === PASO 9: DESCUENTO EMPLEADO ===
2025-12-02 14:42:43,397 - INFO - Modulo_7_aplicar_credito: DESHABILITADO
2025-12-02 14:42:43,398 - INFO - === PASO 10: CRÉDITOS ===
2025-12-02 14:42:43,398 - INFO - Modulo_8_aplicar_descuento_empleado: DESHABILITADO
2025-12-02 14:42:43,399 - INFO - === PASO 11: FINALIZAR COTIZACIÓN ===
2025-12-02 14:42:43,399 - INFO - === FINALIZANDO COTIZACIÓN ===
2025-12-02 14:42:43,478 - INFO - Screenshot capturado: C10_17_antes_finalizar.png
2025-12-02 14:42:45,479 - INFO - PASO 1: Click en botón finalizar
2025-12-02 14:42:48,503 - INFO - ✓ Botón finalizar encontrado con: /html/body/div[2]/div[4]/div/div/div[3]/form[1]/button
2025-12-02 14:42:48,584 - INFO - Screenshot capturado: C10_18_antes_finalizar.png
2025-12-02 14:42:48,586 - INFO - 🔧 Preservando datos de sesión...
2025-12-02 14:42:48,599 - INFO - 📝 Sesión preservada - OrderID: undefined, SessionData: 
2025-12-02 14:42:48,631 - INFO - ✓ Click en botón finalizar exitoso
2025-12-02 14:42:51,652 - INFO - 🖨️ Elementos printer encontrados: 10
2025-12-02 14:42:51,695 - INFO -   Elemento 1: tag=form, id=printForm, class=
2025-12-02 14:42:51,739 - INFO -   Elemento 2: tag=div, id=, class=printingBox
2025-12-02 14:42:51,774 - INFO -   Elemento 3: tag=input, id=printerGroup, class=printerRadioButton btnFloatRight
2025-12-02 14:42:51,823 - INFO -   Elemento 4: tag=input, id=printerName0, class=
2025-12-02 14:42:51,871 - INFO -   Elemento 5: tag=input, id=printerLocation0, class=
2025-12-02 14:42:51,897 - INFO - 📋 Modales encontrados: 228
2025-12-02 14:42:51,947 - INFO -   Modal 1: tag=div, id=itemInquiryDialog, visible=False
2025-12-02 14:42:51,979 - INFO -   Modal 2: tag=div, id=, visible=False
2025-12-02 14:42:52,018 - INFO -   Modal 3: tag=div, id=, visible=False
2025-12-02 14:42:52,028 - INFO - 📝 Formularios encontrados: 60
2025-12-02 14:42:52,030 - INFO - 🔍 MONITOREANDO ESTADO POST-SAVE...
2025-12-02 14:42:53,037 - INFO - 📍 Segundo 1: URL = http://ursvtols8b3c:8080/engage-unicomer-web/saleOrder/saveAndPrint
2025-12-02 14:42:53,042 - INFO - 📄 Segundo 1: Título = Grupo Unicomer
2025-12-02 14:42:55,076 - INFO - 🔘 Segundo 1: Botones visibles = ['Search', 'Item Inquiry', 'Transaction Options', 'Save & Print', 'Save']
2025-12-02 14:42:55,099 - INFO - 🖨️ Segundo 1: Printer Group encontrado! Visible=True
2025-12-02 14:42:55,100 - INFO - ✅ PRINTER GROUP DISPONIBLE - Procediendo a hacer click...
2025-12-02 14:42:55,362 - INFO - ✓ Default Printer seleccionado: //*[@id='printerGroup']
2025-12-02 14:42:56,394 - INFO - 🖨️ Botón print encontrado: //button[@id='defaultSubmitPrintButton']
2025-12-02 14:42:56,420 - INFO - ✅ CLICK EN BOTÓN IMPRIMIR EXITOSO
2025-12-02 14:42:58,479 - INFO - ✅ CONFIRMACIÓN FINAL EXITOSA
2025-12-02 14:42:58,626 - INFO - Screenshot capturado: C10_21_print_completado.png
2025-12-02 14:42:58,627 - INFO - ✅ Finalización exitosa
2025-12-02 14:42:58,628 - INFO - === PASO 12: GENERAR REPORTE INDIVIDUAL ===
2025-12-02 14:42:58,629 - INFO - Generando reporte para cotización 10 con número 1160920925000Z
2025-12-02 14:42:58,630 - INFO - Screenshots disponibles: 22
2025-12-02 14:42:58,631 - INFO - 🔄 Generando reporte para cotización 10: 1160920925000Z
2025-12-02 14:42:58,840 - INFO - Excel actualizado - Cotización 10: 1160920925000Z
2025-12-02 14:42:59,464 - INFO - Reporte ejecutivo generado: Reporte_cotizacion_1160920925000Z.docx
2025-12-02 14:42:59,465 - INFO - Archivo verificado: 2138088 bytes
2025-12-02 14:42:59,466 - INFO - Reporte Word generado exitosamente para cotización 10
2025-12-02 14:42:59,466 - INFO - Iniciando limpieza de screenshots después de generar reporte
2025-12-02 14:42:59,469 - INFO - Screenshot eliminado: C10_02_dashboard.png
2025-12-02 14:42:59,471 - INFO - Screenshot eliminado: C10_04_formulario_orden.png
2025-12-02 14:42:59,475 - INFO - Screenshot eliminado: C10_07_pantalla_garantias_01.png
2025-12-02 14:42:59,478 - INFO - Screenshot eliminado: C10_08_garantia_procesada_01.png
2025-12-02 14:42:59,481 - INFO - Screenshot eliminado: C10_06_item_con_garantias_procesadas_01.png
2025-12-02 14:42:59,483 - INFO - Screenshot eliminado: C10_07_pantalla_garantias_02.png
2025-12-02 14:42:59,486 - INFO - Screenshot eliminado: C10_08_garantia_procesada_02.png
2025-12-02 14:42:59,489 - INFO - Screenshot eliminado: C10_06_item_con_garantias_procesadas_02.png
2025-12-02 14:42:59,492 - INFO - Screenshot eliminado: C10_07_pantalla_garantias_03.png
2025-12-02 14:42:59,495 - INFO - Screenshot eliminado: C10_08_garantia_void_03.png
2025-12-02 14:42:59,498 - INFO - Screenshot eliminado: C10_06_item_con_garantias_procesadas_03.png
2025-12-02 14:42:59,501 - INFO - Screenshot eliminado: C10_12_antes_enlazar_cliente.png
2025-12-02 14:42:59,503 - INFO - Screenshot eliminado: C10_13_formulario_cliente.png
2025-12-02 14:42:59,506 - INFO - Screenshot eliminado: C10_14_cliente_ingresado.png
2025-12-02 14:42:59,513 - INFO - Screenshot eliminado: C10_15_primer_next.png
2025-12-02 14:42:59,518 - INFO - Screenshot eliminado: C10_16_segundo_next.png
2025-12-02 14:42:59,520 - INFO - Screenshot eliminado: C10_17_antes_entrega_cliente.png
2025-12-02 14:42:59,524 - INFO - Screenshot eliminado: C10_18_menu_transaction_options.png
2025-12-02 14:42:59,526 - INFO - Screenshot eliminado: C10_19_formulario_entrega.png
2025-12-02 14:42:59,529 - INFO - Screenshot eliminado: C10_17_antes_finalizar.png
2025-12-02 14:42:59,532 - INFO - Screenshot eliminado: C10_18_antes_finalizar.png
2025-12-02 14:42:59,535 - INFO - Screenshot eliminado: C10_21_print_completado.png
2025-12-02 14:42:59,535 - INFO - 22 screenshots eliminados para esta cotización
2025-12-02 14:42:59,536 - INFO - Cotización 10 completada: 1160920925000Z
2025-12-02 14:43:01,537 - INFO - 
🔄 PROCESANDO COTIZACIÓN 11/13: 11
2025-12-02 14:43:01,538 - INFO - === PASO 4: INICIAR ORDEN DE COMPRA ===
2025-12-02 14:43:01,540 - INFO - Buscando botón 'Comience una Orden de Compra'...
2025-12-02 14:43:01,757 - INFO - Screenshot capturado: C11_02_dashboard.png
2025-12-02 14:43:01,759 - INFO - Intentando selector 1: /html/body/div[2]/div[4]/div/div/div[1]/a[1]/input
2025-12-02 14:43:01,761 - INFO - Esperando que botón orden selector 1 sea visible (timeout: 300s, se reinicia con progreso)...
2025-12-02 14:43:02,046 - INFO - PROGRESO: botón orden selector 1 visible - REINICIANDO timeout
2025-12-02 14:43:02,399 - INFO - OK - botón orden selector 1 listo después de 0.0s
2025-12-02 14:43:03,085 - INFO - Click exitoso en botón orden selector 1
2025-12-02 14:43:04,214 - INFO - Screenshot capturado: C11_04_formulario_orden.png
2025-12-02 14:43:04,215 - INFO - Click realizado en botón orden
2025-12-02 14:43:04,215 - INFO - Preparando nueva cotización...
2025-12-02 14:43:09,231 - INFO - ✓ Storage del navegador limpiado
2025-12-02 14:43:09,241 - INFO - ✓ Página estabilizada para nueva cotización
2025-12-02 14:43:09,242 - INFO - ✓ Sistema listo para siguiente cotización automática
2025-12-02 14:43:10,244 - INFO - Configuración - Garantías: SI, Descuento: NO, Créditos: NO, Entrega: SI, Tipo Entrega: cliente llevará
2025-12-02 14:43:10,245 - INFO - === PASO 5: EXTRAER NÚMERO COTIZACIÓN ===
2025-12-02 14:43:10,247 - INFO - === EXTRAYENDO NÚMERO DE COTIZACIÓN INICIAL ===
2025-12-02 14:43:12,287 - INFO - Número encontrado con selector: li.quotationNumberTitle p:last-child
2025-12-02 14:43:12,288 - INFO - Número de cotización: 11609209250012
2025-12-02 14:43:12,289 - INFO - Número base extraído: 11609209250012
2025-12-02 14:43:12,289 - INFO - Número único generado: 11609209250012_2289
2025-12-02 14:43:12,289 - INFO - === PASO 6: AGREGAR ITEMS ===
2025-12-02 14:43:12,290 - INFO - --- ITEM 1/1 ---
2025-12-02 14:43:12,291 - INFO - === MÓDULO 3: AGREGAR ITEM 1 ===
2025-12-02 14:43:12,291 - INFO - Código: 462648500012, Cantidad: 1
2025-12-02 14:43:12,292 - INFO - Esperando que campo búsqueda item 1 sea visible (timeout: 300s, se reinicia con progreso)...
2025-12-02 14:43:12,321 - INFO - PROGRESO: campo búsqueda item 1 visible - REINICIANDO timeout
2025-12-02 14:43:12,351 - INFO - OK - campo búsqueda item 1 listo después de 0.0s
2025-12-02 14:43:12,416 - INFO - Código 462648500012 ingresado en campo búsqueda
2025-12-02 14:43:12,450 - INFO - Enter enviado para búsqueda
2025-12-02 14:43:15,140 - INFO -  Popup cerrado
2025-12-02 14:43:15,229 - INFO - Item 462648500012 procesado correctamente
2025-12-02 14:43:15,230 - INFO - === MÓDULO 4: GARANTÍAS ITEM 1 ===
2025-12-02 14:43:15,231 - INFO - Garantía: AGREGAR
2025-12-02 14:43:16,324 - INFO - Screenshot capturado: C11_07_pantalla_garantias_01.png
2025-12-02 14:43:22,371 - INFO - Botón Add encontrado: //button[contains(@class, 'btn-success') and contains(text(), 'Add')]
2025-12-02 14:43:22,396 - INFO - Click en Añadir garantía
2025-12-02 14:43:24,432 - INFO - Encontradas 4 opciones de garantía
2025-12-02 14:43:24,459 - INFO - Precio $0.00 encontrado - buscando botón Void
2025-12-02 14:43:24,500 - INFO - Clic en botón Void para garantía $0.00
2025-12-02 14:43:24,656 - INFO - Screenshot capturado: C11_08_garantia_void_01.png
2025-12-02 14:43:25,776 - INFO - Screenshot capturado: C11_06_item_con_garantias_procesadas_01.png
2025-12-02 14:43:25,777 - INFO - Garantías procesadas para item 1
2025-12-02 14:43:25,778 - INFO - === PASO 7: ENLAZAR CUSTOMER ===
2025-12-02 14:43:25,779 - INFO - === MÓDULO 5: ENLAZAR CUSTOMER ===
2025-12-02 14:43:25,946 - INFO - Screenshot capturado: C11_12_antes_enlazar_cliente.png
2025-12-02 14:43:31,030 - INFO - Enlace cliente encontrado: /html/body/div[2]/div[3]/div[28]/div[3]/h4/a
2025-12-02 14:43:31,062 - INFO - Click en enlace cliente
2025-12-02 14:43:34,147 - INFO - Screenshot capturado: C11_13_formulario_cliente.png
2025-12-02 14:43:35,444 - INFO - Cliente 057874256 ingresado
2025-12-02 14:43:36,538 - INFO - Screenshot capturado: C11_14_cliente_ingresado.png
2025-12-02 14:43:37,568 - INFO - Primer Next
2025-12-02 14:43:40,700 - INFO - Screenshot capturado: C11_15_primer_next.png
2025-12-02 14:43:43,465 - INFO - Segundo Next
2025-12-02 14:43:46,541 - INFO - Screenshot capturado: C11_16_segundo_next.png
2025-12-02 14:43:46,542 - INFO - Customer enlazado exitosamente
2025-12-02 14:43:46,542 - INFO - === PASO 8: CONFIGURAR ENTREGA ===
2025-12-02 14:43:46,542 - INFO - === MÓDULO 6: DESPACHO/ENTREGA ===
2025-12-02 14:43:46,542 - INFO - Despacho/Entrega: CONFIGURAR
2025-12-02 14:43:46,543 - INFO - Tipo de entrega: cliente llevará
2025-12-02 14:43:46,608 - INFO - Screenshot capturado: C11_17_antes_entrega_cliente.png
2025-12-02 14:43:46,608 - INFO - Paso 1: Buscando botón Transaction Options
2025-12-02 14:43:49,637 - INFO - ✓ Transaction Options encontrado con: transactionOptionsBtn
2025-12-02 14:43:49,656 - INFO - Click en Transaction Options exitoso
2025-12-02 14:43:52,738 - INFO - Screenshot capturado: C11_18_menu_transaction_options.png
2025-12-02 14:43:52,739 - INFO - Paso 2: Seleccionando opción de entrega
2025-12-02 14:43:52,772 - INFO - Opción de entrega seleccionada
2025-12-02 14:43:55,879 - INFO - Screenshot capturado: C11_19_formulario_entrega.png
2025-12-02 14:43:55,880 - INFO - Paso 3: Llenando datos del formulario
2025-12-02 14:43:55,984 - INFO - Nombre 1 ingresado: ELISEO AMILCAR LOPEZ + Enter
2025-12-02 14:43:57,050 - INFO - Nombre 2 ingresado: MARGARITA PORTILLO DE LOPEZ + Enter
2025-12-02 14:43:58,103 - INFO - ✓ Campo adicional (div[4]) ingresado: ELISEO LOPEZ + Enter
2025-12-02 14:43:59,104 - INFO - Paso 4: Configurando select MADRE
2025-12-02 14:43:59,354 - INFO - Select MADRE abierto
2025-12-02 14:44:01,124 - INFO - ✓ Opción MADRE seleccionada
2025-12-02 14:44:02,125 - INFO - Paso 4B: Configurando transportador (relationship)
2025-12-02 14:44:02,383 - INFO - ✓ Select TRANSPORTADOR abierto con: /html/body/div[2]/form/div[1]/div/div[2]/div[6]/span[2]/span/a
2025-12-02 14:44:03,636 - INFO - ✓ Opción TRANSPORTADOR seleccionada
2025-12-02 14:44:04,637 - INFO - Paso 5: Configurando tipo de entrega: cliente llevará
2025-12-02 14:44:04,881 - INFO - ✓ Select TIPO ENTREGA abierto
2025-12-02 14:44:06,128 - INFO - ✓ Tipo entrega seleccionado: Cliente llevará (Cliente Recoge)
2025-12-02 14:44:08,129 - INFO - Paso 6: Configurando lugar de salida (Bodega Nejapa)
2025-12-02 14:44:08,193 - INFO - ✓ Texto escrito: BODEGA 94 NEJAPA
2025-12-02 14:44:10,455 - INFO - ✓ Opción clickeada del dropdown: BODEGA 94 NEJAPA
2025-12-02 14:44:15,467 - INFO - ℹ️ No se requiere OK para lugar de salida
2025-12-02 14:44:17,469 - INFO - Paso 7: Configurando transporte (11094 - BODEGA 94 NEJAPA)
2025-12-02 14:44:19,490 - INFO - ✓ Caja de texto del transporte encontrada
2025-12-02 14:44:20,282 - INFO - ✓ Texto escrito: BODEGA 94 NEJAPA
2025-12-02 14:44:21,284 - INFO - -Buscando opción '11094 - BODEGA 94 NEJAPA' en dropdown...
2025-12-02 14:44:21,285 - INFO - Intentando con selector: //li[@class='ui-menu-item']//a[contains(text(), '11094 - BODEGA 94 NEJAPA')]
2025-12-02 14:44:22,354 - INFO - Intentando con selector: //li[@role='menuitem']//a[contains(text(), '11094 - BODEGA 94 NEJAPA')]
2025-12-02 14:44:23,429 - INFO - Intentando con selector: //li[contains(@class, 'ui-menu-item')]//a[contains(text(), 'BODEGA 94 NEJAPA')]
2025-12-02 14:44:24,483 - INFO - Intentando con selector: //ul[contains(@class, 'ui-autocomplete')]//a[contains(text(), '11094')]
2025-12-02 14:44:25,539 - INFO - Intentando con selector: //a[@class='ui-corner-all'][contains(text(), '11094 - BODEGA 94 NEJAPA')]
2025-12-02 14:44:26,596 - INFO - Intentando con selector: /html/body/ul[4]/li/a
2025-12-02 14:44:27,648 - INFO - 🔄 Fallback: Usando flecha abajo + Enter...
2025-12-02 14:44:28,205 - INFO - ✓ Flecha abajo + Enter ejecutado
2025-12-02 14:44:29,285 - INFO - 🔍 Verificación final: Input='11094 - BODEGA 94 NEJAPA', Select='11094'
2025-12-02 14:44:29,286 - INFO - ✅ TRANSPORTE CONFIGURADO EXITOSAMENTE
2025-12-02 14:44:32,287 - INFO - Paso 8: Agregando instrucciones
2025-12-02 14:44:37,311 - WARNING - Error agregando instrucciones: Message: Unable to locate element: //*[@id='instructions']; For documentation on this error, please visit: https://www.selenium.dev/documentation/webdriver/troubleshooting/errors#nosuchelementexception
Stacktrace:
RemoteError@chrome://remote/content/shared/RemoteError.sys.mjs:8:8
WebDriverError@chrome://remote/content/shared/webdriver/Errors.sys.mjs:187:5
NoSuchElementError@chrome://remote/content/shared/webdriver/Errors.sys.mjs:505:5
element.find/</<@chrome://remote/content/marionette/element.sys.mjs:135:16

2025-12-02 14:44:37,312 - INFO - Paso 9: Enviando formulario de entrega
2025-12-02 14:44:42,324 - WARNING - Error enviando formulario: Message: Unable to locate element: /html/body/div[2]/form/div[2]/button; For documentation on this error, please visit: https://www.selenium.dev/documentation/webdriver/troubleshooting/errors#nosuchelementexception
Stacktrace:
RemoteError@chrome://remote/content/shared/RemoteError.sys.mjs:8:8
WebDriverError@chrome://remote/content/shared/webdriver/Errors.sys.mjs:187:5
NoSuchElementError@chrome://remote/content/shared/webdriver/Errors.sys.mjs:505:5
element.find/</<@chrome://remote/content/marionette/element.sys.mjs:135:16

2025-12-02 14:44:42,325 - WARNING - ⚠️ Error en despacho, continuando...
2025-12-02 14:44:42,326 - INFO - === PASO 9: DESCUENTO EMPLEADO ===
2025-12-02 14:44:42,326 - INFO - Modulo_7_aplicar_credito: DESHABILITADO
2025-12-02 14:44:42,327 - INFO - === PASO 10: CRÉDITOS ===
2025-12-02 14:44:42,328 - INFO - Modulo_8_aplicar_descuento_empleado: DESHABILITADO
2025-12-02 14:44:42,328 - INFO - === PASO 11: FINALIZAR COTIZACIÓN ===
2025-12-02 14:44:42,329 - INFO - === FINALIZANDO COTIZACIÓN ===
2025-12-02 14:44:42,408 - INFO - Screenshot capturado: C11_17_antes_finalizar.png
2025-12-02 14:44:44,410 - INFO - PASO 1: Click en botón finalizar
2025-12-02 14:44:47,445 - INFO - ✓ Botón finalizar encontrado con: /html/body/div[2]/div[4]/div/div/div[3]/form[1]/button
2025-12-02 14:44:47,521 - INFO - Screenshot capturado: C11_18_antes_finalizar.png
2025-12-02 14:44:47,522 - INFO - 🔧 Preservando datos de sesión...
2025-12-02 14:44:47,531 - INFO - 📝 Sesión preservada - OrderID: undefined, SessionData: 
2025-12-02 14:44:47,558 - INFO - ✓ Click en botón finalizar exitoso
2025-12-02 14:44:50,569 - INFO - 🖨️ Elementos printer encontrados: 10
2025-12-02 14:44:50,600 - INFO -   Elemento 1: tag=form, id=printForm, class=
2025-12-02 14:44:50,628 - INFO -   Elemento 2: tag=div, id=, class=printingBox
2025-12-02 14:44:50,659 - INFO -   Elemento 3: tag=input, id=printerGroup, class=printerRadioButton btnFloatRight
2025-12-02 14:44:50,695 - INFO -   Elemento 4: tag=input, id=printerName0, class=
2025-12-02 14:44:50,719 - INFO -   Elemento 5: tag=input, id=printerLocation0, class=
2025-12-02 14:44:50,738 - INFO - 📋 Modales encontrados: 156
2025-12-02 14:44:50,786 - INFO -   Modal 1: tag=div, id=itemInquiryDialog, visible=False
2025-12-02 14:44:50,825 - INFO -   Modal 2: tag=div, id=, visible=False
2025-12-02 14:44:50,852 - INFO -   Modal 3: tag=div, id=, visible=False
2025-12-02 14:44:50,861 - INFO - 📝 Formularios encontrados: 42
2025-12-02 14:44:50,862 - INFO - 🔍 MONITOREANDO ESTADO POST-SAVE...
2025-12-02 14:44:51,866 - INFO - 📍 Segundo 1: URL = http://ursvtols8b3c:8080/engage-unicomer-web/saleOrder/saveAndPrint
2025-12-02 14:44:51,872 - INFO - 📄 Segundo 1: Título = Grupo Unicomer
2025-12-02 14:44:53,409 - INFO - 🔘 Segundo 1: Botones visibles = ['Search', 'Item Inquiry', 'Transaction Options', 'Save & Print', 'Save']
2025-12-02 14:44:53,425 - INFO - 🖨️ Segundo 1: Printer Group encontrado! Visible=True
2025-12-02 14:44:53,426 - INFO - ✅ PRINTER GROUP DISPONIBLE - Procediendo a hacer click...
2025-12-02 14:44:53,684 - INFO - ✓ Default Printer seleccionado: //*[@id='printerGroup']
2025-12-02 14:44:54,710 - INFO - 🖨️ Botón print encontrado: //button[@id='defaultSubmitPrintButton']
2025-12-02 14:44:54,729 - INFO - ✅ CLICK EN BOTÓN IMPRIMIR EXITOSO
2025-12-02 14:44:56,807 - INFO - ✅ CONFIRMACIÓN FINAL EXITOSA
2025-12-02 14:44:56,954 - INFO - Screenshot capturado: C11_21_print_completado.png
2025-12-02 14:44:56,960 - INFO - ✅ Finalización exitosa
2025-12-02 14:44:56,960 - INFO - === PASO 12: GENERAR REPORTE INDIVIDUAL ===
2025-12-02 14:44:56,961 - INFO - Generando reporte para cotización 11 con número 11609209250012
2025-12-02 14:44:56,961 - INFO - Screenshots disponibles: 16
2025-12-02 14:44:56,961 - INFO - 🔄 Generando reporte para cotización 11: 11609209250012
2025-12-02 14:44:57,073 - INFO - Excel actualizado - Cotización 11: 11609209250012
2025-12-02 14:44:57,271 - INFO - Reporte ejecutivo generado: Reporte_cotizacion_11609209250012.docx
2025-12-02 14:44:57,271 - INFO - Archivo verificado: 1355527 bytes
2025-12-02 14:44:57,271 - INFO - Reporte Word generado exitosamente para cotización 11
2025-12-02 14:44:57,272 - INFO - Iniciando limpieza de screenshots después de generar reporte
2025-12-02 14:44:57,273 - INFO - Screenshot eliminado: C11_02_dashboard.png
2025-12-02 14:44:57,275 - INFO - Screenshot eliminado: C11_04_formulario_orden.png
2025-12-02 14:44:57,276 - INFO - Screenshot eliminado: C11_07_pantalla_garantias_01.png
2025-12-02 14:44:57,277 - INFO - Screenshot eliminado: C11_08_garantia_void_01.png
2025-12-02 14:44:57,280 - INFO - Screenshot eliminado: C11_06_item_con_garantias_procesadas_01.png
2025-12-02 14:44:57,282 - INFO - Screenshot eliminado: C11_12_antes_enlazar_cliente.png
2025-12-02 14:44:57,284 - INFO - Screenshot eliminado: C11_13_formulario_cliente.png
2025-12-02 14:44:57,286 - INFO - Screenshot eliminado: C11_14_cliente_ingresado.png
2025-12-02 14:44:57,287 - INFO - Screenshot eliminado: C11_15_primer_next.png
2025-12-02 14:44:57,288 - INFO - Screenshot eliminado: C11_16_segundo_next.png
2025-12-02 14:44:57,291 - INFO - Screenshot eliminado: C11_17_antes_entrega_cliente.png
2025-12-02 14:44:57,293 - INFO - Screenshot eliminado: C11_18_menu_transaction_options.png
2025-12-02 14:44:57,295 - INFO - Screenshot eliminado: C11_19_formulario_entrega.png
2025-12-02 14:44:57,297 - INFO - Screenshot eliminado: C11_17_antes_finalizar.png
2025-12-02 14:44:57,300 - INFO - Screenshot eliminado: C11_18_antes_finalizar.png
2025-12-02 14:44:57,302 - INFO - Screenshot eliminado: C11_21_print_completado.png
2025-12-02 14:44:57,303 - INFO - 16 screenshots eliminados para esta cotización
2025-12-02 14:44:57,303 - INFO - Cotización 11 completada: 11609209250012
2025-12-02 14:44:59,304 - INFO - 
🔄 PROCESANDO COTIZACIÓN 12/13: 12
2025-12-02 14:44:59,305 - INFO - === PASO 4: INICIAR ORDEN DE COMPRA ===
2025-12-02 14:44:59,305 - INFO - Buscando botón 'Comience una Orden de Compra'...
2025-12-02 14:44:59,443 - INFO - Screenshot capturado: C12_02_dashboard.png
2025-12-02 14:44:59,444 - INFO - Intentando selector 1: /html/body/div[2]/div[4]/div/div/div[1]/a[1]/input
2025-12-02 14:44:59,444 - INFO - Esperando que botón orden selector 1 sea visible (timeout: 300s, se reinicia con progreso)...
2025-12-02 14:44:59,491 - INFO - PROGRESO: botón orden selector 1 visible - REINICIANDO timeout
2025-12-02 14:44:59,548 - INFO - OK - botón orden selector 1 listo después de 0.0s
2025-12-02 14:45:00,144 - INFO - Click exitoso en botón orden selector 1
2025-12-02 14:45:01,339 - INFO - Screenshot capturado: C12_04_formulario_orden.png
2025-12-02 14:45:01,340 - INFO - Click realizado en botón orden
2025-12-02 14:45:01,341 - INFO - Preparando nueva cotización...
2025-12-02 14:45:06,369 - INFO - ✓ Storage del navegador limpiado
2025-12-02 14:45:06,379 - INFO - ✓ Página estabilizada para nueva cotización
2025-12-02 14:45:06,380 - INFO - ✓ Sistema listo para siguiente cotización automática
2025-12-02 14:45:07,381 - INFO - Configuración - Garantías: SI, Descuento: NO, Créditos: NO, Entrega: SI, Tipo Entrega: cliente llevará
2025-12-02 14:45:07,381 - INFO - === PASO 5: EXTRAER NÚMERO COTIZACIÓN ===
2025-12-02 14:45:07,382 - INFO - === EXTRAYENDO NÚMERO DE COTIZACIÓN INICIAL ===
2025-12-02 14:45:09,422 - INFO - Número encontrado con selector: li.quotationNumberTitle p:last-child
2025-12-02 14:45:09,422 - INFO - Número de cotización: 11609209250013
2025-12-02 14:45:09,423 - INFO - Número base extraído: 11609209250013
2025-12-02 14:45:09,423 - INFO - Número único generado: 11609209250013_9423
2025-12-02 14:45:09,423 - INFO - === PASO 6: AGREGAR ITEMS ===
2025-12-02 14:45:09,424 - INFO - --- ITEM 1/4 ---
2025-12-02 14:45:09,424 - INFO - === MÓDULO 3: AGREGAR ITEM 1 ===
2025-12-02 14:45:09,425 - INFO - Código: 437754700007, Cantidad: 1
2025-12-02 14:45:09,425 - INFO - Esperando que campo búsqueda item 1 sea visible (timeout: 300s, se reinicia con progreso)...
2025-12-02 14:45:09,444 - INFO - PROGRESO: campo búsqueda item 1 visible - REINICIANDO timeout
2025-12-02 14:45:09,461 - INFO - OK - campo búsqueda item 1 listo después de 0.0s
2025-12-02 14:45:09,512 - INFO - Código 437754700007 ingresado en campo búsqueda
2025-12-02 14:45:09,540 - INFO - Enter enviado para búsqueda
2025-12-02 14:45:20,044 - INFO - Item 437754700007 procesado correctamente
2025-12-02 14:45:20,045 - INFO - === MÓDULO 4: GARANTÍAS ITEM 1 ===
2025-12-02 14:45:20,045 - INFO - Garantía: AGREGAR
2025-12-02 14:45:21,167 - INFO - Screenshot capturado: C12_07_pantalla_garantias_01.png
2025-12-02 14:45:27,209 - INFO - Botón Add encontrado: //button[contains(@class, 'btn-success') and contains(text(), 'Add')]
2025-12-02 14:45:27,227 - INFO - Click en Añadir garantía
2025-12-02 14:45:29,296 - INFO - Encontradas 3 opciones de garantía
2025-12-02 14:45:29,321 - INFO - Precio $0.00 encontrado - buscando botón Void
2025-12-02 14:45:29,398 - INFO - Clic en botón Void para garantía $0.00
2025-12-02 14:45:29,567 - INFO - Screenshot capturado: C12_08_garantia_void_01.png
2025-12-02 14:45:30,770 - INFO - Screenshot capturado: C12_06_item_con_garantias_procesadas_01.png
2025-12-02 14:45:30,770 - INFO - Garantías procesadas para item 1
2025-12-02 14:45:30,771 - INFO - --- ITEM 2/4 ---
2025-12-02 14:45:30,771 - INFO - === MÓDULO 3: AGREGAR ITEM 2 ===
2025-12-02 14:45:30,772 - INFO - Código: 463870000011, Cantidad: 1
2025-12-02 14:45:30,773 - INFO - Esperando que campo búsqueda item 2 sea visible (timeout: 300s, se reinicia con progreso)...
2025-12-02 14:45:30,988 - INFO - PROGRESO: campo búsqueda item 2 visible - REINICIANDO timeout
2025-12-02 14:45:31,031 - INFO - OK - campo búsqueda item 2 listo después de 0.0s
2025-12-02 14:45:31,149 - INFO - Código 463870000011 ingresado en campo búsqueda
2025-12-02 14:45:31,331 - INFO - Enter enviado para búsqueda
2025-12-02 14:45:37,961 - INFO -  Popup cerrado
2025-12-02 14:45:37,987 - INFO - Item 463870000011 procesado correctamente
2025-12-02 14:45:37,987 - INFO - === MÓDULO 4: GARANTÍAS ITEM 2 ===
2025-12-02 14:45:37,987 - INFO - Garantía: AGREGAR
2025-12-02 14:45:39,141 - INFO - Screenshot capturado: C12_07_pantalla_garantias_02.png
2025-12-02 14:45:45,205 - INFO - Botón Add encontrado: //button[contains(@class, 'btn-success') and contains(text(), 'Add')]
2025-12-02 14:45:45,238 - INFO - Click en Añadir garantía
2025-12-02 14:45:47,266 - INFO - Encontradas 6 opciones de garantía
2025-12-02 14:45:47,410 - INFO - Garantía seleccionada - precio: $187.50
2025-12-02 14:45:48,426 - INFO - Clic en botón final para garantía con precio
2025-12-02 14:45:49,526 - INFO - Screenshot capturado: C12_08_garantia_procesada_02.png
2025-12-02 14:45:50,631 - INFO - Screenshot capturado: C12_06_item_con_garantias_procesadas_02.png
2025-12-02 14:45:50,632 - INFO - Garantías procesadas para item 2
2025-12-02 14:45:50,632 - INFO - --- ITEM 3/4 ---
2025-12-02 14:45:50,632 - INFO - === MÓDULO 3: AGREGAR ITEM 3 ===
2025-12-02 14:45:50,632 - INFO - Código: 454268200014, Cantidad: 1
2025-12-02 14:45:50,633 - INFO - Esperando que campo búsqueda item 3 sea visible (timeout: 300s, se reinicia con progreso)...
2025-12-02 14:45:50,656 - INFO - PROGRESO: campo búsqueda item 3 visible - REINICIANDO timeout
2025-12-02 14:45:50,675 - INFO - OK - campo búsqueda item 3 listo después de 0.0s
2025-12-02 14:45:50,719 - INFO - Código 454268200014 ingresado en campo búsqueda
2025-12-02 14:45:50,748 - INFO - Enter enviado para búsqueda
2025-12-02 14:45:56,963 - INFO - Mensaje informativo (ignorado): Error
close
ERROR TO OBTAIN THE PARAMATER: permitirNoInventariadosSeguros...
2025-12-02 14:45:56,964 - INFO - Item 454268200014 procesado correctamente
2025-12-02 14:45:56,965 - INFO - === MÓDULO 4: GARANTÍAS ITEM 3 ===
2025-12-02 14:45:56,965 - INFO - Garantía: AGREGAR
2025-12-02 14:45:58,120 - INFO - Screenshot capturado: C12_07_pantalla_garantias_03.png
2025-12-02 14:46:04,160 - INFO - Botón Add encontrado: //button[contains(@class, 'btn-success') and contains(text(), 'Add')]
2025-12-02 14:46:04,180 - INFO - Click en Añadir garantía
2025-12-02 14:46:06,196 - INFO - Encontradas 1 opciones de garantía
2025-12-02 14:46:06,232 - INFO - Garantía seleccionada - precio: $39.75
2025-12-02 14:46:07,250 - INFO - Clic en botón final para garantía con precio
2025-12-02 14:46:08,395 - INFO - Screenshot capturado: C12_08_garantia_procesada_03.png
2025-12-02 14:46:09,490 - INFO - Screenshot capturado: C12_06_item_con_garantias_procesadas_03.png
2025-12-02 14:46:09,490 - INFO - Garantías procesadas para item 3
2025-12-02 14:46:09,491 - INFO - --- ITEM 4/4 ---
2025-12-02 14:46:09,491 - INFO - === MÓDULO 3: AGREGAR ITEM 4 ===
2025-12-02 14:46:09,492 - INFO - Código: 463802000010, Cantidad: 1
2025-12-02 14:46:09,493 - INFO - Esperando que campo búsqueda item 4 sea visible (timeout: 300s, se reinicia con progreso)...
2025-12-02 14:46:09,534 - INFO - PROGRESO: campo búsqueda item 4 visible - REINICIANDO timeout
2025-12-02 14:46:09,564 - INFO - OK - campo búsqueda item 4 listo después de 0.0s
2025-12-02 14:46:09,627 - INFO - Código 463802000010 ingresado en campo búsqueda
2025-12-02 14:46:09,664 - INFO - Enter enviado para búsqueda
2025-12-02 14:46:17,957 - INFO - Mensaje informativo (ignorado): Error
close
ERROR TO OBTAIN THE PARAMATER: permitirNoInventariadosSeguros...
2025-12-02 14:46:17,957 - INFO - Item 463802000010 procesado correctamente
2025-12-02 14:46:17,958 - INFO - === MÓDULO 4: GARANTÍAS ITEM 4 ===
2025-12-02 14:46:17,958 - INFO - Garantía: AGREGAR
2025-12-02 14:46:19,061 - INFO - Screenshot capturado: C12_07_pantalla_garantias_04.png
2025-12-02 14:46:25,094 - INFO - Botón Add encontrado: //button[contains(@class, 'btn-success') and contains(text(), 'Add')]
2025-12-02 14:46:25,109 - INFO - Click en Añadir garantía
2025-12-02 14:46:27,133 - INFO - Encontradas 6 opciones de garantía
2025-12-02 14:46:27,233 - INFO - Garantía seleccionada - precio: $56.88
2025-12-02 14:46:28,258 - INFO - Clic en botón final para garantía con precio
2025-12-02 14:46:29,489 - INFO - Screenshot capturado: C12_08_garantia_procesada_04.png
2025-12-02 14:46:30,716 - INFO - Screenshot capturado: C12_06_item_con_garantias_procesadas_04.png
2025-12-02 14:46:30,716 - INFO - Garantías procesadas para item 4
2025-12-02 14:46:30,717 - INFO - === PASO 7: ENLAZAR CUSTOMER ===
2025-12-02 14:46:30,717 - INFO - === MÓDULO 5: ENLAZAR CUSTOMER ===
2025-12-02 14:46:30,858 - INFO - Screenshot capturado: C12_12_antes_enlazar_cliente.png
2025-12-02 14:46:35,908 - INFO - Enlace cliente encontrado: /html/body/div[2]/div[3]/div[28]/div[3]/h4/a
2025-12-02 14:46:35,928 - INFO - Click en enlace cliente
2025-12-02 14:46:39,025 - INFO - Screenshot capturado: C12_13_formulario_cliente.png
2025-12-02 14:46:40,767 - INFO - Cliente 057874256 ingresado
2025-12-02 14:46:41,865 - INFO - Screenshot capturado: C12_14_cliente_ingresado.png
2025-12-02 14:46:43,016 - INFO - Primer Next
2025-12-02 14:46:46,118 - INFO - Screenshot capturado: C12_15_primer_next.png
2025-12-02 14:46:51,413 - INFO - Segundo Next
2025-12-02 14:46:54,537 - INFO - Screenshot capturado: C12_16_segundo_next.png
2025-12-02 14:46:54,538 - INFO - Customer enlazado exitosamente
2025-12-02 14:46:54,538 - INFO - === PASO 8: CONFIGURAR ENTREGA ===
2025-12-02 14:46:54,538 - INFO - === MÓDULO 6: DESPACHO/ENTREGA ===
2025-12-02 14:46:54,539 - INFO - Despacho/Entrega: CONFIGURAR
2025-12-02 14:46:54,539 - INFO - Tipo de entrega: cliente llevará
2025-12-02 14:46:54,653 - INFO - Screenshot capturado: C12_17_antes_entrega_cliente.png
2025-12-02 14:46:54,653 - INFO - Paso 1: Buscando botón Transaction Options
2025-12-02 14:46:57,693 - INFO - ✓ Transaction Options encontrado con: transactionOptionsBtn
2025-12-02 14:46:57,726 - INFO - Click en Transaction Options exitoso
2025-12-02 14:47:00,813 - INFO - Screenshot capturado: C12_18_menu_transaction_options.png
2025-12-02 14:47:00,813 - INFO - Paso 2: Seleccionando opción de entrega
2025-12-02 14:47:00,866 - INFO - Opción de entrega seleccionada
2025-12-02 14:47:03,962 - INFO - Screenshot capturado: C12_19_formulario_entrega.png
2025-12-02 14:47:03,962 - INFO - Paso 3: Llenando datos del formulario
2025-12-02 14:47:04,073 - INFO - Nombre 1 ingresado: ELISEO AMILCAR LOPEZ + Enter
2025-12-02 14:47:05,323 - INFO - Nombre 2 ingresado: MARGARITA PORTILLO DE LOPEZ + Enter
2025-12-02 14:47:06,402 - INFO - ✓ Campo adicional (div[4]) ingresado: ELISEO LOPEZ + Enter
2025-12-02 14:47:07,403 - INFO - Paso 4: Configurando select MADRE
2025-12-02 14:47:07,693 - INFO - Select MADRE abierto
2025-12-02 14:47:09,490 - INFO - ✓ Opción MADRE seleccionada
2025-12-02 14:47:10,491 - INFO - Paso 4B: Configurando transportador (relationship)
2025-12-02 14:47:10,742 - INFO - ✓ Select TRANSPORTADOR abierto con: /html/body/div[2]/form/div[1]/div/div[2]/div[6]/span[2]/span/a
2025-12-02 14:47:11,999 - INFO - ✓ Opción TRANSPORTADOR seleccionada
2025-12-02 14:47:13,001 - INFO - Paso 5: Configurando tipo de entrega: cliente llevará
2025-12-02 14:47:13,372 - INFO - ✓ Select TIPO ENTREGA abierto
2025-12-02 14:47:14,690 - INFO - ✓ Tipo entrega seleccionado: Cliente llevará (Cliente Recoge)
2025-12-02 14:47:16,691 - INFO - Paso 6: Configurando lugar de salida (Bodega Nejapa)
2025-12-02 14:47:17,143 - INFO - ✓ Texto escrito: BODEGA 94 NEJAPA
2025-12-02 14:47:49,240 - INFO - Fallback: Usando Enter para confirmar texto de lugar
2025-12-02 14:47:49,316 - INFO - ✓ Enter confirmado en lugar de salida
2025-12-02 14:47:54,344 - INFO - ℹ️ No se requiere OK para lugar de salida
2025-12-02 14:47:56,346 - INFO - Paso 7: Configurando transporte (11094 - BODEGA 94 NEJAPA)
2025-12-02 14:47:58,410 - INFO - ✓ Caja de texto del transporte encontrada
2025-12-02 14:47:59,310 - INFO - ✓ Texto escrito: BODEGA 94 NEJAPA
2025-12-02 14:48:00,349 - INFO - -Buscando opción '11094 - BODEGA 94 NEJAPA' en dropdown...
2025-12-02 14:48:00,359 - INFO - Intentando con selector: //li[@class='ui-menu-item']//a[contains(text(), '11094 - BODEGA 94 NEJAPA')]
2025-12-02 14:48:01,466 - INFO - Intentando con selector: //li[@role='menuitem']//a[contains(text(), '11094 - BODEGA 94 NEJAPA')]
2025-12-02 14:48:02,618 - INFO - Intentando con selector: //li[contains(@class, 'ui-menu-item')]//a[contains(text(), 'BODEGA 94 NEJAPA')]
2025-12-02 14:48:03,717 - INFO - Intentando con selector: //ul[contains(@class, 'ui-autocomplete')]//a[contains(text(), '11094')]
2025-12-02 14:48:04,861 - INFO - Intentando con selector: //a[@class='ui-corner-all'][contains(text(), '11094 - BODEGA 94 NEJAPA')]
2025-12-02 14:48:05,940 - INFO - Intentando con selector: /html/body/ul[4]/li/a
2025-12-02 14:48:07,016 - INFO - 🔄 Fallback: Usando flecha abajo + Enter...
2025-12-02 14:48:07,583 - INFO - ✓ Flecha abajo + Enter ejecutado
2025-12-02 14:48:08,621 - INFO - 🔍 Verificación final: Input='11094 - BODEGA 94 NEJAPA', Select='11094'
2025-12-02 14:48:08,622 - INFO - ✅ TRANSPORTE CONFIGURADO EXITOSAMENTE
2025-12-02 14:48:11,624 - INFO - Paso 8: Agregando instrucciones
2025-12-02 14:48:11,695 - INFO - Instrucciones agregadas
2025-12-02 14:48:11,695 - INFO - Paso 9: Enviando formulario de entrega
2025-12-02 14:48:12,085 - INFO - Formulario de entrega enviado
2025-12-02 14:48:15,094 - WARNING - ⚠️ Error en despacho, continuando...
2025-12-02 14:48:15,095 - INFO - === PASO 9: DESCUENTO EMPLEADO ===
2025-12-02 14:48:15,095 - INFO - Modulo_7_aplicar_credito: DESHABILITADO
2025-12-02 14:48:15,096 - INFO - === PASO 10: CRÉDITOS ===
2025-12-02 14:48:15,096 - INFO - Modulo_8_aplicar_descuento_empleado: DESHABILITADO
2025-12-02 14:48:15,097 - INFO - === PASO 11: FINALIZAR COTIZACIÓN ===
2025-12-02 14:48:15,098 - INFO - === FINALIZANDO COTIZACIÓN ===
2025-12-02 14:48:15,233 - INFO - Screenshot capturado: C12_17_antes_finalizar.png
2025-12-02 14:48:17,235 - INFO - PASO 1: Click en botón finalizar
2025-12-02 14:48:35,304 - INFO - ✓ Botón finalizar encontrado con: //button[contains(@class, 'btn-success') and contains(text(), 'Save')]
2025-12-02 14:48:35,371 - INFO - Screenshot capturado: C12_18_antes_finalizar.png
2025-12-02 14:48:35,372 - INFO - 🔧 Preservando datos de sesión...
2025-12-02 14:48:35,379 - INFO - 📝 Sesión preservada - OrderID: undefined, SessionData: 
2025-12-02 14:48:35,384 - INFO - ✓ Click en botón finalizar exitoso
2025-12-02 14:48:43,431 - INFO - 📋 Modales encontrados: 5
2025-12-02 14:48:43,525 - INFO -   Modal 1: tag=div, id=, visible=False
2025-12-02 14:48:43,551 - INFO -   Modal 2: tag=div, id=, visible=False
2025-12-02 14:48:43,680 - INFO -   Modal 3: tag=span, id=ui-dialog-title-diagnosticChargeAmountDialog, visible=False
2025-12-02 14:48:43,693 - INFO - 📝 Formularios encontrados: 1
2025-12-02 14:48:43,693 - INFO - 🔍 MONITOREANDO ESTADO POST-SAVE...
2025-12-02 14:48:44,699 - INFO - 📍 Segundo 1: URL = http://ursvtols8b3c:8080/engage-unicomer-web/delivery/search
2025-12-02 14:48:44,709 - INFO - 📄 Segundo 1: Título = Grupo Unicomer
2025-12-02 14:48:44,797 - INFO - 🔘 Segundo 1: Botones visibles = ['Save', 'Cancel']
2025-12-02 14:48:49,815 - INFO - 🖨️ Segundo 1: Printer Group NO encontrado
2025-12-02 14:48:49,822 - INFO - 🐛 Segundo 1: JS Console disponible
2025-12-02 14:48:49,843 - INFO - 💾 Segundo 1: Session=undefined, Local=undefined
2025-12-02 14:48:50,848 - INFO - 📍 Segundo 2: URL = http://ursvtols8b3c:8080/engage-unicomer-web/delivery/search
2025-12-02 14:48:50,852 - INFO - 📄 Segundo 2: Título = Grupo Unicomer
2025-12-02 14:48:50,912 - INFO - 🔘 Segundo 2: Botones visibles = ['Save', 'Cancel']
2025-12-02 14:49:00,000 - INFO - 🖨️ Segundo 2: Printer Group NO encontrado
2025-12-02 14:49:00,009 - INFO - 🐛 Segundo 2: JS Console disponible
2025-12-02 14:49:00,024 - INFO - 💾 Segundo 2: Session=undefined, Local=undefined
2025-12-02 14:49:01,029 - INFO - 📍 Segundo 3: URL = http://ursvtols8b3c:8080/engage-unicomer-web/saleOrder/index
2025-12-02 14:49:01,032 - INFO - 📄 Segundo 3: Título = Grupo Unicomer
2025-12-02 14:49:02,750 - INFO - 🔘 Segundo 3: Botones visibles = ['Search', 'Item Inquiry', 'Transaction Options', 'Save & Print', 'Save']
2025-12-02 14:49:07,763 - INFO - 🖨️ Segundo 3: Printer Group NO encontrado
2025-12-02 14:49:07,775 - INFO - 🐛 Segundo 3: JS Console disponible
2025-12-02 14:49:07,791 - INFO - 💾 Segundo 3: Session=undefined, Local=undefined
2025-12-02 14:49:08,796 - INFO - 📍 Segundo 4: URL = http://ursvtols8b3c:8080/engage-unicomer-web/saleOrder/index
2025-12-02 14:49:08,800 - INFO - 📄 Segundo 4: Título = Grupo Unicomer
2025-12-02 14:49:11,297 - INFO - 🔘 Segundo 4: Botones visibles = ['Search', 'Item Inquiry', 'Transaction Options', 'Save & Print', 'Save']
2025-12-02 14:49:16,308 - INFO - 🖨️ Segundo 4: Printer Group NO encontrado
2025-12-02 14:49:16,323 - INFO - 🐛 Segundo 4: JS Console disponible
2025-12-02 14:49:16,344 - INFO - 💾 Segundo 4: Session=undefined, Local=undefined
2025-12-02 14:49:17,361 - INFO - 📍 Segundo 5: URL = http://ursvtols8b3c:8080/engage-unicomer-web/saleOrder/index
2025-12-02 14:49:17,440 - INFO - 📄 Segundo 5: Título = Grupo Unicomer
2025-12-02 14:49:18,777 - INFO - 🖨️ Segundo 5: Printer Group encontrado! Visible=True
2025-12-02 14:49:18,778 - INFO - ✅ PRINTER GROUP DISPONIBLE - Procediendo a hacer click...
2025-12-02 14:49:19,062 - INFO - ✓ Default Printer seleccionado: //*[@id='printerGroup']
2025-12-02 14:49:20,080 - INFO - 🖨️ Botón print encontrado: //button[@id='defaultSubmitPrintButton']
2025-12-02 14:49:20,095 - INFO - ✅ CLICK EN BOTÓN IMPRIMIR EXITOSO
2025-12-02 14:49:22,150 - INFO - ✅ CONFIRMACIÓN FINAL EXITOSA
2025-12-02 14:49:22,256 - INFO - Screenshot capturado: C12_21_print_completado.png
2025-12-02 14:49:22,256 - INFO - ✅ Finalización exitosa
2025-12-02 14:49:22,257 - INFO - === PASO 12: GENERAR REPORTE INDIVIDUAL ===
2025-12-02 14:49:22,258 - INFO - Generando reporte para cotización 12 con número 11609209250013
2025-12-02 14:49:22,258 - INFO - Screenshots disponibles: 25
2025-12-02 14:49:22,259 - INFO - 🔄 Generando reporte para cotización 12: 11609209250013
2025-12-02 14:49:22,456 - INFO - Excel actualizado - Cotización 12: 11609209250013
2025-12-02 14:49:24,116 - INFO - Reporte ejecutivo generado: Reporte_cotizacion_11609209250013.docx
2025-12-02 14:49:24,117 - INFO - Archivo verificado: 2377218 bytes
2025-12-02 14:49:24,118 - INFO - Reporte Word generado exitosamente para cotización 12
2025-12-02 14:49:24,118 - INFO - Iniciando limpieza de screenshots después de generar reporte
2025-12-02 14:49:24,121 - INFO - Screenshot eliminado: C12_02_dashboard.png
2025-12-02 14:49:24,123 - INFO - Screenshot eliminado: C12_04_formulario_orden.png
2025-12-02 14:49:24,127 - INFO - Screenshot eliminado: C12_07_pantalla_garantias_01.png
2025-12-02 14:49:24,133 - INFO - Screenshot eliminado: C12_08_garantia_void_01.png
2025-12-02 14:49:24,138 - INFO - Screenshot eliminado: C12_06_item_con_garantias_procesadas_01.png
2025-12-02 14:49:24,142 - INFO - Screenshot eliminado: C12_07_pantalla_garantias_02.png
2025-12-02 14:49:24,149 - INFO - Screenshot eliminado: C12_08_garantia_procesada_02.png
2025-12-02 14:49:24,153 - INFO - Screenshot eliminado: C12_06_item_con_garantias_procesadas_02.png
2025-12-02 14:49:24,165 - INFO - Screenshot eliminado: C12_07_pantalla_garantias_03.png
2025-12-02 14:49:24,171 - INFO - Screenshot eliminado: C12_08_garantia_procesada_03.png
2025-12-02 14:49:24,177 - INFO - Screenshot eliminado: C12_06_item_con_garantias_procesadas_03.png
2025-12-02 14:49:24,180 - INFO - Screenshot eliminado: C12_07_pantalla_garantias_04.png
2025-12-02 14:49:24,184 - INFO - Screenshot eliminado: C12_08_garantia_procesada_04.png
2025-12-02 14:49:24,186 - INFO - Screenshot eliminado: C12_06_item_con_garantias_procesadas_04.png
2025-12-02 14:49:24,189 - INFO - Screenshot eliminado: C12_12_antes_enlazar_cliente.png
2025-12-02 14:49:24,192 - INFO - Screenshot eliminado: C12_13_formulario_cliente.png
2025-12-02 14:49:24,196 - INFO - Screenshot eliminado: C12_14_cliente_ingresado.png
2025-12-02 14:49:24,201 - INFO - Screenshot eliminado: C12_15_primer_next.png
2025-12-02 14:49:24,204 - INFO - Screenshot eliminado: C12_16_segundo_next.png
2025-12-02 14:49:24,206 - INFO - Screenshot eliminado: C12_17_antes_entrega_cliente.png
2025-12-02 14:49:24,209 - INFO - Screenshot eliminado: C12_18_menu_transaction_options.png
2025-12-02 14:49:24,212 - INFO - Screenshot eliminado: C12_19_formulario_entrega.png
2025-12-02 14:49:24,215 - INFO - Screenshot eliminado: C12_17_antes_finalizar.png
2025-12-02 14:49:24,217 - INFO - Screenshot eliminado: C12_18_antes_finalizar.png
2025-12-02 14:49:24,220 - INFO - Screenshot eliminado: C12_21_print_completado.png
2025-12-02 14:49:24,221 - INFO - 25 screenshots eliminados para esta cotización
2025-12-02 14:49:24,221 - INFO - Cotización 12 completada: 11609209250013
2025-12-02 14:49:26,223 - INFO - 
🔄 PROCESANDO COTIZACIÓN 13/13: 13
2025-12-02 14:49:26,224 - INFO - === PASO 4: INICIAR ORDEN DE COMPRA ===
2025-12-02 14:49:26,224 - INFO - Buscando botón 'Comience una Orden de Compra'...
2025-12-02 14:49:26,320 - INFO - Screenshot capturado: C13_02_dashboard.png
2025-12-02 14:49:26,320 - INFO - Intentando selector 1: /html/body/div[2]/div[4]/div/div/div[1]/a[1]/input
2025-12-02 14:49:26,321 - INFO - Esperando que botón orden selector 1 sea visible (timeout: 300s, se reinicia con progreso)...
2025-12-02 14:49:26,368 - INFO - PROGRESO: botón orden selector 1 visible - REINICIANDO timeout
2025-12-02 14:49:26,420 - INFO - OK - botón orden selector 1 listo después de 0.0s
2025-12-02 14:49:27,010 - INFO - Click exitoso en botón orden selector 1
2025-12-02 14:49:28,126 - INFO - Screenshot capturado: C13_04_formulario_orden.png
2025-12-02 14:49:28,127 - INFO - Click realizado en botón orden
2025-12-02 14:49:28,128 - INFO - Preparando nueva cotización...
2025-12-02 14:49:33,147 - INFO - ✓ Storage del navegador limpiado
2025-12-02 14:49:33,151 - INFO - ✓ Página estabilizada para nueva cotización
2025-12-02 14:49:33,152 - INFO - ✓ Sistema listo para siguiente cotización automática
2025-12-02 14:49:34,153 - INFO - Configuración - Garantías: SI, Descuento: NO, Créditos: NO, Entrega: SI, Tipo Entrega: cliente llevará
2025-12-02 14:49:34,154 - INFO - === PASO 5: EXTRAER NÚMERO COTIZACIÓN ===
2025-12-02 14:49:34,154 - INFO - === EXTRAYENDO NÚMERO DE COTIZACIÓN INICIAL ===
2025-12-02 14:49:36,190 - INFO - Número encontrado con selector: li.quotationNumberTitle p:last-child
2025-12-02 14:49:36,190 - INFO - Número de cotización: 11609209250017
2025-12-02 14:49:36,191 - INFO - Número base extraído: 11609209250017
2025-12-02 14:49:36,191 - INFO - Número único generado: 11609209250017_6191
2025-12-02 14:49:36,192 - INFO - === PASO 6: AGREGAR ITEMS ===
2025-12-02 14:49:36,192 - INFO - --- ITEM 1/6 ---
2025-12-02 14:49:36,192 - INFO - === MÓDULO 3: AGREGAR ITEM 1 ===
2025-12-02 14:49:36,193 - INFO - Código: 464607700013, Cantidad: 1
2025-12-02 14:49:36,193 - INFO - Esperando que campo búsqueda item 1 sea visible (timeout: 300s, se reinicia con progreso)...
2025-12-02 14:49:36,213 - INFO - PROGRESO: campo búsqueda item 1 visible - REINICIANDO timeout
2025-12-02 14:49:36,229 - INFO - OK - campo búsqueda item 1 listo después de 0.0s
2025-12-02 14:49:36,328 - INFO - Código 464607700013 ingresado en campo búsqueda
2025-12-02 14:49:36,365 - INFO - Enter enviado para búsqueda
2025-12-02 14:49:39,192 - INFO - Mensaje informativo (ignorado): Error
close
ERROR TO OBTAIN THE PARAMATER: permitirNoInventariadosSeguros...
2025-12-02 14:49:39,193 - INFO - Item 464607700013 procesado correctamente
2025-12-02 14:49:39,194 - INFO - === MÓDULO 4: GARANTÍAS ITEM 1 ===
2025-12-02 14:49:39,194 - INFO - Garantía: AGREGAR
2025-12-02 14:49:40,288 - INFO - Screenshot capturado: C13_07_pantalla_garantias_01.png
2025-12-02 14:49:46,329 - INFO - Botón Add encontrado: //button[contains(@class, 'btn-success') and contains(text(), 'Add')]
2025-12-02 14:49:46,349 - INFO - Click en Añadir garantía
2025-12-02 14:49:48,365 - INFO - Encontradas 5 opciones de garantía
2025-12-02 14:49:48,384 - INFO - Precio $0.00 encontrado - buscando botón Void
2025-12-02 14:49:48,421 - INFO - Clic en botón Void para garantía $0.00
2025-12-02 14:49:48,500 - INFO - Screenshot capturado: C13_08_garantia_void_01.png
2025-12-02 14:49:49,592 - INFO - Screenshot capturado: C13_06_item_con_garantias_procesadas_01.png
2025-12-02 14:49:49,593 - INFO - Garantías procesadas para item 1
2025-12-02 14:49:49,593 - INFO - --- ITEM 2/6 ---
2025-12-02 14:49:49,594 - INFO - === MÓDULO 3: AGREGAR ITEM 2 ===
2025-12-02 14:49:49,595 - INFO - Código: 427486700000, Cantidad: 1
2025-12-02 14:49:49,596 - INFO - Esperando que campo búsqueda item 2 sea visible (timeout: 300s, se reinicia con progreso)...
2025-12-02 14:49:55,180 - INFO - PROGRESO: campo búsqueda item 2 visible - REINICIANDO timeout
2025-12-02 14:49:58,826 - INFO - OK - campo búsqueda item 2 listo después de 0.0s
2025-12-02 14:49:59,211 - INFO - Código 427486700000 ingresado en campo búsqueda
2025-12-02 14:49:59,247 - INFO - Enter enviado para búsqueda
2025-12-02 14:50:01,471 - INFO -  Popup cerrado
2025-12-02 14:50:01,546 - INFO - Item 427486700000 procesado correctamente
2025-12-02 14:50:01,546 - INFO - === MÓDULO 4: GARANTÍAS ITEM 2 ===
2025-12-02 14:50:01,547 - INFO - Garantía: AGREGAR
2025-12-02 14:50:02,623 - INFO - Screenshot capturado: C13_07_pantalla_garantias_02.png
2025-12-02 14:50:23,703 - INFO - No se detectó pantalla de garantías - continuando sin agregar
2025-12-02 14:50:23,705 - INFO - --- ITEM 3/6 ---
2025-12-02 14:50:23,705 - INFO - === MÓDULO 3: AGREGAR ITEM 3 ===
2025-12-02 14:50:23,707 - INFO - Código: 440687700006, Cantidad: 1
2025-12-02 14:50:23,707 - INFO - Esperando que campo búsqueda item 3 sea visible (timeout: 300s, se reinicia con progreso)...
2025-12-02 14:50:23,737 - INFO - PROGRESO: campo búsqueda item 3 visible - REINICIANDO timeout
2025-12-02 14:50:23,766 - INFO - OK - campo búsqueda item 3 listo después de 0.0s
2025-12-02 14:50:23,839 - INFO - Código 440687700006 ingresado en campo búsqueda
2025-12-02 14:50:23,873 - INFO - Enter enviado para búsqueda
2025-12-02 14:50:24,908 - INFO - Item 440687700006 procesado correctamente
2025-12-02 14:50:24,909 - INFO - === MÓDULO 4: GARANTÍAS ITEM 3 ===
2025-12-02 14:50:24,910 - INFO - Garantía: AGREGAR
2025-12-02 14:50:25,979 - INFO - Screenshot capturado: C13_07_pantalla_garantias_03.png
2025-12-02 14:50:47,074 - INFO - No se detectó pantalla de garantías - continuando sin agregar
2025-12-02 14:50:47,075 - INFO - --- ITEM 4/6 ---
2025-12-02 14:50:47,076 - INFO - === MÓDULO 3: AGREGAR ITEM 4 ===
2025-12-02 14:50:47,078 - INFO - Código: 456485200013, Cantidad: 1
2025-12-02 14:50:47,079 - INFO - Esperando que campo búsqueda item 4 sea visible (timeout: 300s, se reinicia con progreso)...
2025-12-02 14:50:47,140 - INFO - PROGRESO: campo búsqueda item 4 visible - REINICIANDO timeout
2025-12-02 14:50:47,174 - INFO - OK - campo búsqueda item 4 listo después de 0.0s
2025-12-02 14:50:47,267 - INFO - Código 456485200013 ingresado en campo búsqueda
2025-12-02 14:50:47,317 - INFO - Enter enviado para búsqueda
2025-12-02 14:50:48,350 - INFO - Item 456485200013 procesado correctamente
2025-12-02 14:50:48,350 - INFO - === MÓDULO 4: GARANTÍAS ITEM 4 ===
2025-12-02 14:50:48,351 - INFO - Garantía: AGREGAR
2025-12-02 14:50:49,443 - INFO - Screenshot capturado: C13_07_pantalla_garantias_04.png
2025-12-02 14:50:55,846 - INFO - Botón Add encontrado: //button[contains(@class, 'btn-success') and contains(text(), 'Add')]
2025-12-02 14:50:55,863 - INFO - Click en Añadir garantía
2025-12-02 14:50:57,882 - INFO - Encontradas 6 opciones de garantía
2025-12-02 14:50:57,983 - INFO - Garantía seleccionada - precio: $12.50
2025-12-02 14:50:59,015 - INFO - Clic en botón final para garantía con precio
2025-12-02 14:51:00,171 - INFO - Screenshot capturado: C13_08_garantia_procesada_04.png
2025-12-02 14:51:01,250 - INFO - Screenshot capturado: C13_06_item_con_garantias_procesadas_04.png
2025-12-02 14:51:01,252 - INFO - Garantías procesadas para item 4
2025-12-02 14:51:01,254 - INFO - --- ITEM 5/6 ---
2025-12-02 14:51:01,254 - INFO - === MÓDULO 3: AGREGAR ITEM 5 ===
2025-12-02 14:51:01,255 - INFO - Código: 427029500005, Cantidad: 1
2025-12-02 14:51:01,256 - INFO - Esperando que campo búsqueda item 5 sea visible (timeout: 300s, se reinicia con progreso)...
2025-12-02 14:51:01,307 - INFO - PROGRESO: campo búsqueda item 5 visible - REINICIANDO timeout
2025-12-02 14:51:01,372 - INFO - OK - campo búsqueda item 5 listo después de 0.0s
2025-12-02 14:51:01,509 - INFO - Código 427029500005 ingresado en campo búsqueda
2025-12-02 14:51:01,541 - INFO - Enter enviado para búsqueda
2025-12-02 14:51:08,789 - INFO - Mensaje informativo (ignorado): Error
close
ERROR TO OBTAIN THE PARAMATER: permitirNoInventariadosSeguros...
2025-12-02 14:51:08,790 - INFO - Item 427029500005 procesado correctamente
2025-12-02 14:51:08,791 - INFO - === MÓDULO 4: GARANTÍAS ITEM 5 ===
2025-12-02 14:51:08,792 - INFO - Garantía: AGREGAR
2025-12-02 14:51:09,985 - INFO - Screenshot capturado: C13_07_pantalla_garantias_05.png
2025-12-02 14:51:16,051 - INFO - Botón Add encontrado: //button[contains(@class, 'btn-success') and contains(text(), 'Add')]
2025-12-02 14:51:16,107 - INFO - Click en Añadir garantía
2025-12-02 14:51:18,180 - INFO - Encontradas 7 opciones de garantía
2025-12-02 14:51:18,209 - INFO - Precio $0.00 encontrado - buscando botón Void
2025-12-02 14:51:18,272 - INFO - Clic en botón Void para garantía $0.00
2025-12-02 14:51:18,426 - INFO - Screenshot capturado: C13_08_garantia_void_05.png
2025-12-02 14:51:19,591 - INFO - Screenshot capturado: C13_06_item_con_garantias_procesadas_05.png
2025-12-02 14:51:19,592 - INFO - Garantías procesadas para item 5
2025-12-02 14:51:19,593 - INFO - --- ITEM 6/6 ---
2025-12-02 14:51:19,594 - INFO - === MÓDULO 3: AGREGAR ITEM 6 ===
2025-12-02 14:51:19,595 - INFO - Código: 462983400015, Cantidad: 1
2025-12-02 14:51:19,595 - INFO - Esperando que campo búsqueda item 6 sea visible (timeout: 300s, se reinicia con progreso)...
2025-12-02 14:51:19,719 - INFO - PROGRESO: campo búsqueda item 6 visible - REINICIANDO timeout
2025-12-02 14:51:19,795 - INFO - OK - campo búsqueda item 6 listo después de 0.0s
2025-12-02 14:51:19,851 - INFO - Código 462983400015 ingresado en campo búsqueda
2025-12-02 14:51:19,989 - INFO - Enter enviado para búsqueda
2025-12-02 14:51:27,539 - INFO - Mensaje informativo (ignorado): Error
close
ERROR TO OBTAIN THE PARAMATER: permitirNoInventariadosSeguros...
2025-12-02 14:51:27,540 - INFO - Item 462983400015 procesado correctamente
2025-12-02 14:51:27,544 - INFO - === MÓDULO 4: GARANTÍAS ITEM 6 ===
2025-12-02 14:51:27,545 - INFO - Garantía: AGREGAR
2025-12-02 14:51:28,765 - INFO - Screenshot capturado: C13_07_pantalla_garantias_06.png
2025-12-02 14:51:34,859 - INFO - Botón Add encontrado: //button[contains(@class, 'btn-success') and contains(text(), 'Add')]
2025-12-02 14:51:34,892 - INFO - Click en Añadir garantía
2025-12-02 14:51:37,060 - INFO - Encontradas 6 opciones de garantía
2025-12-02 14:51:37,305 - INFO - Garantía seleccionada - precio: $99.25
2025-12-02 14:51:38,364 - INFO - Clic en botón final para garantía con precio
2025-12-02 14:51:39,587 - INFO - Screenshot capturado: C13_08_garantia_procesada_06.png
2025-12-02 14:51:40,828 - INFO - Screenshot capturado: C13_06_item_con_garantias_procesadas_06.png
2025-12-02 14:51:40,829 - INFO - Garantías procesadas para item 6
2025-12-02 14:51:40,829 - INFO - === PASO 7: ENLAZAR CUSTOMER ===
2025-12-02 14:51:40,830 - INFO - === MÓDULO 5: ENLAZAR CUSTOMER ===
2025-12-02 14:51:41,001 - INFO - Screenshot capturado: C13_12_antes_enlazar_cliente.png
2025-12-02 14:51:46,045 - INFO - Enlace cliente encontrado: /html/body/div[2]/div[3]/div[28]/div[3]/h4/a
2025-12-02 14:51:46,079 - INFO - Click en enlace cliente
2025-12-02 14:51:49,273 - INFO - Screenshot capturado: C13_13_formulario_cliente.png
2025-12-02 14:51:50,732 - INFO - Cliente 057874256 ingresado
2025-12-02 14:51:51,927 - INFO - Screenshot capturado: C13_14_cliente_ingresado.png
2025-12-02 14:51:53,311 - INFO - Primer Next
2025-12-02 14:51:56,482 - INFO - Screenshot capturado: C13_15_primer_next.png
2025-12-02 14:52:01,820 - INFO - Segundo Next
2025-12-02 14:52:04,891 - INFO - Screenshot capturado: C13_16_segundo_next.png
2025-12-02 14:52:04,891 - INFO - Customer enlazado exitosamente
2025-12-02 14:52:04,892 - INFO - === PASO 8: CONFIGURAR ENTREGA ===
2025-12-02 14:52:04,893 - INFO - === MÓDULO 6: DESPACHO/ENTREGA ===
2025-12-02 14:52:04,893 - INFO - Despacho/Entrega: CONFIGURAR
2025-12-02 14:52:04,894 - INFO - Tipo de entrega: cliente llevará
2025-12-02 14:52:04,986 - INFO - Screenshot capturado: C13_17_antes_entrega_cliente.png
2025-12-02 14:52:04,986 - INFO - Paso 1: Buscando botón Transaction Options
2025-12-02 14:52:08,014 - INFO - ✓ Transaction Options encontrado con: transactionOptionsBtn
2025-12-02 14:52:08,033 - INFO - Click en Transaction Options exitoso
2025-12-02 14:52:11,160 - INFO - Screenshot capturado: C13_18_menu_transaction_options.png
2025-12-02 14:52:11,161 - INFO - Paso 2: Seleccionando opción de entrega
2025-12-02 14:52:11,256 - INFO - Opción de entrega seleccionada
2025-12-02 14:52:14,366 - INFO - Screenshot capturado: C13_19_formulario_entrega.png
2025-12-02 14:52:14,367 - INFO - Paso 3: Llenando datos del formulario
2025-12-02 14:52:14,535 - INFO - Nombre 1 ingresado: ELISEO AMILCAR LOPEZ + Enter
2025-12-02 14:52:15,590 - INFO - Nombre 2 ingresado: MARGARITA PORTILLO DE LOPEZ + Enter
2025-12-02 14:52:16,685 - INFO - ✓ Campo adicional (div[4]) ingresado: ELISEO LOPEZ + Enter
2025-12-02 14:52:17,686 - INFO - Paso 4: Configurando select MADRE
2025-12-02 14:52:17,990 - INFO - Select MADRE abierto
2025-12-02 14:52:20,191 - INFO - ✓ Opción MADRE seleccionada
2025-12-02 14:52:21,193 - INFO - Paso 4B: Configurando transportador (relationship)
2025-12-02 14:52:21,521 - INFO - ✓ Select TRANSPORTADOR abierto con: /html/body/div[2]/form/div[1]/div/div[2]/div[6]/span[2]/span/a
2025-12-02 14:52:22,926 - INFO - ✓ Opción TRANSPORTADOR seleccionada
2025-12-02 14:52:23,927 - INFO - Paso 5: Configurando tipo de entrega: cliente llevará
2025-12-02 14:52:24,230 - INFO - ✓ Select TIPO ENTREGA abierto
2025-12-02 14:52:25,566 - INFO - ✓ Tipo entrega seleccionado: Cliente llevará (Cliente Recoge)
2025-12-02 14:52:27,567 - INFO - Paso 6: Configurando lugar de salida (Bodega Nejapa)
2025-12-02 14:52:27,694 - INFO - ✓ Texto escrito: BODEGA 94 NEJAPA
2025-12-02 14:52:29,952 - INFO - ✓ Opción clickeada del dropdown: BODEGA 94 NEJAPA
2025-12-02 14:52:34,975 - INFO - ℹ️ No se requiere OK para lugar de salida
2025-12-02 14:52:36,976 - INFO - Paso 7: Configurando transporte (11094 - BODEGA 94 NEJAPA)
2025-12-02 14:52:39,009 - INFO - ✓ Caja de texto del transporte encontrada
2025-12-02 14:52:39,884 - INFO - ✓ Texto escrito: BODEGA 94 NEJAPA
2025-12-02 14:52:40,885 - INFO - -Buscando opción '11094 - BODEGA 94 NEJAPA' en dropdown...
2025-12-02 14:52:40,886 - INFO - Intentando con selector: //li[@class='ui-menu-item']//a[contains(text(), '11094 - BODEGA 94 NEJAPA')]
2025-12-02 14:52:41,953 - INFO - Intentando con selector: //li[@role='menuitem']//a[contains(text(), '11094 - BODEGA 94 NEJAPA')]
2025-12-02 14:52:43,027 - INFO - Intentando con selector: //li[contains(@class, 'ui-menu-item')]//a[contains(text(), 'BODEGA 94 NEJAPA')]
2025-12-02 14:52:44,152 - INFO - Intentando con selector: //ul[contains(@class, 'ui-autocomplete')]//a[contains(text(), '11094')]
2025-12-02 14:52:45,284 - INFO - Intentando con selector: //a[@class='ui-corner-all'][contains(text(), '11094 - BODEGA 94 NEJAPA')]
2025-12-02 14:52:46,354 - INFO - Intentando con selector: /html/body/ul[4]/li/a
2025-12-02 14:52:47,436 - INFO - 🔄 Fallback: Usando flecha abajo + Enter...
2025-12-02 14:52:48,094 - INFO - ✓ Flecha abajo + Enter ejecutado
2025-12-02 14:52:49,135 - INFO - 🔍 Verificación final: Input='11094 - BODEGA 94 NEJAPA', Select='11094'
2025-12-02 14:52:49,136 - INFO - ✅ TRANSPORTE CONFIGURADO EXITOSAMENTE
2025-12-02 14:52:52,137 - INFO - Paso 8: Agregando instrucciones
2025-12-02 14:52:57,165 - WARNING - Error agregando instrucciones: Message: Unable to locate element: //*[@id='instructions']; For documentation on this error, please visit: https://www.selenium.dev/documentation/webdriver/troubleshooting/errors#nosuchelementexception
Stacktrace:
RemoteError@chrome://remote/content/shared/RemoteError.sys.mjs:8:8
WebDriverError@chrome://remote/content/shared/webdriver/Errors.sys.mjs:187:5
NoSuchElementError@chrome://remote/content/shared/webdriver/Errors.sys.mjs:505:5
element.find/</<@chrome://remote/content/marionette/element.sys.mjs:135:16

2025-12-02 14:52:57,166 - INFO - Paso 9: Enviando formulario de entrega
2025-12-02 14:53:02,181 - WARNING - Error enviando formulario: Message: Unable to locate element: /html/body/div[2]/form/div[2]/button; For documentation on this error, please visit: https://www.selenium.dev/documentation/webdriver/troubleshooting/errors#nosuchelementexception
Stacktrace:
RemoteError@chrome://remote/content/shared/RemoteError.sys.mjs:8:8
WebDriverError@chrome://remote/content/shared/webdriver/Errors.sys.mjs:187:5
NoSuchElementError@chrome://remote/content/shared/webdriver/Errors.sys.mjs:505:5
element.find/</<@chrome://remote/content/marionette/element.sys.mjs:135:16

2025-12-02 14:53:02,182 - WARNING - ⚠️ Error en despacho, continuando...
2025-12-02 14:53:02,184 - INFO - === PASO 9: DESCUENTO EMPLEADO ===
2025-12-02 14:53:02,185 - INFO - Modulo_7_aplicar_credito: DESHABILITADO
2025-12-02 14:53:02,186 - INFO - === PASO 10: CRÉDITOS ===
2025-12-02 14:53:02,187 - INFO - Modulo_8_aplicar_descuento_empleado: DESHABILITADO
2025-12-02 14:53:02,187 - INFO - === PASO 11: FINALIZAR COTIZACIÓN ===
2025-12-02 14:53:02,188 - INFO - === FINALIZANDO COTIZACIÓN ===
2025-12-02 14:53:02,283 - INFO - Screenshot capturado: C13_17_antes_finalizar.png
2025-12-02 14:53:04,285 - INFO - PASO 1: Click en botón finalizar
2025-12-02 14:53:07,338 - INFO - ✓ Botón finalizar encontrado con: /html/body/div[2]/div[4]/div/div/div[3]/form[1]/button
2025-12-02 14:53:07,487 - INFO - Screenshot capturado: C13_18_antes_finalizar.png
2025-12-02 14:53:07,489 - INFO - 🔧 Preservando datos de sesión...
2025-12-02 14:53:07,508 - INFO - 📝 Sesión preservada - OrderID: undefined, SessionData: 
2025-12-02 14:53:07,545 - INFO - ✓ Click en botón finalizar exitoso
2025-12-02 14:53:10,560 - INFO - 🖨️ Elementos printer encontrados: 10
2025-12-02 14:53:10,665 - INFO -   Elemento 1: tag=form, id=printForm, class=
2025-12-02 14:53:10,722 - INFO -   Elemento 2: tag=div, id=, class=printingBox
2025-12-02 14:53:10,770 - INFO -   Elemento 3: tag=input, id=printerGroup, class=printerRadioButton btnFloatRight
2025-12-02 14:53:10,871 - INFO -   Elemento 4: tag=input, id=printerName0, class=
2025-12-02 14:53:10,923 - INFO -   Elemento 5: tag=input, id=printerLocation0, class=
2025-12-02 14:53:10,946 - INFO - 📋 Modales encontrados: 261
2025-12-02 14:53:10,982 - INFO -   Modal 1: tag=div, id=itemInquiryDialog, visible=False
2025-12-02 14:53:11,024 - INFO -   Modal 2: tag=div, id=, visible=False
2025-12-02 14:53:11,060 - INFO -   Modal 3: tag=div, id=, visible=False
2025-12-02 14:53:11,073 - INFO - 📝 Formularios encontrados: 69
2025-12-02 14:53:11,074 - INFO - 🔍 MONITOREANDO ESTADO POST-SAVE...
2025-12-02 14:53:12,083 - INFO - 📍 Segundo 1: URL = http://ursvtols8b3c:8080/engage-unicomer-web/saleOrder/saveAndPrint
2025-12-02 14:53:12,092 - INFO - 📄 Segundo 1: Título = Grupo Unicomer
2025-12-02 14:53:14,833 - INFO - 🔘 Segundo 1: Botones visibles = ['Search', 'Item Inquiry', 'Transaction Options', 'Save & Print', 'Save']
2025-12-02 14:53:14,855 - INFO - 🖨️ Segundo 1: Printer Group encontrado! Visible=True
2025-12-02 14:53:14,855 - INFO - ✅ PRINTER GROUP DISPONIBLE - Procediendo a hacer click...
2025-12-02 14:53:15,111 - INFO - ✓ Default Printer seleccionado: //*[@id='printerGroup']
2025-12-02 14:53:16,150 - INFO - 🖨️ Botón print encontrado: //button[@id='defaultSubmitPrintButton']
2025-12-02 14:53:16,176 - INFO - ✅ CLICK EN BOTÓN IMPRIMIR EXITOSO
2025-12-02 14:53:18,284 - INFO - ✅ CONFIRMACIÓN FINAL EXITOSA
2025-12-02 14:53:18,451 - INFO - Screenshot capturado: C13_21_print_completado.png
2025-12-02 14:53:18,452 - INFO - ✅ Finalización exitosa
2025-12-02 14:53:18,453 - INFO - === PASO 12: GENERAR REPORTE INDIVIDUAL ===
2025-12-02 14:53:18,453 - INFO - Generando reporte para cotización 13 con número 11609209250017
2025-12-02 14:53:18,454 - INFO - Screenshots disponibles: 27
2025-12-02 14:53:18,456 - INFO - 🔄 Generando reporte para cotización 13: 11609209250017
2025-12-02 14:53:18,679 - INFO - Excel actualizado - Cotización 13: 11609209250017
2025-12-02 14:53:19,529 - INFO - Reporte ejecutivo generado: Reporte_cotizacion_11609209250017.docx
2025-12-02 14:53:19,530 - INFO - Archivo verificado: 2636429 bytes
2025-12-02 14:53:19,531 - INFO - Reporte Word generado exitosamente para cotización 13
2025-12-02 14:53:19,532 - INFO - Iniciando limpieza de screenshots después de generar reporte
2025-12-02 14:53:19,534 - INFO - Screenshot eliminado: C13_02_dashboard.png
2025-12-02 14:53:19,537 - INFO - Screenshot eliminado: C13_04_formulario_orden.png
2025-12-02 14:53:19,541 - INFO - Screenshot eliminado: C13_07_pantalla_garantias_01.png
2025-12-02 14:53:19,545 - INFO - Screenshot eliminado: C13_08_garantia_void_01.png
2025-12-02 14:53:19,547 - INFO - Screenshot eliminado: C13_06_item_con_garantias_procesadas_01.png
2025-12-02 14:53:19,551 - INFO - Screenshot eliminado: C13_07_pantalla_garantias_02.png
2025-12-02 14:53:19,556 - INFO - Screenshot eliminado: C13_07_pantalla_garantias_03.png
2025-12-02 14:53:19,560 - INFO - Screenshot eliminado: C13_07_pantalla_garantias_04.png
2025-12-02 14:53:19,562 - INFO - Screenshot eliminado: C13_08_garantia_procesada_04.png
2025-12-02 14:53:19,566 - INFO - Screenshot eliminado: C13_06_item_con_garantias_procesadas_04.png
2025-12-02 14:53:19,569 - INFO - Screenshot eliminado: C13_07_pantalla_garantias_05.png
2025-12-02 14:53:19,573 - INFO - Screenshot eliminado: C13_08_garantia_void_05.png
2025-12-02 14:53:19,578 - INFO - Screenshot eliminado: C13_06_item_con_garantias_procesadas_05.png
2025-12-02 14:53:19,582 - INFO - Screenshot eliminado: C13_07_pantalla_garantias_06.png
2025-12-02 14:53:19,586 - INFO - Screenshot eliminado: C13_08_garantia_procesada_06.png
2025-12-02 14:53:19,590 - INFO - Screenshot eliminado: C13_06_item_con_garantias_procesadas_06.png
2025-12-02 14:53:19,593 - INFO - Screenshot eliminado: C13_12_antes_enlazar_cliente.png
2025-12-02 14:53:19,597 - INFO - Screenshot eliminado: C13_13_formulario_cliente.png
2025-12-02 14:53:19,600 - INFO - Screenshot eliminado: C13_14_cliente_ingresado.png
2025-12-02 14:53:19,604 - INFO - Screenshot eliminado: C13_15_primer_next.png
2025-12-02 14:53:19,608 - INFO - Screenshot eliminado: C13_16_segundo_next.png
2025-12-02 14:53:19,611 - INFO - Screenshot eliminado: C13_17_antes_entrega_cliente.png
2025-12-02 14:53:19,614 - INFO - Screenshot eliminado: C13_18_menu_transaction_options.png
2025-12-02 14:53:19,617 - INFO - Screenshot eliminado: C13_19_formulario_entrega.png
2025-12-02 14:53:19,621 - INFO - Screenshot eliminado: C13_17_antes_finalizar.png
2025-12-02 14:53:19,624 - INFO - Screenshot eliminado: C13_18_antes_finalizar.png
2025-12-02 14:53:19,627 - INFO - Screenshot eliminado: C13_21_print_completado.png
2025-12-02 14:53:19,628 - INFO - 27 screenshots eliminados para esta cotización
2025-12-02 14:53:19,629 - INFO - Cotización 13 completada: 11609209250017
2025-12-02 14:53:21,630 - INFO - === PASO 13: CREAR REPORTES FINALES ===
2025-12-02 14:53:21,631 - INFO - === REPORTE FINAL ===
2025-12-02 14:53:21,631 - INFO - Excel ya fue actualizado individualmente por cotización
2025-12-02 14:53:21,632 - INFO - Reportes Word ya fueron generados individualmente
2025-12-02 14:53:21,642 - INFO - Reportes encontrados: 13
2025-12-02 14:53:21,643 - INFO - === RESUMEN FINAL ===
2025-12-02 14:53:21,645 - INFO -  PROCESO MODULAR COMPLETADO
2025-12-02 14:53:21,646 - INFO - Cotizaciones procesadas: 13
2025-12-02 14:53:21,648 - INFO - Excel: productos_avanzado.xlsx
2025-12-02 14:53:21,651 - INFO - 📑 Word: ['Reporte_cotizacion_11609209250009.docx', 'Reporte_cotizacion_1160920925000D.docx', 'Reporte_cotizacion_1160920925000J.docx', 'Reporte_cotizacion_1160920925000N.docx', 'Reporte_cotizacion_1160920925000Q.docx', 'Reporte_cotizacion_1160920925000R.docx', 'Reporte_cotizacion_1160920925000T.docx', 'Reporte_cotizacion_1160920925000W.docx', 'Reporte_cotizacion_1160920925000Y.docx', 'Reporte_cotizacion_1160920925000Z.docx', 'Reporte_cotizacion_11609209250012.docx', 'Reporte_cotizacion_11609209250013.docx', 'Reporte_cotizacion_11609209250017.docx']
2025-12-02 14:53:21,654 - INFO - Navegador abierto por 60 segundos...
2025-12-02 14:53:23,657 - INFO - Limpiando recursos...
2025-12-02 14:53:23,657 - INFO - Screenshots ya fueron eliminados por cotización
2025-12-02 14:53:28,066 - INFO - Navegador cerrado
2025-12-02 14:53:28,067 - INFO - Limpieza de recursos completada
2025-12-02 14:53:28,068 - INFO - === AUTOMATIZACIÓN FINALIZADA ===
2025-12-02 17:26:28,679 - INFO - Log guardándose en: logs\automatizacion_20251202.log
2025-12-02 17:26:28,681 - INFO -  === AUTOMATIZACIÓN MODULAR INICIADA ===
2025-12-02 17:26:28,681 - INFO - Archivo: productos.xlsx
2025-12-02 17:26:28,682 - INFO - === PASO 1: LECTURA EXCEL ===
2025-12-02 17:26:28,682 - INFO - === MÓDULO 1: LECTURA EXCEL ===
2025-12-02 17:26:28,682 - INFO - Archivo: productos.xlsx
2025-12-02 17:26:28,752 - INFO - Columnas encontradas: ['PROCESS', 'cotizacion_id', 'codigo', 'descripcion', 'cantidad', 'con_garantia', 'descuento_empleado', 'con_creditos', 'entrega_cliente', 'COTIZACION', 'ESTADO', 'FECHA_PROCESADO', 'ARCHIVO_WORD', 'tipo_entrega', 'empleado_id']
2025-12-02 17:26:28,836 - INFO - Se encontraron 2 cotizaciones
2025-12-02 17:26:28,837 - INFO - Cotización 1: 2 productos
2025-12-02 17:26:28,837 - INFO - Cotización 2: 3 productos
2025-12-02 17:26:28,837 - INFO - === PASO 2: INICIALIZAR NAVEGADOR ===
2025-12-02 17:26:39,778 - INFO - Navegador Firefox inicializado con configuración limpia
2025-12-02 17:26:39,779 - INFO - === PASO 3: INICIAR SESIÓN ===
2025-12-02 17:26:39,779 - INFO - === MÓDULO 2: INICIO SESIÓN ===
2025-12-02 17:26:44,712 - INFO - Accediendo a: http://ursvtols8b3c:8080/engage-unicomer-web/
2025-12-02 17:26:44,803 - INFO - Credenciales ingresadas
2025-12-02 17:26:48,147 - INFO - Formulario enviado
2025-12-02 17:26:50,205 - INFO - Screenshot capturado: 01_login_resultado.png
2025-12-02 17:26:50,213 - INFO - Login exitoso - URL cambió
2025-12-02 17:26:50,213 - INFO - 
🔄 PROCESANDO COTIZACIÓN 1/2: 1
2025-12-02 17:26:50,214 - INFO - === PASO 4: INICIAR ORDEN DE COMPRA ===
2025-12-02 17:26:50,214 - INFO - Buscando botón 'Comience una Orden de Compra'...
2025-12-02 17:26:50,266 - INFO - Screenshot capturado: C1_02_dashboard.png
2025-12-02 17:26:50,267 - INFO - Intentando selector 1: /html/body/div[2]/div[4]/div/div/div[1]/a[1]/input
2025-12-02 17:26:50,267 - INFO - Esperando que botón orden selector 1 sea visible (timeout: 300s, se reinicia con progreso)...
2025-12-02 17:26:50,479 - INFO - PROGRESO: botón orden selector 1 visible - REINICIANDO timeout
2025-12-02 17:26:50,496 - INFO - OK - botón orden selector 1 listo después de 0.0s
2025-12-02 17:26:51,037 - INFO - Click exitoso en botón orden selector 1
2025-12-02 17:26:52,093 - INFO - Screenshot capturado: C1_04_formulario_orden.png
2025-12-02 17:26:52,093 - INFO - Click realizado en botón orden
2025-12-02 17:26:52,094 - INFO - Configuración - Garantías: NO, Descuento: SI, Créditos: NO, Entrega: NO, Tipo Entrega: cliente llevará
2025-12-02 17:26:52,095 - INFO - === PASO 5: EXTRAER NÚMERO COTIZACIÓN ===
2025-12-02 17:26:52,095 - INFO - === EXTRAYENDO NÚMERO DE COTIZACIÓN INICIAL ===
2025-12-02 17:26:54,135 - INFO - Número encontrado con selector: li.quotationNumberTitle p:last-child
2025-12-02 17:26:54,136 - INFO - Número de cotización: 11609212250007
2025-12-02 17:26:54,137 - INFO - Número base extraído: 11609212250007
2025-12-02 17:26:54,137 - INFO - Número único generado: 11609212250007_4137
2025-12-02 17:26:54,138 - INFO - === PASO 6: AGREGAR ITEMS ============================================================================
2025-12-02 17:26:54,139 - INFO - --- ITEM 1/2 ---
2025-12-02 17:26:54,140 - INFO - === MÓDULO 3: AGREGAR ITEM 1 ===
2025-12-02 17:26:54,141 - INFO - Código: 461431200016, Cantidad: 1
2025-12-02 17:26:54,142 - INFO - Esperando que campo búsqueda item 1 sea visible (timeout: 300s, se reinicia con progreso)...
2025-12-02 17:26:54,168 - INFO - PROGRESO: campo búsqueda item 1 visible - REINICIANDO timeout
2025-12-02 17:26:54,192 - INFO - OK - campo búsqueda item 1 listo después de 0.0s
2025-12-02 17:26:54,252 - INFO - Código 461431200016 ingresado en campo búsqueda
2025-12-02 17:26:54,272 - INFO - Enter enviado para búsqueda
2025-12-02 17:26:56,090 - INFO - Item 461431200016 procesado correctamente
2025-12-02 17:26:56,091 - INFO - === MÓDULO 4: GARANTÍAS ITEM 1 ===
2025-12-02 17:26:56,091 - INFO - Garantía: RECHAZAR
2025-12-02 17:26:57,171 - INFO - Screenshot capturado: C1_07_pantalla_garantias_01.png
2025-12-02 17:27:03,205 - INFO - Botón No Thanks encontrado - rechazando garantía
2025-12-02 17:27:03,224 - INFO - Click en No Thanks
2025-12-02 17:27:04,276 - INFO - Screenshot capturado: C1_06_item_con_garantias_procesadas_01.png
2025-12-02 17:27:04,277 - INFO - Garantías procesadas para item 1
2025-12-02 17:27:04,277 - INFO - --- ITEM 2/2 ---
2025-12-02 17:27:04,277 - INFO - === MÓDULO 3: AGREGAR ITEM 2 ===
2025-12-02 17:27:04,277 - INFO - Código: 439766400005, Cantidad: 1
2025-12-02 17:27:04,279 - INFO - Esperando que campo búsqueda item 2 sea visible (timeout: 300s, se reinicia con progreso)...
2025-12-02 17:27:04,332 - INFO - PROGRESO: campo búsqueda item 2 visible - REINICIANDO timeout
2025-12-02 17:27:04,350 - INFO - OK - campo búsqueda item 2 listo después de 0.0s
2025-12-02 17:27:04,387 - INFO - Código 439766400005 ingresado en campo búsqueda
2025-12-02 17:27:04,403 - INFO - Enter enviado para búsqueda
2025-12-02 17:27:06,835 - INFO - Mensaje informativo (ignorado): Error
close
ERROR TO OBTAIN THE PARAMATER: permitirNoInventariadosSeguros...
2025-12-02 17:27:06,835 - INFO - Item 439766400005 procesado correctamente
2025-12-02 17:27:06,836 - INFO - === MÓDULO 4: GARANTÍAS ITEM 2 ===
2025-12-02 17:27:06,837 - INFO - Garantía: RECHAZAR
2025-12-02 17:27:07,901 - INFO - Screenshot capturado: C1_07_pantalla_garantias_02.png
2025-12-02 17:27:13,937 - INFO - Botón No Thanks encontrado - rechazando garantía
2025-12-02 17:27:13,956 - INFO - Click en No Thanks
2025-12-02 17:27:15,018 - INFO - Screenshot capturado: C1_06_item_con_garantias_procesadas_02.png
2025-12-02 17:27:15,019 - INFO - Garantías procesadas para item 2
2025-12-02 17:27:15,019 - INFO - === PASO 7: ENLAZAR CUSTOMER ==========================================================================
2025-12-02 17:27:15,020 - INFO - === MÓDULO 5: ENLAZAR CUSTOMER ===
2025-12-02 17:27:15,075 - INFO - Screenshot capturado: C1_12_antes_enlazar_cliente.png
2025-12-02 17:27:20,107 - INFO - Enlace cliente encontrado: /html/body/div[2]/div[3]/div[28]/div[3]/h4/a
2025-12-02 17:27:20,132 - INFO - Click en enlace cliente
2025-12-02 17:27:23,184 - INFO - Screenshot capturado: C1_13_formulario_cliente.png
2025-12-02 17:27:24,456 - INFO - Cliente 057874256 ingresado
2025-12-02 17:27:25,505 - INFO - Screenshot capturado: C1_14_cliente_ingresado.png
2025-12-02 17:27:27,888 - INFO - Primer Next
2025-12-02 17:27:31,218 - INFO - Screenshot capturado: C1_15_primer_next.png
2025-12-02 17:27:36,748 - INFO - Segundo Next
2025-12-02 17:27:39,794 - INFO - Screenshot capturado: C1_16_segundo_next.png
2025-12-02 17:27:39,794 - INFO - Customer enlazado exitosamente
2025-12-02 17:27:39,794 - INFO - === PASO 10: CRÉDITOS =============================================================================
2025-12-02 17:27:39,794 - INFO - === MÓDULO 8: APLICAR DESCUENTO EMPLEADO ==========================================================
2025-12-02 17:27:40,039 - INFO - Se abrió el menú de opciones de transacción
2025-12-02 17:27:40,298 - INFO - Se seleccionó la opción de descuento de empleado
2025-12-02 17:28:45,480 - INFO - Porcentaje de descuento ingresado
2025-12-02 17:28:45,572 - INFO - Screenshot capturado: C1_descuento_empleado
2025-12-02 17:28:47,834 - INFO - Porcentaje de descuento
2025-12-02 17:30:41,104 - WARNING - ⏹️ Interrumpido por usuario
2025-12-02 17:30:41,105 - INFO - 📋 Log completo disponible en: logs\automatizacion_20251202.log
2025-12-02 17:30:41,106 - INFO - Limpiando recursos...
2025-12-02 17:30:41,106 - INFO - Eliminando screenshots residuales...
2025-12-02 17:30:41,118 - INFO - 13 screenshots residuales eliminados
2025-12-02 17:30:51,354 - WARNING -  Error cerrando navegador
2025-12-02 17:30:51,355 - INFO - Limpieza de recursos completada
2025-12-02 17:30:51,355 - INFO - === AUTOMATIZACIÓN FINALIZADA ===
2025-12-02 17:30:55,702 - INFO - Log guardándose en: logs\automatizacion_20251202.log
2025-12-02 17:30:55,703 - INFO -  === AUTOMATIZACIÓN MODULAR INICIADA ===
2025-12-02 17:30:55,703 - INFO - Archivo: productos.xlsx
2025-12-02 17:30:55,703 - INFO - === PASO 1: LECTURA EXCEL ===
2025-12-02 17:30:55,704 - INFO - === MÓDULO 1: LECTURA EXCEL ===
2025-12-02 17:30:55,704 - INFO - Archivo: productos.xlsx
2025-12-02 17:30:55,772 - INFO - Columnas encontradas: ['PROCESS', 'cotizacion_id', 'codigo', 'descripcion', 'cantidad', 'con_garantia', 'descuento_empleado', 'con_creditos', 'entrega_cliente', 'COTIZACION', 'ESTADO', 'FECHA_PROCESADO', 'ARCHIVO_WORD', 'tipo_entrega', 'empleado_id']
2025-12-02 17:30:55,783 - INFO - Se encontraron 2 cotizaciones
2025-12-02 17:30:55,784 - INFO - Cotización 1: 2 productos
2025-12-02 17:30:55,784 - INFO - Cotización 2: 3 productos
2025-12-02 17:30:55,785 - INFO - === PASO 2: INICIALIZAR NAVEGADOR ===
2025-12-02 17:31:01,797 - INFO - Navegador Firefox inicializado con configuración limpia
2025-12-02 17:31:01,798 - INFO - === PASO 3: INICIAR SESIÓN ===
2025-12-02 17:31:01,798 - INFO - === MÓDULO 2: INICIO SESIÓN ===
2025-12-02 17:31:04,662 - INFO - Accediendo a: http://ursvtols8b3c:8080/engage-unicomer-web/
2025-12-02 17:31:04,751 - INFO - Credenciales ingresadas
2025-12-02 17:31:07,362 - INFO - Formulario enviado
2025-12-02 17:31:09,427 - INFO - Screenshot capturado: 01_login_resultado.png
2025-12-02 17:31:09,434 - INFO - Login exitoso - URL cambió
2025-12-02 17:31:09,434 - INFO - 
🔄 PROCESANDO COTIZACIÓN 1/2: 1
2025-12-02 17:31:09,434 - INFO - === PASO 4: INICIAR ORDEN DE COMPRA ===
2025-12-02 17:31:09,435 - INFO - Buscando botón 'Comience una Orden de Compra'...
2025-12-02 17:31:09,488 - INFO - Screenshot capturado: C1_02_dashboard.png
2025-12-02 17:31:09,488 - INFO - Intentando selector 1: /html/body/div[2]/div[4]/div/div/div[1]/a[1]/input
2025-12-02 17:31:09,488 - INFO - Esperando que botón orden selector 1 sea visible (timeout: 300s, se reinicia con progreso)...
2025-12-02 17:31:09,741 - INFO - PROGRESO: botón orden selector 1 visible - REINICIANDO timeout
2025-12-02 17:31:09,760 - INFO - OK - botón orden selector 1 listo después de 0.0s
2025-12-02 17:31:10,304 - INFO - Click exitoso en botón orden selector 1
2025-12-02 17:31:11,371 - INFO - Screenshot capturado: C1_04_formulario_orden.png
2025-12-02 17:31:11,371 - INFO - Click realizado en botón orden
2025-12-02 17:31:11,371 - INFO - Configuración - Garantías: NO, Descuento: SI, Créditos: NO, Entrega: NO, Tipo Entrega: cliente llevará
2025-12-02 17:31:11,372 - INFO - === PASO 5: EXTRAER NÚMERO COTIZACIÓN ===
2025-12-02 17:31:11,372 - INFO - === EXTRAYENDO NÚMERO DE COTIZACIÓN INICIAL ===
2025-12-02 17:31:13,430 - INFO - Número encontrado con selector: li.quotationNumberTitle p:last-child
2025-12-02 17:31:13,431 - INFO - Número de cotización: 11609213250002
2025-12-02 17:31:13,431 - INFO - Número base extraído: 11609213250002
2025-12-02 17:31:13,432 - INFO - Número único generado: 11609213250002_3431
2025-12-02 17:31:13,432 - INFO - === PASO 6: AGREGAR ITEMS ============================================================================
2025-12-02 17:31:13,432 - INFO - --- ITEM 1/2 ---
2025-12-02 17:31:13,433 - INFO - === MÓDULO 3: AGREGAR ITEM 1 ===
2025-12-02 17:31:13,433 - INFO - Código: 461431200016, Cantidad: 1
2025-12-02 17:31:13,433 - INFO - Esperando que campo búsqueda item 1 sea visible (timeout: 300s, se reinicia con progreso)...
2025-12-02 17:31:13,456 - INFO - PROGRESO: campo búsqueda item 1 visible - REINICIANDO timeout
2025-12-02 17:31:13,486 - INFO - OK - campo búsqueda item 1 listo después de 0.0s
2025-12-02 17:31:13,556 - INFO - Código 461431200016 ingresado en campo búsqueda
2025-12-02 17:31:13,574 - INFO - Enter enviado para búsqueda
2025-12-02 17:31:15,133 - INFO - Item 461431200016 procesado correctamente
2025-12-02 17:31:15,134 - INFO - === MÓDULO 4: GARANTÍAS ITEM 1 ===
2025-12-02 17:31:15,134 - INFO - Garantía: RECHAZAR
2025-12-02 17:31:16,205 - INFO - Screenshot capturado: C1_07_pantalla_garantias_01.png
2025-12-02 17:31:22,245 - INFO - Botón No Thanks encontrado - rechazando garantía
2025-12-02 17:31:22,265 - INFO - Click en No Thanks
2025-12-02 17:31:23,386 - INFO - Screenshot capturado: C1_06_item_con_garantias_procesadas_01.png
2025-12-02 17:31:23,386 - INFO - Garantías procesadas para item 1
2025-12-02 17:31:23,386 - INFO - --- ITEM 2/2 ---
2025-12-02 17:31:23,387 - INFO - === MÓDULO 3: AGREGAR ITEM 2 ===
2025-12-02 17:31:23,387 - INFO - Código: 439766400005, Cantidad: 1
2025-12-02 17:31:23,388 - INFO - Esperando que campo búsqueda item 2 sea visible (timeout: 300s, se reinicia con progreso)...
2025-12-02 17:31:23,480 - INFO - PROGRESO: campo búsqueda item 2 visible - REINICIANDO timeout
2025-12-02 17:31:23,500 - INFO - OK - campo búsqueda item 2 listo después de 0.0s
2025-12-02 17:31:23,527 - INFO - Código 439766400005 ingresado en campo búsqueda
2025-12-02 17:31:23,552 - INFO - Enter enviado para búsqueda
2025-12-02 17:31:25,887 - INFO - Mensaje informativo (ignorado): Error
close
ERROR TO OBTAIN THE PARAMATER: permitirNoInventariadosSeguros...
2025-12-02 17:31:25,887 - INFO - Item 439766400005 procesado correctamente
2025-12-02 17:31:25,888 - INFO - === MÓDULO 4: GARANTÍAS ITEM 2 ===
2025-12-02 17:31:25,888 - INFO - Garantía: RECHAZAR
2025-12-02 17:31:26,974 - INFO - Screenshot capturado: C1_07_pantalla_garantias_02.png
2025-12-02 17:31:33,000 - INFO - Botón No Thanks encontrado - rechazando garantía
2025-12-02 17:31:33,024 - INFO - Click en No Thanks
2025-12-02 17:31:34,077 - INFO - Screenshot capturado: C1_06_item_con_garantias_procesadas_02.png
2025-12-02 17:31:34,077 - INFO - Garantías procesadas para item 2
2025-12-02 17:31:34,082 - INFO - === PASO 7: ENLAZAR CUSTOMER ==========================================================================
2025-12-02 17:31:34,088 - INFO - === MÓDULO 5: ENLAZAR CUSTOMER ===
2025-12-02 17:31:34,147 - INFO - Screenshot capturado: C1_12_antes_enlazar_cliente.png
2025-12-02 17:31:39,183 - INFO - Enlace cliente encontrado: /html/body/div[2]/div[3]/div[28]/div[3]/h4/a
2025-12-02 17:31:39,198 - INFO - Click en enlace cliente
2025-12-02 17:31:42,261 - INFO - Screenshot capturado: C1_13_formulario_cliente.png
2025-12-02 17:31:43,530 - INFO - Cliente 057874256 ingresado
2025-12-02 17:31:44,592 - INFO - Screenshot capturado: C1_14_cliente_ingresado.png
2025-12-02 17:31:46,831 - INFO - Primer Next
2025-12-02 17:31:49,967 - INFO - Screenshot capturado: C1_15_primer_next.png
2025-12-02 17:31:54,156 - INFO - Segundo Next
2025-12-02 17:31:57,213 - INFO - Screenshot capturado: C1_16_segundo_next.png
2025-12-02 17:31:57,214 - INFO - Customer enlazado exitosamente
2025-12-02 17:31:57,214 - INFO - === PASO 10: CRÉDITOS =============================================================================
2025-12-02 17:31:57,214 - INFO - === MÓDULO 8: APLICAR DESCUENTO EMPLEADO ==========================================================
2025-12-02 17:31:57,466 - INFO - Se abrió el menú de opciones de transacción
2025-12-02 17:31:57,707 - INFO - Se seleccionó la opción de descuento de empleado
2025-12-02 17:32:11,441 - INFO - Porcentaje de descuento ingresado
2025-12-02 17:32:11,535 - INFO - Screenshot capturado: C1_descuento_empleado
2025-12-02 17:32:13,319 - INFO - Porcentaje de descuento
2025-12-02 17:34:18,228 - WARNING - ⏹️ Interrumpido por usuario
2025-12-02 17:34:18,230 - INFO - 📋 Log completo disponible en: logs\automatizacion_20251202.log
2025-12-02 17:34:18,231 - INFO - Limpiando recursos...
2025-12-02 17:34:18,231 - INFO - Eliminando screenshots residuales...
2025-12-02 17:34:18,245 - INFO - 13 screenshots residuales eliminados
2025-12-02 17:34:20,304 - WARNING -  Error cerrando navegador
2025-12-02 17:34:20,304 - INFO - Limpieza de recursos completada
2025-12-02 17:34:20,305 - INFO - === AUTOMATIZACIÓN FINALIZADA ===
2025-12-02 17:34:25,526 - INFO - Log guardándose en: logs\automatizacion_20251202.log
2025-12-02 17:34:25,527 - INFO -  === AUTOMATIZACIÓN MODULAR INICIADA ===
2025-12-02 17:34:25,527 - INFO - Archivo: productos.xlsx
2025-12-02 17:34:25,527 - INFO - === PASO 1: LECTURA EXCEL ===
2025-12-02 17:34:25,527 - INFO - === MÓDULO 1: LECTURA EXCEL ===
2025-12-02 17:34:25,528 - INFO - Archivo: productos.xlsx
2025-12-02 17:34:25,551 - INFO - Columnas encontradas: ['PROCESS', 'cotizacion_id', 'codigo', 'descripcion', 'cantidad', 'con_garantia', 'descuento_empleado', 'con_creditos', 'entrega_cliente', 'COTIZACION', 'ESTADO', 'FECHA_PROCESADO', 'ARCHIVO_WORD', 'tipo_entrega', 'empleado_id']
2025-12-02 17:34:25,556 - INFO - Se encontraron 2 cotizaciones
2025-12-02 17:34:25,556 - INFO - Cotización 1: 2 productos
2025-12-02 17:34:25,557 - INFO - Cotización 2: 3 productos
2025-12-02 17:34:25,557 - INFO - === PASO 2: INICIALIZAR NAVEGADOR ===
2025-12-02 17:34:36,126 - INFO - Navegador Firefox inicializado con configuración limpia
2025-12-02 17:34:36,127 - INFO - === PASO 3: INICIAR SESIÓN ===
2025-12-02 17:34:36,128 - INFO - === MÓDULO 2: INICIO SESIÓN ===
2025-12-02 17:34:40,856 - INFO - Accediendo a: http://ursvtols8b3c:8080/engage-unicomer-web/
2025-12-02 17:34:40,977 - INFO - Credenciales ingresadas
2025-12-02 17:34:43,069 - INFO - Formulario enviado
2025-12-02 17:34:45,130 - INFO - Screenshot capturado: 01_login_resultado.png
2025-12-02 17:34:45,136 - INFO - Login exitoso - URL cambió
2025-12-02 17:34:45,136 - INFO - 
🔄 PROCESANDO COTIZACIÓN 1/2: 1
2025-12-02 17:34:45,137 - INFO - === PASO 4: INICIAR ORDEN DE COMPRA ===
2025-12-02 17:34:45,137 - INFO - Buscando botón 'Comience una Orden de Compra'...
2025-12-02 17:34:45,188 - INFO - Screenshot capturado: C1_02_dashboard.png
2025-12-02 17:34:45,189 - INFO - Intentando selector 1: /html/body/div[2]/div[4]/div/div/div[1]/a[1]/input
2025-12-02 17:34:45,189 - INFO - Esperando que botón orden selector 1 sea visible (timeout: 300s, se reinicia con progreso)...
2025-12-02 17:34:45,221 - INFO - PROGRESO: botón orden selector 1 visible - REINICIANDO timeout
2025-12-02 17:34:45,237 - INFO - OK - botón orden selector 1 listo después de 0.0s
2025-12-02 17:34:45,781 - INFO - Click exitoso en botón orden selector 1
2025-12-02 17:34:46,829 - INFO - Screenshot capturado: C1_04_formulario_orden.png
2025-12-02 17:34:46,830 - INFO - Click realizado en botón orden
2025-12-02 17:34:46,830 - INFO - Configuración - Garantías: NO, Descuento: SI, Créditos: NO, Entrega: NO, Tipo Entrega: cliente llevará
2025-12-02 17:34:46,830 - INFO - === PASO 5: EXTRAER NÚMERO COTIZACIÓN ===
2025-12-02 17:34:46,831 - INFO - === EXTRAYENDO NÚMERO DE COTIZACIÓN INICIAL ===
2025-12-02 17:34:48,881 - INFO - Número encontrado con selector: li.quotationNumberTitle p:last-child
2025-12-02 17:34:48,882 - INFO - Número de cotización: 11609214250004
2025-12-02 17:34:48,883 - INFO - Número base extraído: 11609214250004
2025-12-02 17:34:48,884 - INFO - Número único generado: 11609214250004_8883
2025-12-02 17:34:48,884 - INFO - === PASO 6: AGREGAR ITEMS ============================================================================
2025-12-02 17:34:48,885 - INFO - --- ITEM 1/2 ---
2025-12-02 17:34:48,886 - INFO - === MÓDULO 3: AGREGAR ITEM 1 ===
2025-12-02 17:34:48,886 - INFO - Código: 461431200016, Cantidad: 1
2025-12-02 17:34:48,887 - INFO - Esperando que campo búsqueda item 1 sea visible (timeout: 300s, se reinicia con progreso)...
2025-12-02 17:34:48,918 - INFO - PROGRESO: campo búsqueda item 1 visible - REINICIANDO timeout
2025-12-02 17:34:48,938 - INFO - OK - campo búsqueda item 1 listo después de 0.0s
2025-12-02 17:34:48,991 - INFO - Código 461431200016 ingresado en campo búsqueda
2025-12-02 17:34:49,016 - INFO - Enter enviado para búsqueda
2025-12-02 17:34:52,679 - INFO - Item 461431200016 procesado correctamente
2025-12-02 17:34:52,680 - INFO - === MÓDULO 4: GARANTÍAS ITEM 1 ===
2025-12-02 17:34:52,680 - INFO - Garantía: RECHAZAR
2025-12-02 17:34:53,731 - INFO - Screenshot capturado: C1_07_pantalla_garantias_01.png
2025-12-02 17:34:59,765 - INFO - Botón No Thanks encontrado - rechazando garantía
2025-12-02 17:34:59,784 - INFO - Click en No Thanks
2025-12-02 17:35:00,849 - INFO - Screenshot capturado: C1_06_item_con_garantias_procesadas_01.png
2025-12-02 17:35:00,849 - INFO - Garantías procesadas para item 1
2025-12-02 17:35:00,850 - INFO - --- ITEM 2/2 ---
2025-12-02 17:35:00,850 - INFO - === MÓDULO 3: AGREGAR ITEM 2 ===
2025-12-02 17:35:00,850 - INFO - Código: 439766400005, Cantidad: 1
2025-12-02 17:35:00,850 - INFO - Esperando que campo búsqueda item 2 sea visible (timeout: 300s, se reinicia con progreso)...
2025-12-02 17:35:00,870 - INFO - PROGRESO: campo búsqueda item 2 visible - REINICIANDO timeout
2025-12-02 17:35:00,889 - INFO - OK - campo búsqueda item 2 listo después de 0.0s
2025-12-02 17:35:00,931 - INFO - Código 439766400005 ingresado en campo búsqueda
2025-12-02 17:35:00,956 - INFO - Enter enviado para búsqueda
2025-12-02 17:35:04,528 - INFO - Mensaje informativo (ignorado): Error
close
ERROR TO OBTAIN THE PARAMATER: permitirNoInventariadosSeguros...
2025-12-02 17:35:04,529 - INFO - Item 439766400005 procesado correctamente
2025-12-02 17:35:04,529 - INFO - === MÓDULO 4: GARANTÍAS ITEM 2 ===
2025-12-02 17:35:04,529 - INFO - Garantía: RECHAZAR
2025-12-02 17:35:05,600 - INFO - Screenshot capturado: C1_07_pantalla_garantias_02.png
2025-12-02 17:35:11,638 - INFO - Botón No Thanks encontrado - rechazando garantía
2025-12-02 17:35:11,657 - INFO - Click en No Thanks
2025-12-02 17:35:12,700 - INFO - Screenshot capturado: C1_06_item_con_garantias_procesadas_02.png
2025-12-02 17:35:12,702 - INFO - Garantías procesadas para item 2
2025-12-02 17:35:12,702 - INFO - === PASO 7: ENLAZAR CUSTOMER ==========================================================================
2025-12-02 17:35:12,702 - INFO - === MÓDULO 5: ENLAZAR CUSTOMER ===
2025-12-02 17:35:12,750 - INFO - Screenshot capturado: C1_12_antes_enlazar_cliente.png
2025-12-02 17:35:17,779 - INFO - Enlace cliente encontrado: /html/body/div[2]/div[3]/div[28]/div[3]/h4/a
2025-12-02 17:35:17,804 - INFO - Click en enlace cliente
2025-12-02 17:35:20,851 - INFO - Screenshot capturado: C1_13_formulario_cliente.png
2025-12-02 17:35:22,130 - INFO - Cliente 057874256 ingresado
2025-12-02 17:35:23,177 - INFO - Screenshot capturado: C1_14_cliente_ingresado.png
2025-12-02 17:35:26,086 - INFO - Primer Next
2025-12-02 17:35:29,242 - INFO - Screenshot capturado: C1_15_primer_next.png
2025-12-02 17:35:34,663 - INFO - Segundo Next
2025-12-02 17:35:37,754 - INFO - Screenshot capturado: C1_16_segundo_next.png
2025-12-02 17:35:37,756 - INFO - Customer enlazado exitosamente
2025-12-02 17:35:37,757 - INFO - === PASO 10: CRÉDITOS =============================================================================
2025-12-02 17:35:37,757 - INFO - === MÓDULO 8: APLICAR DESCUENTO EMPLEADO ==========================================================
2025-12-02 17:35:38,036 - INFO - Se abrió el menú de opciones de transacción
2025-12-02 17:35:38,320 - INFO - Se seleccionó la opción de descuento de empleado
2025-12-02 17:36:06,637 - INFO - Porcentaje de descuento ingresado
2025-12-02 17:36:06,715 - INFO - Screenshot capturado: C1_descuento_empleado
2025-12-02 17:36:08,940 - INFO - Porcentaje de descuento
2025-12-02 17:41:09,134 - ERROR - Error general: Message: 

2025-12-02 17:41:09,135 - INFO - 📋 Ver detalles del error en: logs\automatizacion_20251202.log
2025-12-02 17:41:09,136 - INFO - Limpiando recursos...
2025-12-02 17:41:09,136 - INFO - Eliminando screenshots residuales...
2025-12-02 17:41:09,153 - INFO - 13 screenshots residuales eliminados
2025-12-02 17:41:12,539 - INFO - Navegador cerrado
2025-12-02 17:41:12,540 - INFO - Limpieza de recursos completada
2025-12-02 17:41:12,540 - INFO - === AUTOMATIZACIÓN FINALIZADA ===
2025-12-02 17:41:16,762 - INFO - Log guardándose en: logs\automatizacion_20251202.log
2025-12-02 17:41:16,762 - INFO -  === AUTOMATIZACIÓN MODULAR INICIADA ===
2025-12-02 17:41:16,762 - INFO - Archivo: productos.xlsx
2025-12-02 17:41:16,763 - INFO - === PASO 1: LECTURA EXCEL ===
2025-12-02 17:41:16,763 - INFO - === MÓDULO 1: LECTURA EXCEL ===
2025-12-02 17:41:16,763 - INFO - Archivo: productos.xlsx
2025-12-02 17:41:16,789 - INFO - Columnas encontradas: ['PROCESS', 'cotizacion_id', 'codigo', 'descripcion', 'cantidad', 'con_garantia', 'descuento_empleado', 'con_creditos', 'entrega_cliente', 'COTIZACION', 'ESTADO', 'FECHA_PROCESADO', 'ARCHIVO_WORD', 'tipo_entrega', 'empleado_id']
2025-12-02 17:41:16,792 - INFO - Se encontraron 2 cotizaciones
2025-12-02 17:41:16,792 - INFO - Cotización 1: 2 productos
2025-12-02 17:41:16,792 - INFO - Cotización 2: 3 productos
2025-12-02 17:41:16,792 - INFO - === PASO 2: INICIALIZAR NAVEGADOR ===
2025-12-02 17:41:24,338 - INFO - Navegador Firefox inicializado con configuración limpia
2025-12-02 17:41:24,338 - INFO - === PASO 3: INICIAR SESIÓN ===
2025-12-02 17:41:24,338 - INFO - === MÓDULO 2: INICIO SESIÓN ===
2025-12-02 17:41:28,328 - INFO - Accediendo a: http://ursvtols8b3c:8080/engage-unicomer-web/
2025-12-02 17:41:28,434 - INFO - Credenciales ingresadas
2025-12-02 17:41:31,784 - INFO - Formulario enviado
2025-12-02 17:41:33,952 - INFO - Screenshot capturado: 01_login_resultado.png
2025-12-02 17:41:33,963 - INFO - Login exitoso - URL cambió
2025-12-02 17:41:33,964 - INFO - 
🔄 PROCESANDO COTIZACIÓN 1/2: 1
2025-12-02 17:41:33,965 - INFO - === PASO 4: INICIAR ORDEN DE COMPRA ===
2025-12-02 17:41:33,965 - INFO - Buscando botón 'Comience una Orden de Compra'...
2025-12-02 17:41:34,130 - INFO - Screenshot capturado: C1_02_dashboard.png
2025-12-02 17:41:34,130 - INFO - Intentando selector 1: /html/body/div[2]/div[4]/div/div/div[1]/a[1]/input
2025-12-02 17:41:34,131 - INFO - Esperando que botón orden selector 1 sea visible (timeout: 300s, se reinicia con progreso)...
2025-12-02 17:41:34,194 - INFO - PROGRESO: botón orden selector 1 visible - REINICIANDO timeout
2025-12-02 17:41:34,228 - INFO - OK - botón orden selector 1 listo después de 0.0s
2025-12-02 17:41:34,783 - INFO - Click exitoso en botón orden selector 1
2025-12-02 17:41:35,869 - INFO - Screenshot capturado: C1_04_formulario_orden.png
2025-12-02 17:41:35,870 - INFO - Click realizado en botón orden
2025-12-02 17:41:35,870 - INFO - Configuración - Garantías: NO, Descuento: SI, Créditos: NO, Entrega: NO, Tipo Entrega: cliente llevará
2025-12-02 17:41:35,871 - INFO - === PASO 5: EXTRAER NÚMERO COTIZACIÓN ===
2025-12-02 17:41:35,872 - INFO - === EXTRAYENDO NÚMERO DE COTIZACIÓN INICIAL ===
2025-12-02 17:41:37,935 - INFO - Número encontrado con selector: li.quotationNumberTitle p:last-child
2025-12-02 17:41:37,936 - INFO - Número de cotización: 1160921525000B
2025-12-02 17:41:37,937 - INFO - Número base extraído: 1160921525000B
2025-12-02 17:41:37,938 - INFO - Número único generado: 1160921525000B_7937
2025-12-02 17:41:37,938 - INFO - === PASO 6: AGREGAR ITEMS ============================================================================
2025-12-02 17:41:37,939 - INFO - --- ITEM 1/2 ---
2025-12-02 17:41:37,939 - INFO - === MÓDULO 3: AGREGAR ITEM 1 ===
2025-12-02 17:41:37,940 - INFO - Código: 461431200016, Cantidad: 1
2025-12-02 17:41:37,941 - INFO - Esperando que campo búsqueda item 1 sea visible (timeout: 300s, se reinicia con progreso)...
2025-12-02 17:41:37,983 - INFO - PROGRESO: campo búsqueda item 1 visible - REINICIANDO timeout
2025-12-02 17:41:38,014 - INFO - OK - campo búsqueda item 1 listo después de 0.0s
2025-12-02 17:41:38,064 - INFO - Código 461431200016 ingresado en campo búsqueda
2025-12-02 17:41:38,098 - INFO - Enter enviado para búsqueda
2025-12-02 17:41:39,683 - INFO - Mensaje informativo (ignorado): Error
close
ERROR TO OBTAIN THE PARAMATER: permitirNoInventariadosSeguros...
2025-12-02 17:41:39,684 - INFO - Item 461431200016 procesado correctamente
2025-12-02 17:41:39,684 - INFO - === MÓDULO 4: GARANTÍAS ITEM 1 ===
2025-12-02 17:41:39,684 - INFO - Garantía: RECHAZAR
2025-12-02 17:41:40,817 - INFO - Screenshot capturado: C1_07_pantalla_garantias_01.png
2025-12-02 17:41:46,866 - INFO - Botón No Thanks encontrado - rechazando garantía
2025-12-02 17:41:46,898 - INFO - Click en No Thanks
2025-12-02 17:41:48,029 - INFO - Screenshot capturado: C1_06_item_con_garantias_procesadas_01.png
2025-12-02 17:41:48,030 - INFO - Garantías procesadas para item 1
2025-12-02 17:41:48,030 - INFO - --- ITEM 2/2 ---
2025-12-02 17:41:48,031 - INFO - === MÓDULO 3: AGREGAR ITEM 2 ===
2025-12-02 17:41:48,031 - INFO - Código: 439766400005, Cantidad: 1
2025-12-02 17:41:48,031 - INFO - Esperando que campo búsqueda item 2 sea visible (timeout: 300s, se reinicia con progreso)...
2025-12-02 17:41:48,145 - INFO - PROGRESO: campo búsqueda item 2 visible - REINICIANDO timeout
2025-12-02 17:41:48,170 - INFO - OK - campo búsqueda item 2 listo después de 0.0s
2025-12-02 17:41:48,241 - INFO - Código 439766400005 ingresado en campo búsqueda
2025-12-02 17:41:48,268 - INFO - Enter enviado para búsqueda
2025-12-02 17:41:50,694 - INFO - Mensaje informativo (ignorado): Error
close
ERROR TO OBTAIN THE PARAMATER: permitirNoInventariadosSeguros...
2025-12-02 17:41:50,694 - INFO - Item 439766400005 procesado correctamente
2025-12-02 17:41:50,695 - INFO - === MÓDULO 4: GARANTÍAS ITEM 2 ===
2025-12-02 17:41:50,695 - INFO - Garantía: RECHAZAR
2025-12-02 17:41:51,827 - INFO - Screenshot capturado: C1_07_pantalla_garantias_02.png
2025-12-02 17:41:57,876 - INFO - Botón No Thanks encontrado - rechazando garantía
2025-12-02 17:41:57,930 - INFO - Click en No Thanks
2025-12-02 17:41:59,050 - INFO - Screenshot capturado: C1_06_item_con_garantias_procesadas_02.png
2025-12-02 17:41:59,050 - INFO - Garantías procesadas para item 2
2025-12-02 17:41:59,050 - INFO - === PASO 7: ENLAZAR CUSTOMER ==========================================================================
2025-12-02 17:41:59,051 - INFO - === MÓDULO 5: ENLAZAR CUSTOMER ===
2025-12-02 17:41:59,156 - INFO - Screenshot capturado: C1_12_antes_enlazar_cliente.png
2025-12-02 17:42:04,203 - INFO - Enlace cliente encontrado: /html/body/div[2]/div[3]/div[28]/div[3]/h4/a
2025-12-02 17:42:04,239 - INFO - Click en enlace cliente
2025-12-02 17:42:07,362 - INFO - Screenshot capturado: C1_13_formulario_cliente.png
2025-12-02 17:42:08,727 - INFO - Cliente 057874256 ingresado
2025-12-02 17:42:09,822 - INFO - Screenshot capturado: C1_14_cliente_ingresado.png
2025-12-02 17:42:11,507 - INFO - Primer Next
2025-12-02 17:42:14,627 - INFO - Screenshot capturado: C1_15_primer_next.png
2025-12-02 17:42:19,835 - INFO - Segundo Next
2025-12-02 17:42:22,991 - INFO - Screenshot capturado: C1_16_segundo_next.png
2025-12-02 17:42:22,992 - INFO - Customer enlazado exitosamente
2025-12-02 17:42:22,992 - INFO - === PASO 10: CRÉDITOS =============================================================================
2025-12-02 17:42:22,993 - INFO - === MÓDULO 8: APLICAR DESCUENTO EMPLEADO ==========================================================
2025-12-02 17:42:23,480 - INFO - Se abrió el menú de opciones de transacción
2025-12-02 17:42:23,931 - INFO - Se seleccionó la opción de descuento de empleado
2025-12-02 17:45:27,093 - WARNING - ⏹️ Interrumpido por usuario
2025-12-02 17:45:27,094 - INFO - 📋 Log completo disponible en: logs\automatizacion_20251202.log
2025-12-02 17:45:27,095 - INFO - Limpiando recursos...
2025-12-02 17:45:27,096 - INFO - Eliminando screenshots residuales...
2025-12-02 17:45:27,119 - INFO - 12 screenshots residuales eliminados
2025-12-02 17:45:29,170 - WARNING -  Error cerrando navegador
2025-12-02 17:45:29,173 - INFO - Limpieza de recursos completada
2025-12-02 17:45:29,175 - INFO - === AUTOMATIZACIÓN FINALIZADA ===
2025-12-02 17:45:33,743 - INFO - Log guardándose en: logs\automatizacion_20251202.log
2025-12-02 17:45:33,745 - INFO -  === AUTOMATIZACIÓN MODULAR INICIADA ===
2025-12-02 17:45:33,745 - INFO - Archivo: productos.xlsx
2025-12-02 17:45:33,745 - INFO - === PASO 1: LECTURA EXCEL ===
2025-12-02 17:45:33,745 - INFO - === MÓDULO 1: LECTURA EXCEL ===
2025-12-02 17:45:33,745 - INFO - Archivo: productos.xlsx
2025-12-02 17:45:33,769 - INFO - Columnas encontradas: ['PROCESS', 'cotizacion_id', 'codigo', 'descripcion', 'cantidad', 'con_garantia', 'descuento_empleado', 'con_creditos', 'entrega_cliente', 'COTIZACION', 'ESTADO', 'FECHA_PROCESADO', 'ARCHIVO_WORD', 'tipo_entrega', 'empleado_id']
2025-12-02 17:45:33,772 - INFO - Se encontraron 2 cotizaciones
2025-12-02 17:45:33,773 - INFO - Cotización 1: 2 productos
2025-12-02 17:45:33,773 - INFO - Cotización 2: 3 productos
2025-12-02 17:45:33,773 - INFO - === PASO 2: INICIALIZAR NAVEGADOR ===
2025-12-02 17:45:39,873 - INFO - Navegador Firefox inicializado con configuración limpia
2025-12-02 17:45:39,874 - INFO - === PASO 3: INICIAR SESIÓN ===
2025-12-02 17:45:39,874 - INFO - === MÓDULO 2: INICIO SESIÓN ===
2025-12-02 17:45:42,939 - INFO - Accediendo a: http://ursvtols8b3c:8080/engage-unicomer-web/
2025-12-02 17:45:43,063 - INFO - Credenciales ingresadas
2025-12-02 17:45:44,762 - INFO - Formulario enviado
2025-12-02 17:45:46,888 - INFO - Screenshot capturado: 01_login_resultado.png
2025-12-02 17:45:46,904 - INFO - Login exitoso - URL cambió
2025-12-02 17:45:46,905 - INFO - 
🔄 PROCESANDO COTIZACIÓN 1/2: 1
2025-12-02 17:45:46,905 - INFO - === PASO 4: INICIAR ORDEN DE COMPRA ===
2025-12-02 17:45:46,906 - INFO - Buscando botón 'Comience una Orden de Compra'...
2025-12-02 17:45:47,039 - INFO - Screenshot capturado: C1_02_dashboard.png
2025-12-02 17:45:47,041 - INFO - Intentando selector 1: /html/body/div[2]/div[4]/div/div/div[1]/a[1]/input
2025-12-02 17:45:47,041 - INFO - Esperando que botón orden selector 1 sea visible (timeout: 300s, se reinicia con progreso)...
2025-12-02 17:45:47,093 - INFO - PROGRESO: botón orden selector 1 visible - REINICIANDO timeout
2025-12-02 17:45:47,142 - INFO - OK - botón orden selector 1 listo después de 0.0s
2025-12-02 17:45:47,694 - INFO - Click exitoso en botón orden selector 1
2025-12-02 17:45:48,839 - INFO - Screenshot capturado: C1_04_formulario_orden.png
2025-12-02 17:45:48,840 - INFO - Click realizado en botón orden
2025-12-02 17:45:48,840 - INFO - Configuración - Garantías: NO, Descuento: SI, Créditos: NO, Entrega: NO, Tipo Entrega: cliente llevará
2025-12-02 17:45:48,841 - INFO - === PASO 5: EXTRAER NÚMERO COTIZACIÓN ===
2025-12-02 17:45:48,841 - INFO - === EXTRAYENDO NÚMERO DE COTIZACIÓN INICIAL ===
2025-12-02 17:45:50,904 - INFO - Número encontrado con selector: li.quotationNumberTitle p:last-child
2025-12-02 17:45:50,905 - INFO - Número de cotización: 11609216250006
2025-12-02 17:45:50,905 - INFO - Número base extraído: 11609216250006
2025-12-02 17:45:50,905 - INFO - Número único generado: 11609216250006_905
2025-12-02 17:45:50,906 - INFO - === PASO 6: AGREGAR ITEMS ============================================================================
2025-12-02 17:45:50,907 - INFO - --- ITEM 1/2 ---
2025-12-02 17:45:50,908 - INFO - === MÓDULO 3: AGREGAR ITEM 1 ===
2025-12-02 17:45:50,908 - INFO - Código: 461431200016, Cantidad: 1
2025-12-02 17:45:50,908 - INFO - Esperando que campo búsqueda item 1 sea visible (timeout: 300s, se reinicia con progreso)...
2025-12-02 17:45:50,956 - INFO - PROGRESO: campo búsqueda item 1 visible - REINICIANDO timeout
2025-12-02 17:45:50,989 - INFO - OK - campo búsqueda item 1 listo después de 0.0s
2025-12-02 17:45:51,056 - INFO - Código 461431200016 ingresado en campo búsqueda
2025-12-02 17:45:51,118 - INFO - Enter enviado para búsqueda
2025-12-02 17:45:52,855 - INFO - Mensaje informativo (ignorado): Error
close
ERROR TO OBTAIN THE PARAMATER: permitirNoInventariadosSeguros...
2025-12-02 17:45:52,856 - INFO - Item 461431200016 procesado correctamente
2025-12-02 17:45:52,856 - INFO - === MÓDULO 4: GARANTÍAS ITEM 1 ===
2025-12-02 17:45:52,856 - INFO - Garantía: RECHAZAR
2025-12-02 17:45:53,979 - INFO - Screenshot capturado: C1_07_pantalla_garantias_01.png
2025-12-02 17:46:00,039 - INFO - Botón No Thanks encontrado - rechazando garantía
2025-12-02 17:46:00,070 - INFO - Click en No Thanks
2025-12-02 17:46:01,188 - INFO - Screenshot capturado: C1_06_item_con_garantias_procesadas_01.png
2025-12-02 17:46:01,190 - INFO - Garantías procesadas para item 1
2025-12-02 17:46:01,190 - INFO - --- ITEM 2/2 ---
2025-12-02 17:46:01,191 - INFO - === MÓDULO 3: AGREGAR ITEM 2 ===
2025-12-02 17:46:01,192 - INFO - Código: 439766400005, Cantidad: 1
2025-12-02 17:46:01,193 - INFO - Esperando que campo búsqueda item 2 sea visible (timeout: 300s, se reinicia con progreso)...
2025-12-02 17:46:01,232 - INFO - PROGRESO: campo búsqueda item 2 visible - REINICIANDO timeout
2025-12-02 17:46:01,264 - INFO - OK - campo búsqueda item 2 listo después de 0.0s
2025-12-02 17:46:01,300 - INFO - Código 439766400005 ingresado en campo búsqueda
2025-12-02 17:46:01,351 - INFO - Enter enviado para búsqueda
2025-12-02 17:46:03,690 - INFO - Mensaje informativo (ignorado): Error
close
ERROR TO OBTAIN THE PARAMATER: permitirNoInventariadosSeguros...
2025-12-02 17:46:03,691 - INFO - Item 439766400005 procesado correctamente
2025-12-02 17:46:03,691 - INFO - === MÓDULO 4: GARANTÍAS ITEM 2 ===
2025-12-02 17:46:03,691 - INFO - Garantía: RECHAZAR
2025-12-02 17:46:04,849 - INFO - Screenshot capturado: C1_07_pantalla_garantias_02.png
2025-12-02 17:46:10,909 - INFO - Botón No Thanks encontrado - rechazando garantía
2025-12-02 17:46:10,946 - INFO - Click en No Thanks
2025-12-02 17:46:12,031 - INFO - Screenshot capturado: C1_06_item_con_garantias_procesadas_02.png
2025-12-02 17:46:12,032 - INFO - Garantías procesadas para item 2
2025-12-02 17:46:12,032 - INFO - === PASO 7: ENLAZAR CUSTOMER ==========================================================================
2025-12-02 17:46:12,032 - INFO - === MÓDULO 5: ENLAZAR CUSTOMER ===
2025-12-02 17:46:12,123 - INFO - Screenshot capturado: C1_12_antes_enlazar_cliente.png
2025-12-02 17:46:17,160 - INFO - Enlace cliente encontrado: /html/body/div[2]/div[3]/div[28]/div[3]/h4/a
2025-12-02 17:46:17,193 - INFO - Click en enlace cliente
2025-12-02 17:46:20,293 - INFO - Screenshot capturado: C1_13_formulario_cliente.png
2025-12-02 17:46:21,572 - INFO - Cliente 057874256 ingresado
2025-12-02 17:46:22,677 - INFO - Screenshot capturado: C1_14_cliente_ingresado.png
2025-12-02 17:46:23,344 - INFO - Primer Next
2025-12-02 17:46:26,459 - INFO - Screenshot capturado: C1_15_primer_next.png
2025-12-02 17:46:30,439 - INFO - Segundo Next
2025-12-02 17:46:33,558 - INFO - Screenshot capturado: C1_16_segundo_next.png
2025-12-02 17:46:33,558 - INFO - Customer enlazado exitosamente
2025-12-02 17:46:33,559 - INFO - === PASO 10: CRÉDITOS =============================================================================
2025-12-02 17:46:33,559 - INFO - === MÓDULO 8: APLICAR DESCUENTO EMPLEADO ==========================================================
2025-12-02 17:46:33,809 - INFO - Se abrió el menú de opciones de transacción
2025-12-02 17:46:34,077 - INFO - Se seleccionó la opción de descuento de empleado
2025-12-02 17:46:37,229 - INFO - No apareció el modal de confirmación
2025-12-02 17:48:18,294 - ERROR - Error general: Message: TypeError: browsingContext.currentWindowGlobal is null
Stacktrace:
getMarionetteCommandsActorProxy/get/<@chrome://remote/content/marionette/actors/MarionetteCommandsParent.sys.mjs:311:17
observe@resource://gre/modules/AsyncShutdown.sys.mjs:575:17

2025-12-02 17:48:18,295 - INFO - 📋 Ver detalles del error en: logs\automatizacion_20251202.log
2025-12-02 17:48:18,295 - INFO - Limpiando recursos...
2025-12-02 17:48:18,296 - INFO - Eliminando screenshots residuales...
2025-12-02 17:48:18,308 - INFO - 12 screenshots residuales eliminados
2025-12-02 17:48:20,426 - INFO - Navegador cerrado
2025-12-02 17:48:20,426 - INFO - Limpieza de recursos completada
2025-12-02 17:48:20,427 - INFO - === AUTOMATIZACIÓN FINALIZADA ===
2025-12-02 17:48:24,953 - INFO - Log guardándose en: logs\automatizacion_20251202.log
2025-12-02 17:48:24,953 - INFO -  === AUTOMATIZACIÓN MODULAR INICIADA ===
2025-12-02 17:48:24,954 - INFO - Archivo: productos.xlsx
2025-12-02 17:48:24,954 - INFO - === PASO 1: LECTURA EXCEL ===
2025-12-02 17:48:24,954 - INFO - === MÓDULO 1: LECTURA EXCEL ===
2025-12-02 17:48:24,954 - INFO - Archivo: productos.xlsx
2025-12-02 17:48:24,977 - INFO - Columnas encontradas: ['PROCESS', 'cotizacion_id', 'codigo', 'descripcion', 'cantidad', 'con_garantia', 'descuento_empleado', 'con_creditos', 'entrega_cliente', 'COTIZACION', 'ESTADO', 'FECHA_PROCESADO', 'ARCHIVO_WORD', 'tipo_entrega', 'empleado_id']
2025-12-02 17:48:24,981 - INFO - Se encontraron 2 cotizaciones
2025-12-02 17:48:24,982 - INFO - Cotización 1: 2 productos
2025-12-02 17:48:24,982 - INFO - Cotización 2: 3 productos
2025-12-02 17:48:24,982 - INFO - === PASO 2: INICIALIZAR NAVEGADOR ===
2025-12-02 17:48:30,769 - INFO - Navegador Firefox inicializado con configuración limpia
2025-12-02 17:48:30,769 - INFO - === PASO 3: INICIAR SESIÓN ===
2025-12-02 17:48:30,769 - INFO - === MÓDULO 2: INICIO SESIÓN ===
2025-12-02 17:48:35,877 - INFO - Accediendo a: http://ursvtols8b3c:8080/engage-unicomer-web/
2025-12-02 17:48:35,950 - INFO - Credenciales ingresadas
2025-12-02 17:48:38,186 - INFO - Formulario enviado
2025-12-02 17:48:40,244 - INFO - Screenshot capturado: 01_login_resultado.png
2025-12-02 17:48:40,253 - INFO - Login exitoso - URL cambió
2025-12-02 17:48:40,254 - INFO - 
🔄 PROCESANDO COTIZACIÓN 1/2: 1
2025-12-02 17:48:40,254 - INFO - === PASO 4: INICIAR ORDEN DE COMPRA ===
2025-12-02 17:48:40,255 - INFO - Buscando botón 'Comience una Orden de Compra'...
2025-12-02 17:48:40,309 - INFO - Screenshot capturado: C1_02_dashboard.png
2025-12-02 17:48:40,310 - INFO - Intentando selector 1: /html/body/div[2]/div[4]/div/div/div[1]/a[1]/input
2025-12-02 17:48:40,310 - INFO - Esperando que botón orden selector 1 sea visible (timeout: 300s, se reinicia con progreso)...
2025-12-02 17:48:40,342 - INFO - PROGRESO: botón orden selector 1 visible - REINICIANDO timeout
2025-12-02 17:48:40,367 - INFO - OK - botón orden selector 1 listo después de 0.0s
2025-12-02 17:48:40,909 - INFO - Click exitoso en botón orden selector 1
2025-12-02 17:48:41,959 - INFO - Screenshot capturado: C1_04_formulario_orden.png
2025-12-02 17:48:41,959 - INFO - Click realizado en botón orden
2025-12-02 17:48:41,960 - INFO - Configuración - Garantías: NO, Descuento: SI, Créditos: NO, Entrega: NO, Tipo Entrega: cliente llevará
2025-12-02 17:48:41,961 - INFO - === PASO 5: EXTRAER NÚMERO COTIZACIÓN ===
2025-12-02 17:48:41,961 - INFO - === EXTRAYENDO NÚMERO DE COTIZACIÓN INICIAL ===
2025-12-02 17:48:44,007 - INFO - Número encontrado con selector: li.quotationNumberTitle p:last-child
2025-12-02 17:48:44,008 - INFO - Número de cotización: 11609217250001
2025-12-02 17:48:44,008 - INFO - Número base extraído: 11609217250001
2025-12-02 17:48:44,009 - INFO - Número único generado: 11609217250001_4008
2025-12-02 17:48:44,009 - INFO - === PASO 6: AGREGAR ITEMS ============================================================================
2025-12-02 17:48:44,010 - INFO - --- ITEM 1/2 ---
2025-12-02 17:48:44,011 - INFO - === MÓDULO 3: AGREGAR ITEM 1 ===
2025-12-02 17:48:44,011 - INFO - Código: 461431200016, Cantidad: 1
2025-12-02 17:48:44,012 - INFO - Esperando que campo búsqueda item 1 sea visible (timeout: 300s, se reinicia con progreso)...
2025-12-02 17:48:44,036 - INFO - PROGRESO: campo búsqueda item 1 visible - REINICIANDO timeout
2025-12-02 17:48:44,057 - INFO - OK - campo búsqueda item 1 listo después de 0.0s
2025-12-02 17:48:44,104 - INFO - Código 461431200016 ingresado en campo búsqueda
2025-12-02 17:48:44,130 - INFO - Enter enviado para búsqueda
2025-12-02 17:48:46,401 - INFO - Item 461431200016 procesado correctamente
2025-12-02 17:48:46,401 - INFO - === MÓDULO 4: GARANTÍAS ITEM 1 ===
2025-12-02 17:48:46,401 - INFO - Garantía: RECHAZAR
2025-12-02 17:48:47,462 - INFO - Screenshot capturado: C1_07_pantalla_garantias_01.png
2025-12-02 17:48:53,494 - INFO - Botón No Thanks encontrado - rechazando garantía
2025-12-02 17:48:53,515 - INFO - Click en No Thanks
2025-12-02 17:48:54,576 - INFO - Screenshot capturado: C1_06_item_con_garantias_procesadas_01.png
2025-12-02 17:48:54,576 - INFO - Garantías procesadas para item 1
2025-12-02 17:48:54,577 - INFO - --- ITEM 2/2 ---
2025-12-02 17:48:54,577 - INFO - === MÓDULO 3: AGREGAR ITEM 2 ===
2025-12-02 17:48:54,577 - INFO - Código: 439766400005, Cantidad: 1
2025-12-02 17:48:54,577 - INFO - Esperando que campo búsqueda item 2 sea visible (timeout: 300s, se reinicia con progreso)...
2025-12-02 17:48:54,599 - INFO - PROGRESO: campo búsqueda item 2 visible - REINICIANDO timeout
2025-12-02 17:48:54,619 - INFO - OK - campo búsqueda item 2 listo después de 0.0s
2025-12-02 17:48:54,668 - INFO - Código 439766400005 ingresado en campo búsqueda
2025-12-02 17:48:54,696 - INFO - Enter enviado para búsqueda
2025-12-02 17:48:57,175 - INFO - Item 439766400005 procesado correctamente
2025-12-02 17:48:57,175 - INFO - === MÓDULO 4: GARANTÍAS ITEM 2 ===
2025-12-02 17:48:57,176 - INFO - Garantía: RECHAZAR
2025-12-02 17:48:58,232 - INFO - Screenshot capturado: C1_07_pantalla_garantias_02.png
2025-12-02 17:49:04,262 - INFO - Botón No Thanks encontrado - rechazando garantía
2025-12-02 17:49:04,276 - INFO - Click en No Thanks
2025-12-02 17:49:05,355 - INFO - Screenshot capturado: C1_06_item_con_garantias_procesadas_02.png
2025-12-02 17:49:05,356 - INFO - Garantías procesadas para item 2
2025-12-02 17:49:05,356 - INFO - === PASO 7: ENLAZAR CUSTOMER ==========================================================================
2025-12-02 17:49:05,356 - INFO - === MÓDULO 5: ENLAZAR CUSTOMER ===
2025-12-02 17:49:05,417 - INFO - Screenshot capturado: C1_12_antes_enlazar_cliente.png
2025-12-02 17:49:10,451 - INFO - Enlace cliente encontrado: /html/body/div[2]/div[3]/div[28]/div[3]/h4/a
2025-12-02 17:49:10,467 - INFO - Click en enlace cliente
2025-12-02 17:49:13,514 - INFO - Screenshot capturado: C1_13_formulario_cliente.png
2025-12-02 17:49:14,788 - INFO - Cliente 057874256 ingresado
2025-12-02 17:49:15,831 - INFO - Screenshot capturado: C1_14_cliente_ingresado.png
2025-12-02 17:49:18,172 - INFO - Primer Next
2025-12-02 17:49:21,241 - INFO - Screenshot capturado: C1_15_primer_next.png
2025-12-02 17:49:24,935 - INFO - Segundo Next
2025-12-02 17:49:28,020 - INFO - Screenshot capturado: C1_16_segundo_next.png
2025-12-02 17:49:28,022 - INFO - Customer enlazado exitosamente
2025-12-02 17:49:28,023 - INFO - === PASO 10: CRÉDITOS =============================================================================
2025-12-02 17:49:28,023 - INFO - === MÓDULO 8: APLICAR DESCUENTO EMPLEADO ==========================================================
2025-12-02 17:49:28,274 - INFO - Se abrió el menú de opciones de transacción
2025-12-02 17:49:28,548 - INFO - Se seleccionó la opción de descuento de empleado
2025-12-02 17:49:28,576 - INFO - Modal de override detectado
2025-12-02 17:52:08,858 - INFO - No apareció el modal de override
2025-12-02 17:52:08,895 - ERROR - Error general: Message: WebDriver session does not exist, or is not active; For documentation on this error, please visit: https://www.selenium.dev/documentation/webdriver/troubleshooting/errors#invalidsessionidexception
Stacktrace:
RemoteError@chrome://remote/content/shared/RemoteError.sys.mjs:8:8
WebDriverError@chrome://remote/content/shared/webdriver/Errors.sys.mjs:187:5
InvalidSessionIDError@chrome://remote/content/shared/webdriver/Errors.sys.mjs:442:5
assert.that/<@chrome://remote/content/shared/webdriver/Assert.sys.mjs:485:13
assert.session@chrome://remote/content/shared/webdriver/Assert.sys.mjs:37:4
despatch@chrome://remote/content/marionette/server.sys.mjs:317:19
execute@chrome://remote/content/marionette/server.sys.mjs:291:16
onPacket/<@chrome://remote/content/marionette/server.sys.mjs:264:20
onPacket@chrome://remote/content/marionette/server.sys.mjs:265:9
_onJSONObjectReady/<@chrome://remote/content/marionette/transport.sys.mjs:496:20

2025-12-02 17:52:08,896 - INFO - 📋 Ver detalles del error en: logs\automatizacion_20251202.log
2025-12-02 17:52:08,897 - INFO - Limpiando recursos...
2025-12-02 17:52:08,897 - INFO - Eliminando screenshots residuales...
2025-12-02 17:52:08,909 - INFO - 12 screenshots residuales eliminados
2025-12-02 17:52:11,040 - INFO - Navegador cerrado
2025-12-02 17:52:11,041 - INFO - Limpieza de recursos completada
2025-12-02 17:52:11,041 - INFO - === AUTOMATIZACIÓN FINALIZADA ===
2025-12-02 17:52:14,994 - INFO - Log guardándose en: logs\automatizacion_20251202.log
2025-12-02 17:52:14,994 - INFO -  === AUTOMATIZACIÓN MODULAR INICIADA ===
2025-12-02 17:52:14,994 - INFO - Archivo: productos.xlsx
2025-12-02 17:52:14,995 - INFO - === PASO 1: LECTURA EXCEL ===
2025-12-02 17:52:14,995 - INFO - === MÓDULO 1: LECTURA EXCEL ===
2025-12-02 17:52:14,995 - INFO - Archivo: productos.xlsx
2025-12-02 17:52:15,020 - INFO - Columnas encontradas: ['PROCESS', 'cotizacion_id', 'codigo', 'descripcion', 'cantidad', 'con_garantia', 'descuento_empleado', 'con_creditos', 'entrega_cliente', 'COTIZACION', 'ESTADO', 'FECHA_PROCESADO', 'ARCHIVO_WORD', 'tipo_entrega', 'empleado_id']
2025-12-02 17:52:15,023 - INFO - Se encontraron 2 cotizaciones
2025-12-02 17:52:15,023 - INFO - Cotización 1: 2 productos
2025-12-02 17:52:15,023 - INFO - Cotización 2: 3 productos
2025-12-02 17:52:15,024 - INFO - === PASO 2: INICIALIZAR NAVEGADOR ===
2025-12-02 17:52:23,052 - INFO - Navegador Firefox inicializado con configuración limpia
2025-12-02 17:52:23,053 - INFO - === PASO 3: INICIAR SESIÓN ===
2025-12-02 17:52:23,054 - INFO - === MÓDULO 2: INICIO SESIÓN ===
2025-12-02 17:52:27,814 - INFO - Accediendo a: http://ursvtols8b3c:8080/engage-unicomer-web/
2025-12-02 17:52:27,903 - INFO - Credenciales ingresadas
2025-12-02 17:52:31,140 - INFO - Formulario enviado
2025-12-02 17:52:33,220 - INFO - Screenshot capturado: 01_login_resultado.png
2025-12-02 17:52:33,229 - INFO - Login exitoso - URL cambió
2025-12-02 17:52:33,230 - INFO - 
🔄 PROCESANDO COTIZACIÓN 1/2: 1
2025-12-02 17:52:33,230 - INFO - === PASO 4: INICIAR ORDEN DE COMPRA ===
2025-12-02 17:52:33,231 - INFO - Buscando botón 'Comience una Orden de Compra'...
2025-12-02 17:52:33,309 - INFO - Screenshot capturado: C1_02_dashboard.png
2025-12-02 17:52:33,310 - INFO - Intentando selector 1: /html/body/div[2]/div[4]/div/div/div[1]/a[1]/input
2025-12-02 17:52:33,310 - INFO - Esperando que botón orden selector 1 sea visible (timeout: 300s, se reinicia con progreso)...
2025-12-02 17:52:33,357 - INFO - PROGRESO: botón orden selector 1 visible - REINICIANDO timeout
2025-12-02 17:52:33,381 - INFO - OK - botón orden selector 1 listo después de 0.0s
2025-12-02 17:52:33,930 - INFO - Click exitoso en botón orden selector 1
2025-12-02 17:52:34,987 - INFO - Screenshot capturado: C1_04_formulario_orden.png
2025-12-02 17:52:34,988 - INFO - Click realizado en botón orden
2025-12-02 17:52:34,988 - INFO - Configuración - Garantías: NO, Descuento: SI, Créditos: NO, Entrega: NO, Tipo Entrega: cliente llevará
2025-12-02 17:52:34,988 - INFO - === PASO 5: EXTRAER NÚMERO COTIZACIÓN ===
2025-12-02 17:52:34,989 - INFO - === EXTRAYENDO NÚMERO DE COTIZACIÓN INICIAL ===
2025-12-02 17:52:37,033 - INFO - Número encontrado con selector: li.quotationNumberTitle p:last-child
2025-12-02 17:52:37,034 - INFO - Número de cotización: 11609218250002
2025-12-02 17:52:37,034 - INFO - Número base extraído: 11609218250002
2025-12-02 17:52:37,035 - INFO - Número único generado: 11609218250002_7034
2025-12-02 17:52:37,036 - INFO - === PASO 6: AGREGAR ITEMS ============================================================================
2025-12-02 17:52:37,037 - INFO - --- ITEM 1/2 ---
2025-12-02 17:52:37,038 - INFO - === MÓDULO 3: AGREGAR ITEM 1 ===
2025-12-02 17:52:37,039 - INFO - Código: 461431200016, Cantidad: 1
2025-12-02 17:52:37,040 - INFO - Esperando que campo búsqueda item 1 sea visible (timeout: 300s, se reinicia con progreso)...
2025-12-02 17:52:37,070 - INFO - PROGRESO: campo búsqueda item 1 visible - REINICIANDO timeout
2025-12-02 17:52:37,089 - INFO - OK - campo búsqueda item 1 listo después de 0.0s
2025-12-02 17:52:37,137 - INFO - Código 461431200016 ingresado en campo búsqueda
2025-12-02 17:52:37,163 - INFO - Enter enviado para búsqueda
2025-12-02 17:52:38,636 - INFO - Mensaje informativo (ignorado): Error
close
ERROR TO OBTAIN THE PARAMATER: permitirNoInventariadosSeguros...
2025-12-02 17:52:38,636 - INFO - Item 461431200016 procesado correctamente
2025-12-02 17:52:38,636 - INFO - === MÓDULO 4: GARANTÍAS ITEM 1 ===
2025-12-02 17:52:38,637 - INFO - Garantía: RECHAZAR
2025-12-02 17:52:39,692 - INFO - Screenshot capturado: C1_07_pantalla_garantias_01.png
2025-12-02 17:52:45,723 - INFO - Botón No Thanks encontrado - rechazando garantía
2025-12-02 17:52:45,744 - INFO - Click en No Thanks
2025-12-02 17:52:46,796 - INFO - Screenshot capturado: C1_06_item_con_garantias_procesadas_01.png
2025-12-02 17:52:46,796 - INFO - Garantías procesadas para item 1
2025-12-02 17:52:46,797 - INFO - --- ITEM 2/2 ---
2025-12-02 17:52:46,797 - INFO - === MÓDULO 3: AGREGAR ITEM 2 ===
2025-12-02 17:52:46,798 - INFO - Código: 439766400005, Cantidad: 1
2025-12-02 17:52:46,799 - INFO - Esperando que campo búsqueda item 2 sea visible (timeout: 300s, se reinicia con progreso)...
2025-12-02 17:52:46,820 - INFO - PROGRESO: campo búsqueda item 2 visible - REINICIANDO timeout
2025-12-02 17:52:46,851 - INFO - OK - campo búsqueda item 2 listo después de 0.0s
2025-12-02 17:52:46,906 - INFO - Código 439766400005 ingresado en campo búsqueda
2025-12-02 17:52:46,922 - INFO - Enter enviado para búsqueda
2025-12-02 17:52:49,183 - INFO - Mensaje informativo (ignorado): Error
close
ERROR TO OBTAIN THE PARAMATER: permitirNoInventariadosSeguros...
2025-12-02 17:52:49,183 - INFO - Item 439766400005 procesado correctamente
2025-12-02 17:52:49,184 - INFO - === MÓDULO 4: GARANTÍAS ITEM 2 ===
2025-12-02 17:52:49,184 - INFO - Garantía: RECHAZAR
2025-12-02 17:52:50,239 - INFO - Screenshot capturado: C1_07_pantalla_garantias_02.png
2025-12-02 17:52:56,276 - INFO - Botón No Thanks encontrado - rechazando garantía
2025-12-02 17:52:56,304 - INFO - Click en No Thanks
2025-12-02 17:52:57,361 - INFO - Screenshot capturado: C1_06_item_con_garantias_procesadas_02.png
2025-12-02 17:52:57,361 - INFO - Garantías procesadas para item 2
2025-12-02 17:52:57,361 - INFO - === PASO 7: ENLAZAR CUSTOMER ==========================================================================
2025-12-02 17:52:57,362 - INFO - === MÓDULO 5: ENLAZAR CUSTOMER ===
2025-12-02 17:52:57,409 - INFO - Screenshot capturado: C1_12_antes_enlazar_cliente.png
2025-12-02 17:53:02,442 - INFO - Enlace cliente encontrado: /html/body/div[2]/div[3]/div[28]/div[3]/h4/a
2025-12-02 17:53:02,457 - INFO - Click en enlace cliente
2025-12-02 17:53:05,511 - INFO - Screenshot capturado: C1_13_formulario_cliente.png
2025-12-02 17:53:06,783 - INFO - Cliente 057874256 ingresado
2025-12-02 17:53:07,829 - INFO - Screenshot capturado: C1_14_cliente_ingresado.png
2025-12-02 17:53:09,821 - INFO - Primer Next
2025-12-02 17:53:12,876 - INFO - Screenshot capturado: C1_15_primer_next.png
2025-12-02 17:53:17,491 - INFO - Segundo Next
2025-12-02 17:53:20,540 - INFO - Screenshot capturado: C1_16_segundo_next.png
2025-12-02 17:53:20,541 - INFO - Customer enlazado exitosamente
2025-12-02 17:53:20,542 - INFO - === PASO 10: CRÉDITOS =============================================================================
2025-12-02 17:53:20,542 - INFO - === MÓDULO 8: APLICAR DESCUENTO EMPLEADO ==========================================================
2025-12-02 17:53:20,792 - INFO - Se abrió el menú de opciones de transacción
2025-12-02 17:53:21,041 - INFO - Se seleccionó la opción de descuento de empleado
2025-12-02 17:53:21,115 - INFO - Modal de override detectado
2025-12-02 17:55:05,648 - INFO - No apareció el modal de override
2025-12-02 17:55:05,681 - ERROR - Error general: Message: WebDriver session does not exist, or is not active; For documentation on this error, please visit: https://www.selenium.dev/documentation/webdriver/troubleshooting/errors#invalidsessionidexception
Stacktrace:
RemoteError@chrome://remote/content/shared/RemoteError.sys.mjs:8:8
WebDriverError@chrome://remote/content/shared/webdriver/Errors.sys.mjs:187:5
InvalidSessionIDError@chrome://remote/content/shared/webdriver/Errors.sys.mjs:442:5
assert.that/<@chrome://remote/content/shared/webdriver/Assert.sys.mjs:485:13
assert.session@chrome://remote/content/shared/webdriver/Assert.sys.mjs:37:4
despatch@chrome://remote/content/marionette/server.sys.mjs:317:19
execute@chrome://remote/content/marionette/server.sys.mjs:291:16
onPacket/<@chrome://remote/content/marionette/server.sys.mjs:264:20
onPacket@chrome://remote/content/marionette/server.sys.mjs:265:9
_onJSONObjectReady/<@chrome://remote/content/marionette/transport.sys.mjs:496:20

2025-12-02 17:55:05,682 - INFO - 📋 Ver detalles del error en: logs\automatizacion_20251202.log
2025-12-02 17:55:05,682 - INFO - Limpiando recursos...
2025-12-02 17:55:05,682 - INFO - Eliminando screenshots residuales...
2025-12-02 17:55:05,696 - INFO - 12 screenshots residuales eliminados
2025-12-02 17:55:07,818 - INFO - Navegador cerrado
2025-12-02 17:55:07,818 - INFO - Limpieza de recursos completada
2025-12-02 17:55:07,819 - INFO - === AUTOMATIZACIÓN FINALIZADA ===
2025-12-02 17:55:13,082 - INFO - Log guardándose en: logs\automatizacion_20251202.log
2025-12-02 17:55:13,082 - INFO -  === AUTOMATIZACIÓN MODULAR INICIADA ===
2025-12-02 17:55:13,083 - INFO - Archivo: productos.xlsx
2025-12-02 17:55:13,083 - INFO - === PASO 1: LECTURA EXCEL ===
2025-12-02 17:55:13,083 - INFO - === MÓDULO 1: LECTURA EXCEL ===
2025-12-02 17:55:13,084 - INFO - Archivo: productos.xlsx
2025-12-02 17:55:13,109 - INFO - Columnas encontradas: ['PROCESS', 'cotizacion_id', 'codigo', 'descripcion', 'cantidad', 'con_garantia', 'descuento_empleado', 'con_creditos', 'entrega_cliente', 'COTIZACION', 'ESTADO', 'FECHA_PROCESADO', 'ARCHIVO_WORD', 'tipo_entrega', 'empleado_id']
2025-12-02 17:55:13,113 - INFO - Se encontraron 2 cotizaciones
2025-12-02 17:55:13,114 - INFO - Cotización 1: 2 productos
2025-12-02 17:55:13,114 - INFO - Cotización 2: 3 productos
2025-12-02 17:55:13,114 - INFO - === PASO 2: INICIALIZAR NAVEGADOR ===
2025-12-02 17:55:19,443 - INFO - Navegador Firefox inicializado con configuración limpia
2025-12-02 17:55:19,444 - INFO - === PASO 3: INICIAR SESIÓN ===
2025-12-02 17:55:19,444 - INFO - === MÓDULO 2: INICIO SESIÓN ===
2025-12-02 17:55:24,167 - INFO - Accediendo a: http://ursvtols8b3c:8080/engage-unicomer-web/
2025-12-02 17:55:24,268 - INFO - Credenciales ingresadas
2025-12-02 17:55:26,233 - INFO - Formulario enviado
2025-12-02 17:55:28,360 - INFO - Screenshot capturado: 01_login_resultado.png
2025-12-02 17:55:28,377 - INFO - Login exitoso - URL cambió
2025-12-02 17:55:28,377 - INFO - 
🔄 PROCESANDO COTIZACIÓN 1/2: 1
2025-12-02 17:55:28,378 - INFO - === PASO 4: INICIAR ORDEN DE COMPRA ===
2025-12-02 17:55:28,378 - INFO - Buscando botón 'Comience una Orden de Compra'...
2025-12-02 17:55:28,462 - INFO - Screenshot capturado: C1_02_dashboard.png
2025-12-02 17:55:28,462 - INFO - Intentando selector 1: /html/body/div[2]/div[4]/div/div/div[1]/a[1]/input
2025-12-02 17:55:28,463 - INFO - Esperando que botón orden selector 1 sea visible (timeout: 300s, se reinicia con progreso)...
2025-12-02 17:55:28,515 - INFO - PROGRESO: botón orden selector 1 visible - REINICIANDO timeout
2025-12-02 17:55:28,543 - INFO - OK - botón orden selector 1 listo después de 0.0s
2025-12-02 17:55:29,082 - INFO - Click exitoso en botón orden selector 1
2025-12-02 17:55:30,242 - INFO - Screenshot capturado: C1_04_formulario_orden.png
2025-12-02 17:55:30,243 - INFO - Click realizado en botón orden
2025-12-02 17:55:30,243 - INFO - Configuración - Garantías: NO, Descuento: SI, Créditos: NO, Entrega: NO, Tipo Entrega: cliente llevará
2025-12-02 17:55:30,244 - INFO - === PASO 5: EXTRAER NÚMERO COTIZACIÓN ===
2025-12-02 17:55:30,244 - INFO - === EXTRAYENDO NÚMERO DE COTIZACIÓN INICIAL ===
2025-12-02 17:55:32,292 - INFO - Número encontrado con selector: li.quotationNumberTitle p:last-child
2025-12-02 17:55:32,293 - INFO - Número de cotización: 11609219250007
2025-12-02 17:55:32,293 - INFO - Número base extraído: 11609219250007
2025-12-02 17:55:32,293 - INFO - Número único generado: 11609219250007_2293
2025-12-02 17:55:32,294 - INFO - === PASO 6: AGREGAR ITEMS ============================================================================
2025-12-02 17:55:32,294 - INFO - --- ITEM 1/2 ---
2025-12-02 17:55:32,294 - INFO - === MÓDULO 3: AGREGAR ITEM 1 ===
2025-12-02 17:55:32,295 - INFO - Código: 461431200016, Cantidad: 1
2025-12-02 17:55:32,295 - INFO - Esperando que campo búsqueda item 1 sea visible (timeout: 300s, se reinicia con progreso)...
2025-12-02 17:55:32,322 - INFO - PROGRESO: campo búsqueda item 1 visible - REINICIANDO timeout
2025-12-02 17:55:32,347 - INFO - OK - campo búsqueda item 1 listo después de 0.0s
2025-12-02 17:55:32,389 - INFO - Código 461431200016 ingresado en campo búsqueda
2025-12-02 17:55:32,408 - INFO - Enter enviado para búsqueda
2025-12-02 17:55:34,367 - INFO - Mensaje informativo (ignorado): Error
close
ERROR TO OBTAIN THE PARAMATER: permitirNoInventariadosSeguros...
2025-12-02 17:55:34,367 - INFO - Item 461431200016 procesado correctamente
2025-12-02 17:55:34,368 - INFO - === MÓDULO 4: GARANTÍAS ITEM 1 ===
2025-12-02 17:55:34,368 - INFO - Garantía: RECHAZAR
2025-12-02 17:55:35,500 - INFO - Screenshot capturado: C1_07_pantalla_garantias_01.png
2025-12-02 17:55:41,540 - INFO - Botón No Thanks encontrado - rechazando garantía
2025-12-02 17:55:41,573 - INFO - Click en No Thanks
2025-12-02 17:55:42,681 - INFO - Screenshot capturado: C1_06_item_con_garantias_procesadas_01.png
2025-12-02 17:55:42,682 - INFO - Garantías procesadas para item 1
2025-12-02 17:55:42,682 - INFO - --- ITEM 2/2 ---
2025-12-02 17:55:42,683 - INFO - === MÓDULO 3: AGREGAR ITEM 2 ===
2025-12-02 17:55:42,683 - INFO - Código: 439766400005, Cantidad: 1
2025-12-02 17:55:42,683 - INFO - Esperando que campo búsqueda item 2 sea visible (timeout: 300s, se reinicia con progreso)...
2025-12-02 17:55:42,716 - INFO - PROGRESO: campo búsqueda item 2 visible - REINICIANDO timeout
2025-12-02 17:55:42,759 - INFO - OK - campo búsqueda item 2 listo después de 0.0s
2025-12-02 17:55:42,807 - INFO - Código 439766400005 ingresado en campo búsqueda
2025-12-02 17:55:42,856 - INFO - Enter enviado para búsqueda
2025-12-02 17:55:46,262 - INFO - Mensaje informativo (ignorado): Error
close
ERROR TO OBTAIN THE PARAMATER: permitirNoInventariadosSeguros...
2025-12-02 17:55:46,263 - INFO - Item 439766400005 procesado correctamente
2025-12-02 17:55:46,263 - INFO - === MÓDULO 4: GARANTÍAS ITEM 2 ===
2025-12-02 17:55:46,263 - INFO - Garantía: RECHAZAR
2025-12-02 17:55:47,412 - INFO - Screenshot capturado: C1_07_pantalla_garantias_02.png
2025-12-02 17:55:53,456 - INFO - Botón No Thanks encontrado - rechazando garantía
2025-12-02 17:55:53,487 - INFO - Click en No Thanks
2025-12-02 17:55:54,580 - INFO - Screenshot capturado: C1_06_item_con_garantias_procesadas_02.png
2025-12-02 17:55:54,581 - INFO - Garantías procesadas para item 2
2025-12-02 17:55:54,581 - INFO - === PASO 7: ENLAZAR CUSTOMER ==========================================================================
2025-12-02 17:55:54,583 - INFO - === MÓDULO 5: ENLAZAR CUSTOMER ===
2025-12-02 17:55:54,701 - INFO - Screenshot capturado: C1_12_antes_enlazar_cliente.png
2025-12-02 17:55:59,734 - INFO - Enlace cliente encontrado: /html/body/div[2]/div[3]/div[28]/div[3]/h4/a
2025-12-02 17:55:59,752 - INFO - Click en enlace cliente
2025-12-02 17:56:02,847 - INFO - Screenshot capturado: C1_13_formulario_cliente.png
2025-12-02 17:56:04,173 - INFO - Cliente 057874256 ingresado
2025-12-02 17:56:05,269 - INFO - Screenshot capturado: C1_14_cliente_ingresado.png
2025-12-02 17:56:06,053 - INFO - Primer Next
2025-12-02 17:56:09,154 - INFO - Screenshot capturado: C1_15_primer_next.png
2025-12-02 17:56:12,545 - INFO - Segundo Next
2025-12-02 17:56:15,637 - INFO - Screenshot capturado: C1_16_segundo_next.png
2025-12-02 17:56:15,637 - INFO - Customer enlazado exitosamente
2025-12-02 17:56:15,638 - INFO - === PASO 10: CRÉDITOS =============================================================================
2025-12-02 17:56:15,638 - INFO - === MÓDULO 8: APLICAR DESCUENTO EMPLEADO ==========================================================
2025-12-02 17:56:15,891 - INFO - Se abrió el menú de opciones de transacción
2025-12-02 17:56:16,142 - INFO - Se seleccionó la opción de descuento de empleado
2025-12-02 17:56:16,161 - INFO - Modal de override detectado
2025-12-02 17:56:19,383 - INFO - No apareció el modal de override
2025-12-02 18:01:22,300 - ERROR - Error general: Message: 
Stacktrace:
RemoteError@chrome://remote/content/shared/RemoteError.sys.mjs:8:8
WebDriverError@chrome://remote/content/shared/webdriver/Errors.sys.mjs:187:5
NoSuchElementError@chrome://remote/content/shared/webdriver/Errors.sys.mjs:505:5
element.find/</<@chrome://remote/content/marionette/element.sys.mjs:135:16

2025-12-02 18:01:22,301 - INFO - 📋 Ver detalles del error en: logs\automatizacion_20251202.log
2025-12-02 18:01:22,301 - INFO - Limpiando recursos...
2025-12-02 18:01:22,301 - INFO - Eliminando screenshots residuales...
2025-12-02 18:01:22,317 - INFO - 12 screenshots residuales eliminados
2025-12-02 18:01:25,349 - INFO - Navegador cerrado
2025-12-02 18:01:25,349 - INFO - Limpieza de recursos completada
2025-12-02 18:01:25,350 - INFO - === AUTOMATIZACIÓN FINALIZADA ===
2025-12-02 18:28:26,326 - INFO - Log guardándose en: logs\automatizacion_20251202.log
2025-12-02 18:28:26,328 - INFO -  === AUTOMATIZACIÓN MODULAR INICIADA ===
2025-12-02 18:28:26,329 - INFO - Archivo: productos.xlsx
2025-12-02 18:28:26,330 - INFO - === PASO 1: LECTURA EXCEL ===
2025-12-02 18:28:26,330 - INFO - === MÓDULO 1: LECTURA EXCEL ===
2025-12-02 18:28:26,331 - INFO - Archivo: productos.xlsx
2025-12-02 18:28:26,414 - INFO - Columnas encontradas: ['PROCESS', 'cotizacion_id', 'codigo', 'descripcion', 'cantidad', 'con_garantia', 'descuento_empleado', 'con_creditos', 'entrega_cliente', 'COTIZACION', 'ESTADO', 'FECHA_PROCESADO', 'ARCHIVO_WORD', 'tipo_entrega', 'empleado_id']
2025-12-02 18:28:26,418 - INFO - Se encontraron 2 cotizaciones
2025-12-02 18:28:26,419 - INFO - Cotización 1: 2 productos
2025-12-02 18:28:26,419 - INFO - Cotización 2: 3 productos
2025-12-02 18:28:26,420 - INFO - === PASO 2: INICIALIZAR NAVEGADOR ===
2025-12-02 18:28:35,185 - INFO - Navegador Firefox inicializado con configuración limpia
2025-12-02 18:28:35,186 - INFO - === PASO 3: INICIAR SESIÓN ===
2025-12-02 18:28:35,186 - INFO - === MÓDULO 2: INICIO SESIÓN ===
2025-12-02 18:28:42,914 - INFO - Accediendo a: http://ursvtols8b3c:8080/engage-unicomer-web/
2025-12-02 18:28:43,003 - INFO - Credenciales ingresadas
2025-12-02 18:28:46,306 - INFO - Formulario enviado
2025-12-02 18:28:48,369 - INFO - Screenshot capturado: 01_login_resultado.png
2025-12-02 18:28:48,376 - INFO - Login exitoso - URL cambió
2025-12-02 18:28:48,376 - INFO - 
🔄 PROCESANDO COTIZACIÓN 1/2: 1
2025-12-02 18:28:48,377 - INFO - === PASO 4: INICIAR ORDEN DE COMPRA ===
2025-12-02 18:28:48,377 - INFO - Buscando botón 'Comience una Orden de Compra'...
2025-12-02 18:28:48,428 - INFO - Screenshot capturado: C1_02_dashboard.png
2025-12-02 18:28:48,429 - INFO - Intentando selector 1: /html/body/div[2]/div[4]/div/div/div[1]/a[1]/input
2025-12-02 18:28:48,429 - INFO - Esperando que botón orden selector 1 sea visible (timeout: 300s, se reinicia con progreso)...
2025-12-02 18:28:48,584 - INFO - PROGRESO: botón orden selector 1 visible - REINICIANDO timeout
2025-12-02 18:28:48,607 - INFO - OK - botón orden selector 1 listo después de 0.0s
2025-12-02 18:28:49,155 - INFO - Click exitoso en botón orden selector 1
2025-12-02 18:28:50,210 - INFO - Screenshot capturado: C1_04_formulario_orden.png
2025-12-02 18:28:50,210 - INFO - Click realizado en botón orden
2025-12-02 18:28:50,211 - INFO - Configuración - Garantías: NO, Descuento: SI, Créditos: NO, Entrega: NO, Tipo Entrega: cliente llevará
2025-12-02 18:28:50,211 - INFO - === PASO 5: EXTRAER NÚMERO COTIZACIÓN ===
2025-12-02 18:28:50,211 - INFO - === EXTRAYENDO NÚMERO DE COTIZACIÓN INICIAL ===
2025-12-02 18:28:52,257 - INFO - Número encontrado con selector: li.quotationNumberTitle p:last-child
2025-12-02 18:28:52,258 - INFO - Número de cotización: 11609221250002
2025-12-02 18:28:52,259 - INFO - Número base extraído: 11609221250002
2025-12-02 18:28:52,259 - INFO - Número único generado: 11609221250002_2258
2025-12-02 18:28:52,259 - INFO - === PASO 6: AGREGAR ITEMS ============================================================================
2025-12-02 18:28:52,260 - INFO - --- ITEM 1/2 ---
2025-12-02 18:28:52,260 - INFO - === MÓDULO 3: AGREGAR ITEM 1 ===
2025-12-02 18:28:52,261 - INFO - Código: 461431200016, Cantidad: 1
2025-12-02 18:28:52,261 - INFO - Esperando que campo búsqueda item 1 sea visible (timeout: 300s, se reinicia con progreso)...
2025-12-02 18:28:52,286 - INFO - PROGRESO: campo búsqueda item 1 visible - REINICIANDO timeout
2025-12-02 18:28:52,306 - INFO - OK - campo búsqueda item 1 listo después de 0.0s
2025-12-02 18:28:52,357 - INFO - Código 461431200016 ingresado en campo búsqueda
2025-12-02 18:28:52,372 - INFO - Enter enviado para búsqueda
2025-12-02 18:28:54,234 - INFO - Mensaje informativo (ignorado): Error
close
ERROR TO OBTAIN THE PARAMATER: permitirNoInventariadosSeguros...
2025-12-02 18:28:54,235 - INFO - Item 461431200016 procesado correctamente
2025-12-02 18:28:54,236 - INFO - === MÓDULO 4: GARANTÍAS ITEM 1 ===
2025-12-02 18:28:54,236 - INFO - Garantía: RECHAZAR
2025-12-02 18:28:55,316 - INFO - Screenshot capturado: C1_07_pantalla_garantias_01.png
2025-12-02 18:29:01,370 - INFO - Botón No Thanks encontrado - rechazando garantía
2025-12-02 18:29:01,393 - INFO - Click en No Thanks
2025-12-02 18:29:02,455 - INFO - Screenshot capturado: C1_06_item_con_garantias_procesadas_01.png
2025-12-02 18:29:02,455 - INFO - Garantías procesadas para item 1
2025-12-02 18:29:02,455 - INFO - --- ITEM 2/2 ---
2025-12-02 18:29:02,456 - INFO - === MÓDULO 3: AGREGAR ITEM 2 ===
2025-12-02 18:29:02,456 - INFO - Código: 439766400005, Cantidad: 1
2025-12-02 18:29:02,456 - INFO - Esperando que campo búsqueda item 2 sea visible (timeout: 300s, se reinicia con progreso)...
2025-12-02 18:29:02,476 - INFO - PROGRESO: campo búsqueda item 2 visible - REINICIANDO timeout
2025-12-02 18:29:02,496 - INFO - OK - campo búsqueda item 2 listo después de 0.0s
2025-12-02 18:29:02,528 - INFO - Código 439766400005 ingresado en campo búsqueda
2025-12-02 18:29:02,549 - INFO - Enter enviado para búsqueda
2025-12-02 18:29:06,703 - INFO - Item 439766400005 procesado correctamente
2025-12-02 18:29:06,704 - INFO - === MÓDULO 4: GARANTÍAS ITEM 2 ===
2025-12-02 18:29:06,705 - INFO - Garantía: RECHAZAR
2025-12-02 18:29:07,770 - INFO - Screenshot capturado: C1_07_pantalla_garantias_02.png
2025-12-02 18:29:13,800 - INFO - Botón No Thanks encontrado - rechazando garantía
2025-12-02 18:29:13,819 - INFO - Click en No Thanks
2025-12-02 18:29:14,887 - INFO - Screenshot capturado: C1_06_item_con_garantias_procesadas_02.png
2025-12-02 18:29:14,888 - INFO - Garantías procesadas para item 2
2025-12-02 18:29:14,888 - INFO - === PASO 7: ENLAZAR CUSTOMER ==========================================================================
2025-12-02 18:29:14,889 - INFO - === MÓDULO 5: ENLAZAR CUSTOMER ===
2025-12-02 18:29:14,944 - INFO - Screenshot capturado: C1_12_antes_enlazar_cliente.png
2025-12-02 18:29:19,976 - INFO - Enlace cliente encontrado: /html/body/div[2]/div[3]/div[28]/div[3]/h4/a
2025-12-02 18:29:19,996 - INFO - Click en enlace cliente
2025-12-02 18:29:23,044 - INFO - Screenshot capturado: C1_13_formulario_cliente.png
2025-12-02 18:29:24,363 - INFO - Cliente 057874256 ingresado
2025-12-02 18:29:25,416 - INFO - Screenshot capturado: C1_14_cliente_ingresado.png
2025-12-02 18:29:27,417 - INFO - Primer Next
2025-12-02 18:29:30,484 - INFO - Screenshot capturado: C1_15_primer_next.png
2025-12-02 18:29:35,442 - INFO - Segundo Next
2025-12-02 18:29:38,490 - INFO - Screenshot capturado: C1_16_segundo_next.png
2025-12-02 18:29:38,491 - INFO - Customer enlazado exitosamente
2025-12-02 18:29:38,491 - INFO - === PASO 10: CRÉDITOS =============================================================================
2025-12-02 18:29:38,491 - INFO - === MÓDULO 8: APLICAR DESCUENTO EMPLEADO ==========================================================
2025-12-02 18:29:38,739 - INFO - Se abrió el menú de opciones de transacción
2025-12-02 18:29:38,982 - INFO - Se seleccionó la opción de descuento de empleado
2025-12-02 18:29:38,984 - INFO - Buscando modal de override...
2025-12-02 18:29:43,997 - INFO - IFRAMES detectados: 0
2025-12-02 18:29:43,997 - INFO - No apareció el modal de override
2025-12-02 18:34:08,924 - ERROR - Error general: Message: Failed to decode response from marionette

2025-12-02 18:34:08,924 - INFO - 📋 Ver detalles del error en: logs\automatizacion_20251202.log
2025-12-02 18:34:08,924 - INFO - Limpiando recursos...
2025-12-02 18:34:08,925 - INFO - Eliminando screenshots residuales...
2025-12-02 18:34:08,936 - INFO - 12 screenshots residuales eliminados
2025-12-02 18:34:11,049 - INFO - Navegador cerrado
2025-12-02 18:34:11,050 - INFO - Limpieza de recursos completada
2025-12-02 18:34:11,051 - INFO - === AUTOMATIZACIÓN FINALIZADA ===
2025-12-02 18:34:15,230 - INFO - Log guardándose en: logs\automatizacion_20251202.log
2025-12-02 18:34:15,230 - INFO -  === AUTOMATIZACIÓN MODULAR INICIADA ===
2025-12-02 18:34:15,230 - INFO - Archivo: productos.xlsx
2025-12-02 18:34:15,231 - INFO - === PASO 1: LECTURA EXCEL ===
2025-12-02 18:34:15,231 - INFO - === MÓDULO 1: LECTURA EXCEL ===
2025-12-02 18:34:15,231 - INFO - Archivo: productos.xlsx
2025-12-02 18:34:15,257 - INFO - Columnas encontradas: ['PROCESS', 'cotizacion_id', 'codigo', 'descripcion', 'cantidad', 'con_garantia', 'descuento_empleado', 'con_creditos', 'entrega_cliente', 'COTIZACION', 'ESTADO', 'FECHA_PROCESADO', 'ARCHIVO_WORD', 'tipo_entrega', 'empleado_id']
2025-12-02 18:34:15,261 - INFO - Se encontraron 2 cotizaciones
2025-12-02 18:34:15,262 - INFO - Cotización 1: 2 productos
2025-12-02 18:34:15,262 - INFO - Cotización 2: 3 productos
2025-12-02 18:34:15,262 - INFO - === PASO 2: INICIALIZAR NAVEGADOR ===
2025-12-02 18:34:21,110 - INFO - Navegador Firefox inicializado con configuración limpia
2025-12-02 18:34:21,111 - INFO - === PASO 3: INICIAR SESIÓN ===
2025-12-02 18:34:21,111 - INFO - === MÓDULO 2: INICIO SESIÓN ===
2025-12-02 18:34:25,260 - INFO - Accediendo a: http://ursvtols8b3c:8080/engage-unicomer-web/
2025-12-02 18:34:25,342 - INFO - Credenciales ingresadas
2025-12-02 18:34:27,337 - INFO - Formulario enviado
2025-12-02 18:34:29,406 - INFO - Screenshot capturado: 01_login_resultado.png
2025-12-02 18:34:29,417 - INFO - Login exitoso - URL cambió
2025-12-02 18:34:29,418 - INFO - 
🔄 PROCESANDO COTIZACIÓN 1/2: 1
2025-12-02 18:34:29,418 - INFO - === PASO 4: INICIAR ORDEN DE COMPRA ===
2025-12-02 18:34:29,418 - INFO - Buscando botón 'Comience una Orden de Compra'...
2025-12-02 18:34:29,491 - INFO - Screenshot capturado: C1_02_dashboard.png
2025-12-02 18:34:29,492 - INFO - Intentando selector 1: /html/body/div[2]/div[4]/div/div/div[1]/a[1]/input
2025-12-02 18:34:29,492 - INFO - Esperando que botón orden selector 1 sea visible (timeout: 300s, se reinicia con progreso)...
2025-12-02 18:34:29,533 - INFO - PROGRESO: botón orden selector 1 visible - REINICIANDO timeout
2025-12-02 18:34:29,561 - INFO - OK - botón orden selector 1 listo después de 0.0s
2025-12-02 18:34:30,098 - INFO - Click exitoso en botón orden selector 1
2025-12-02 18:34:31,146 - INFO - Screenshot capturado: C1_04_formulario_orden.png
2025-12-02 18:34:31,147 - INFO - Click realizado en botón orden
2025-12-02 18:34:31,147 - INFO - Configuración - Garantías: NO, Descuento: SI, Créditos: NO, Entrega: NO, Tipo Entrega: cliente llevará
2025-12-02 18:34:31,148 - INFO - === PASO 5: EXTRAER NÚMERO COTIZACIÓN ===
2025-12-02 18:34:31,148 - INFO - === EXTRAYENDO NÚMERO DE COTIZACIÓN INICIAL ===
2025-12-02 18:34:33,199 - INFO - Número encontrado con selector: li.quotationNumberTitle p:last-child
2025-12-02 18:34:33,200 - INFO - Número de cotización: 11609222250005
2025-12-02 18:34:33,200 - INFO - Número base extraído: 11609222250005
2025-12-02 18:34:33,201 - INFO - Número único generado: 11609222250005_3200
2025-12-02 18:34:33,201 - INFO - === PASO 6: AGREGAR ITEMS ============================================================================
2025-12-02 18:34:33,202 - INFO - --- ITEM 1/2 ---
2025-12-02 18:34:33,202 - INFO - === MÓDULO 3: AGREGAR ITEM 1 ===
2025-12-02 18:34:33,203 - INFO - Código: 461431200016, Cantidad: 1
2025-12-02 18:34:33,204 - INFO - Esperando que campo búsqueda item 1 sea visible (timeout: 300s, se reinicia con progreso)...
2025-12-02 18:34:33,245 - INFO - PROGRESO: campo búsqueda item 1 visible - REINICIANDO timeout
2025-12-02 18:34:33,267 - INFO - OK - campo búsqueda item 1 listo después de 0.0s
2025-12-02 18:34:33,338 - INFO - Código 461431200016 ingresado en campo búsqueda
2025-12-02 18:34:33,358 - INFO - Enter enviado para búsqueda
2025-12-02 18:34:35,247 - INFO - Item 461431200016 procesado correctamente
2025-12-02 18:34:35,248 - INFO - === MÓDULO 4: GARANTÍAS ITEM 1 ===
2025-12-02 18:34:35,248 - INFO - Garantía: RECHAZAR
2025-12-02 18:34:36,324 - INFO - Screenshot capturado: C1_07_pantalla_garantias_01.png
2025-12-02 18:34:42,358 - INFO - Botón No Thanks encontrado - rechazando garantía
2025-12-02 18:34:42,377 - INFO - Click en No Thanks
2025-12-02 18:34:43,438 - INFO - Screenshot capturado: C1_06_item_con_garantias_procesadas_01.png
2025-12-02 18:34:43,439 - INFO - Garantías procesadas para item 1
2025-12-02 18:34:43,439 - INFO - --- ITEM 2/2 ---
2025-12-02 18:34:43,440 - INFO - === MÓDULO 3: AGREGAR ITEM 2 ===
2025-12-02 18:34:43,440 - INFO - Código: 439766400005, Cantidad: 1
2025-12-02 18:34:43,441 - INFO - Esperando que campo búsqueda item 2 sea visible (timeout: 300s, se reinicia con progreso)...
2025-12-02 18:34:43,469 - INFO - PROGRESO: campo búsqueda item 2 visible - REINICIANDO timeout
2025-12-02 18:34:43,494 - INFO - OK - campo búsqueda item 2 listo después de 0.0s
2025-12-02 18:34:43,541 - INFO - Código 439766400005 ingresado en campo búsqueda
2025-12-02 18:34:43,561 - INFO - Enter enviado para búsqueda
2025-12-02 18:34:46,199 - INFO - Mensaje informativo (ignorado): Error
close
ERROR TO OBTAIN THE PARAMATER: permitirNoInventariadosSeguros...
2025-12-02 18:34:46,200 - INFO - Item 439766400005 procesado correctamente
2025-12-02 18:34:46,200 - INFO - === MÓDULO 4: GARANTÍAS ITEM 2 ===
2025-12-02 18:34:46,200 - INFO - Garantía: RECHAZAR
2025-12-02 18:34:47,260 - INFO - Screenshot capturado: C1_07_pantalla_garantias_02.png
2025-12-02 18:34:53,290 - INFO - Botón No Thanks encontrado - rechazando garantía
2025-12-02 18:34:53,307 - INFO - Click en No Thanks
2025-12-02 18:34:54,366 - INFO - Screenshot capturado: C1_06_item_con_garantias_procesadas_02.png
2025-12-02 18:34:54,366 - INFO - Garantías procesadas para item 2
2025-12-02 18:34:54,366 - INFO - === PASO 7: ENLAZAR CUSTOMER ==========================================================================
2025-12-02 18:34:54,367 - INFO - === MÓDULO 5: ENLAZAR CUSTOMER ===
2025-12-02 18:34:54,420 - INFO - Screenshot capturado: C1_12_antes_enlazar_cliente.png
2025-12-02 18:34:59,446 - INFO - Enlace cliente encontrado: /html/body/div[2]/div[3]/div[28]/div[3]/h4/a
2025-12-02 18:34:59,460 - INFO - Click en enlace cliente
2025-12-02 18:35:02,515 - INFO - Screenshot capturado: C1_13_formulario_cliente.png
2025-12-02 18:35:03,829 - INFO - Cliente 057874256 ingresado
2025-12-02 18:35:04,883 - INFO - Screenshot capturado: C1_14_cliente_ingresado.png
2025-12-02 18:35:07,228 - INFO - Primer Next
2025-12-02 18:35:10,299 - INFO - Screenshot capturado: C1_15_primer_next.png
2025-12-02 18:35:15,497 - INFO - Segundo Next
2025-12-02 18:35:18,559 - INFO - Screenshot capturado: C1_16_segundo_next.png
2025-12-02 18:35:18,560 - INFO - Customer enlazado exitosamente
2025-12-02 18:35:18,560 - INFO - === PASO 10: CRÉDITOS =============================================================================
2025-12-02 18:35:18,560 - INFO - === MÓDULO 8: APLICAR DESCUENTO EMPLEADO ==========================================================
2025-12-02 18:35:18,818 - INFO - Se abrió el menú de opciones de transacción
2025-12-02 18:35:19,079 - INFO - Se seleccionó la opción de descuento de empleado
2025-12-02 18:35:19,080 - INFO - Buscando modal override vía JavaScript en todos los iframes...
2025-12-02 18:35:19,104 - INFO - YES del override presionado correctamente vía JavaScript
2025-12-02 18:40:19,336 - ERROR - Error general: Message: TypeError: browsingContext.currentWindowGlobal is null
Stacktrace:
getMarionetteCommandsActorProxy/get/<@chrome://remote/content/marionette/actors/MarionetteCommandsParent.sys.mjs:311:17
observe@resource://gre/modules/AsyncShutdown.sys.mjs:575:17

2025-12-02 18:40:19,336 - INFO - 📋 Ver detalles del error en: logs\automatizacion_20251202.log
2025-12-02 18:40:19,336 - INFO - Limpiando recursos...
2025-12-02 18:40:19,337 - INFO - Eliminando screenshots residuales...
2025-12-02 18:40:19,353 - INFO - 12 screenshots residuales eliminados
2025-12-02 18:40:21,493 - INFO - Navegador cerrado
2025-12-02 18:40:21,494 - INFO - Limpieza de recursos completada
2025-12-02 18:40:21,494 - INFO - === AUTOMATIZACIÓN FINALIZADA ===
2025-12-02 18:40:26,424 - INFO - Log guardándose en: logs\automatizacion_20251202.log
2025-12-02 18:40:26,425 - INFO -  === AUTOMATIZACIÓN MODULAR INICIADA ===
2025-12-02 18:40:26,425 - INFO - Archivo: productos.xlsx
2025-12-02 18:40:26,425 - INFO - === PASO 1: LECTURA EXCEL ===
2025-12-02 18:40:26,426 - INFO - === MÓDULO 1: LECTURA EXCEL ===
2025-12-02 18:40:26,426 - INFO - Archivo: productos.xlsx
2025-12-02 18:40:26,503 - INFO - Columnas encontradas: ['PROCESS', 'cotizacion_id', 'codigo', 'descripcion', 'cantidad', 'con_garantia', 'descuento_empleado', 'con_creditos', 'entrega_cliente', 'COTIZACION', 'ESTADO', 'FECHA_PROCESADO', 'ARCHIVO_WORD', 'tipo_entrega', 'empleado_id']
2025-12-02 18:40:26,507 - INFO - Se encontraron 2 cotizaciones
2025-12-02 18:40:26,508 - INFO - Cotización 1: 2 productos
2025-12-02 18:40:26,508 - INFO - Cotización 2: 3 productos
2025-12-02 18:40:26,508 - INFO - === PASO 2: INICIALIZAR NAVEGADOR ===
2025-12-02 18:40:32,616 - INFO - Navegador Firefox inicializado con configuración limpia
2025-12-02 18:40:32,617 - INFO - === PASO 3: INICIAR SESIÓN ===
2025-12-02 18:40:32,617 - INFO - === MÓDULO 2: INICIO SESIÓN ===
2025-12-02 18:40:36,803 - INFO - Accediendo a: http://ursvtols8b3c:8080/engage-unicomer-web/
2025-12-02 18:40:36,890 - INFO - Credenciales ingresadas
2025-12-02 18:40:40,492 - INFO - Formulario enviado
2025-12-02 18:40:42,554 - INFO - Screenshot capturado: 01_login_resultado.png
2025-12-02 18:40:42,563 - INFO - Login exitoso - URL cambió
2025-12-02 18:40:42,563 - INFO - 
🔄 PROCESANDO COTIZACIÓN 1/2: 1
2025-12-02 18:40:42,564 - INFO - === PASO 4: INICIAR ORDEN DE COMPRA ===
2025-12-02 18:40:42,564 - INFO - Buscando botón 'Comience una Orden de Compra'...
2025-12-02 18:40:42,646 - INFO - Screenshot capturado: C1_02_dashboard.png
2025-12-02 18:40:42,647 - INFO - Intentando selector 1: /html/body/div[2]/div[4]/div/div/div[1]/a[1]/input
2025-12-02 18:40:42,647 - INFO - Esperando que botón orden selector 1 sea visible (timeout: 300s, se reinicia con progreso)...
2025-12-02 18:40:42,751 - INFO - PROGRESO: botón orden selector 1 visible - REINICIANDO timeout
2025-12-02 18:40:42,769 - INFO - OK - botón orden selector 1 listo después de 0.0s
2025-12-02 18:40:43,301 - INFO - Click exitoso en botón orden selector 1
2025-12-02 18:40:44,343 - INFO - Screenshot capturado: C1_04_formulario_orden.png
2025-12-02 18:40:44,343 - INFO - Click realizado en botón orden
2025-12-02 18:40:44,344 - INFO - Configuración - Garantías: NO, Descuento: SI, Créditos: NO, Entrega: NO, Tipo Entrega: cliente llevará
2025-12-02 18:40:44,344 - INFO - === PASO 5: EXTRAER NÚMERO COTIZACIÓN ===
2025-12-02 18:40:44,344 - INFO - === EXTRAYENDO NÚMERO DE COTIZACIÓN INICIAL ===
2025-12-02 18:40:46,383 - INFO - Número encontrado con selector: li.quotationNumberTitle p:last-child
2025-12-02 18:40:46,383 - INFO - Número de cotización: 11609223250005
2025-12-02 18:40:46,384 - INFO - Número base extraído: 11609223250005
2025-12-02 18:40:46,384 - INFO - Número único generado: 11609223250005_6384
2025-12-02 18:40:46,385 - INFO - === PASO 6: AGREGAR ITEMS ============================================================================
2025-12-02 18:40:46,386 - INFO - --- ITEM 1/2 ---
2025-12-02 18:40:46,387 - INFO - === MÓDULO 3: AGREGAR ITEM 1 ===
2025-12-02 18:40:46,388 - INFO - Código: 461431200016, Cantidad: 1
2025-12-02 18:40:46,389 - INFO - Esperando que campo búsqueda item 1 sea visible (timeout: 300s, se reinicia con progreso)...
2025-12-02 18:40:46,409 - INFO - PROGRESO: campo búsqueda item 1 visible - REINICIANDO timeout
2025-12-02 18:40:46,435 - INFO - OK - campo búsqueda item 1 listo después de 0.0s
2025-12-02 18:40:46,488 - INFO - Código 461431200016 ingresado en campo búsqueda
2025-12-02 18:40:46,508 - INFO - Enter enviado para búsqueda
2025-12-02 18:40:47,974 - INFO - Mensaje informativo (ignorado): Error
close
ERROR TO OBTAIN THE PARAMATER: permitirNoInventariadosSeguros...
2025-12-02 18:40:47,975 - INFO - Item 461431200016 procesado correctamente
2025-12-02 18:40:47,975 - INFO - === MÓDULO 4: GARANTÍAS ITEM 1 ===
2025-12-02 18:40:47,975 - INFO - Garantía: RECHAZAR
2025-12-02 18:40:49,053 - INFO - Screenshot capturado: C1_07_pantalla_garantias_01.png
2025-12-02 18:40:55,076 - INFO - Botón No Thanks encontrado - rechazando garantía
2025-12-02 18:40:55,090 - INFO - Click en No Thanks
2025-12-02 18:40:56,141 - INFO - Screenshot capturado: C1_06_item_con_garantias_procesadas_01.png
2025-12-02 18:40:56,142 - INFO - Garantías procesadas para item 1
2025-12-02 18:40:56,142 - INFO - --- ITEM 2/2 ---
2025-12-02 18:40:56,142 - INFO - === MÓDULO 3: AGREGAR ITEM 2 ===
2025-12-02 18:40:56,142 - INFO - Código: 439766400005, Cantidad: 1
2025-12-02 18:40:56,142 - INFO - Esperando que campo búsqueda item 2 sea visible (timeout: 300s, se reinicia con progreso)...
2025-12-02 18:40:56,166 - INFO - PROGRESO: campo búsqueda item 2 visible - REINICIANDO timeout
2025-12-02 18:40:56,192 - INFO - OK - campo búsqueda item 2 listo después de 0.0s
2025-12-02 18:40:56,250 - INFO - Código 439766400005 ingresado en campo búsqueda
2025-12-02 18:40:56,261 - INFO - Enter enviado para búsqueda
2025-12-02 18:40:58,524 - INFO - Mensaje informativo (ignorado): Error
close
ERROR TO OBTAIN THE PARAMATER: permitirNoInventariadosSeguros...
2025-12-02 18:40:58,525 - INFO - Item 439766400005 procesado correctamente
2025-12-02 18:40:58,526 - INFO - === MÓDULO 4: GARANTÍAS ITEM 2 ===
2025-12-02 18:40:58,526 - INFO - Garantía: RECHAZAR
2025-12-02 18:40:59,580 - INFO - Screenshot capturado: C1_07_pantalla_garantias_02.png
2025-12-02 18:41:05,611 - INFO - Botón No Thanks encontrado - rechazando garantía
2025-12-02 18:41:05,633 - INFO - Click en No Thanks
2025-12-02 18:41:06,690 - INFO - Screenshot capturado: C1_06_item_con_garantias_procesadas_02.png
2025-12-02 18:41:06,690 - INFO - Garantías procesadas para item 2
2025-12-02 18:41:06,691 - INFO - === PASO 7: ENLAZAR CUSTOMER ==========================================================================
2025-12-02 18:41:06,691 - INFO - === MÓDULO 5: ENLAZAR CUSTOMER ===
2025-12-02 18:41:06,751 - INFO - Screenshot capturado: C1_12_antes_enlazar_cliente.png
2025-12-02 18:41:11,791 - INFO - Enlace cliente encontrado: /html/body/div[2]/div[3]/div[28]/div[3]/h4/a
2025-12-02 18:41:11,820 - INFO - Click en enlace cliente
2025-12-02 18:41:14,896 - INFO - Screenshot capturado: C1_13_formulario_cliente.png
2025-12-02 18:41:16,241 - INFO - Cliente 057874256 ingresado
2025-12-02 18:41:17,307 - INFO - Screenshot capturado: C1_14_cliente_ingresado.png
2025-12-02 18:41:19,232 - INFO - Primer Next
2025-12-02 18:41:22,296 - INFO - Screenshot capturado: C1_15_primer_next.png
2025-12-02 18:41:26,881 - INFO - Segundo Next
2025-12-02 18:41:29,929 - INFO - Screenshot capturado: C1_16_segundo_next.png
2025-12-02 18:41:29,929 - INFO - Customer enlazado exitosamente
2025-12-02 18:41:29,930 - INFO - === PASO 10: CRÉDITOS =============================================================================
2025-12-02 18:41:29,930 - INFO - === MÓDULO 8: APLICAR DESCUENTO EMPLEADO ==========================================================
2025-12-02 18:41:30,173 - INFO - Se abrió el menú de opciones
2025-12-02 18:41:30,406 - INFO - Se eligió 'Descuento de empleado'
2025-12-02 18:41:30,415 - ERROR - Error general: Message: ReferenceError: buscarEnIframes is not defined
Stacktrace:
@http://ursvtols8b3c:8080/engage-unicomer-web/saleOrder/index:2:7
@http://ursvtols8b3c:8080/engage-unicomer-web/saleOrder/index:3:8

2025-12-02 18:41:30,415 - INFO - 📋 Ver detalles del error en: logs\automatizacion_20251202.log
2025-12-02 18:41:30,416 - INFO - Limpiando recursos...
2025-12-02 18:41:30,416 - INFO - Eliminando screenshots residuales...
2025-12-02 18:41:30,435 - INFO - 12 screenshots residuales eliminados
2025-12-02 18:41:33,485 - INFO - Navegador cerrado
2025-12-02 18:41:33,485 - INFO - Limpieza de recursos completada
2025-12-02 18:41:33,485 - INFO - === AUTOMATIZACIÓN FINALIZADA ===
2025-12-02 18:42:26,915 - INFO - Log guardándose en: logs\automatizacion_20251202.log
2025-12-02 18:42:26,916 - INFO -  === AUTOMATIZACIÓN MODULAR INICIADA ===
2025-12-02 18:42:26,916 - INFO - Archivo: productos.xlsx
2025-12-02 18:42:26,916 - INFO - === PASO 1: LECTURA EXCEL ===
2025-12-02 18:42:26,916 - INFO - === MÓDULO 1: LECTURA EXCEL ===
2025-12-02 18:42:26,916 - INFO - Archivo: productos.xlsx
2025-12-02 18:42:26,944 - INFO - Columnas encontradas: ['PROCESS', 'cotizacion_id', 'codigo', 'descripcion', 'cantidad', 'con_garantia', 'descuento_empleado', 'con_creditos', 'entrega_cliente', 'COTIZACION', 'ESTADO', 'FECHA_PROCESADO', 'ARCHIVO_WORD', 'tipo_entrega', 'empleado_id']
2025-12-02 18:42:26,947 - INFO - Se encontraron 2 cotizaciones
2025-12-02 18:42:26,947 - INFO - Cotización 1: 2 productos
2025-12-02 18:42:26,948 - INFO - Cotización 2: 3 productos
2025-12-02 18:42:26,948 - INFO - === PASO 2: INICIALIZAR NAVEGADOR ===
2025-12-02 18:42:34,515 - INFO - Navegador Firefox inicializado con configuración limpia
2025-12-02 18:42:34,515 - INFO - === PASO 3: INICIAR SESIÓN ===
2025-12-02 18:42:34,515 - INFO - === MÓDULO 2: INICIO SESIÓN ===
2025-12-02 18:42:38,094 - INFO - Accediendo a: http://ursvtols8b3c:8080/engage-unicomer-web/
2025-12-02 18:42:38,176 - INFO - Credenciales ingresadas
2025-12-02 18:42:40,109 - INFO - Formulario enviado
2025-12-02 18:42:42,172 - INFO - Screenshot capturado: 01_login_resultado.png
2025-12-02 18:42:42,182 - INFO - Login exitoso - URL cambió
2025-12-02 18:42:42,185 - INFO - 
🔄 PROCESANDO COTIZACIÓN 1/2: 1
2025-12-02 18:42:42,187 - INFO - === PASO 4: INICIAR ORDEN DE COMPRA ===
2025-12-02 18:42:42,188 - INFO - Buscando botón 'Comience una Orden de Compra'...
2025-12-02 18:42:42,258 - INFO - Screenshot capturado: C1_02_dashboard.png
2025-12-02 18:42:42,259 - INFO - Intentando selector 1: /html/body/div[2]/div[4]/div/div/div[1]/a[1]/input
2025-12-02 18:42:42,259 - INFO - Esperando que botón orden selector 1 sea visible (timeout: 300s, se reinicia con progreso)...
2025-12-02 18:42:42,300 - INFO - PROGRESO: botón orden selector 1 visible - REINICIANDO timeout
2025-12-02 18:42:42,322 - INFO - OK - botón orden selector 1 listo después de 0.0s
2025-12-02 18:42:42,863 - INFO - Click exitoso en botón orden selector 1
2025-12-02 18:42:43,927 - INFO - Screenshot capturado: C1_04_formulario_orden.png
2025-12-02 18:42:43,927 - INFO - Click realizado en botón orden
2025-12-02 18:42:43,928 - INFO - Configuración - Garantías: NO, Descuento: SI, Créditos: NO, Entrega: NO, Tipo Entrega: cliente llevará
2025-12-02 18:42:43,928 - INFO - === PASO 5: EXTRAER NÚMERO COTIZACIÓN ===
2025-12-02 18:42:43,929 - INFO - === EXTRAYENDO NÚMERO DE COTIZACIÓN INICIAL ===
2025-12-02 18:42:45,984 - INFO - Número encontrado con selector: li.quotationNumberTitle p:last-child
2025-12-02 18:42:45,985 - INFO - Número de cotización: 11609224250004
2025-12-02 18:42:45,985 - INFO - Número base extraído: 11609224250004
2025-12-02 18:42:45,986 - INFO - Número único generado: 11609224250004_5985
2025-12-02 18:42:45,986 - INFO - === PASO 6: AGREGAR ITEMS ============================================================================
2025-12-02 18:42:45,986 - INFO - --- ITEM 1/2 ---
2025-12-02 18:42:45,987 - INFO - === MÓDULO 3: AGREGAR ITEM 1 ===
2025-12-02 18:42:45,987 - INFO - Código: 461431200016, Cantidad: 1
2025-12-02 18:42:45,988 - INFO - Esperando que campo búsqueda item 1 sea visible (timeout: 300s, se reinicia con progreso)...
2025-12-02 18:42:46,022 - INFO - PROGRESO: campo búsqueda item 1 visible - REINICIANDO timeout
2025-12-02 18:42:46,045 - INFO - OK - campo búsqueda item 1 listo después de 0.0s
2025-12-02 18:42:46,099 - INFO - Código 461431200016 ingresado en campo búsqueda
2025-12-02 18:42:46,117 - INFO - Enter enviado para búsqueda
2025-12-02 18:42:47,688 - INFO - Item 461431200016 procesado correctamente
2025-12-02 18:42:47,689 - INFO - === MÓDULO 4: GARANTÍAS ITEM 1 ===
2025-12-02 18:42:47,690 - INFO - Garantía: RECHAZAR
2025-12-02 18:42:48,752 - INFO - Screenshot capturado: C1_07_pantalla_garantias_01.png
2025-12-02 18:42:54,788 - INFO - Botón No Thanks encontrado - rechazando garantía
2025-12-02 18:42:54,808 - INFO - Click en No Thanks
2025-12-02 18:42:55,865 - INFO - Screenshot capturado: C1_06_item_con_garantias_procesadas_01.png
2025-12-02 18:42:55,866 - INFO - Garantías procesadas para item 1
2025-12-02 18:42:55,866 - INFO - --- ITEM 2/2 ---
2025-12-02 18:42:55,867 - INFO - === MÓDULO 3: AGREGAR ITEM 2 ===
2025-12-02 18:42:55,867 - INFO - Código: 439766400005, Cantidad: 1
2025-12-02 18:42:55,868 - INFO - Esperando que campo búsqueda item 2 sea visible (timeout: 300s, se reinicia con progreso)...
2025-12-02 18:42:55,895 - INFO - PROGRESO: campo búsqueda item 2 visible - REINICIANDO timeout
2025-12-02 18:42:55,920 - INFO - OK - campo búsqueda item 2 listo después de 0.0s
2025-12-02 18:42:55,970 - INFO - Código 439766400005 ingresado en campo búsqueda
2025-12-02 18:42:55,986 - INFO - Enter enviado para búsqueda
2025-12-02 18:42:58,296 - INFO - Mensaje informativo (ignorado): Error
close
ERROR TO OBTAIN THE PARAMATER: permitirNoInventariadosSeguros...
2025-12-02 18:42:58,297 - INFO - Item 439766400005 procesado correctamente
2025-12-02 18:42:58,297 - INFO - === MÓDULO 4: GARANTÍAS ITEM 2 ===
2025-12-02 18:42:58,298 - INFO - Garantía: RECHAZAR
2025-12-02 18:42:59,362 - INFO - Screenshot capturado: C1_07_pantalla_garantias_02.png
2025-12-02 18:43:05,408 - INFO - Botón No Thanks encontrado - rechazando garantía
2025-12-02 18:43:05,426 - INFO - Click en No Thanks
2025-12-02 18:43:06,478 - INFO - Screenshot capturado: C1_06_item_con_garantias_procesadas_02.png
2025-12-02 18:43:06,478 - INFO - Garantías procesadas para item 2
2025-12-02 18:43:06,478 - INFO - === PASO 7: ENLAZAR CUSTOMER ==========================================================================
2025-12-02 18:43:06,478 - INFO - === MÓDULO 5: ENLAZAR CUSTOMER ===
2025-12-02 18:43:06,525 - INFO - Screenshot capturado: C1_12_antes_enlazar_cliente.png
2025-12-02 18:43:11,555 - INFO - Enlace cliente encontrado: /html/body/div[2]/div[3]/div[28]/div[3]/h4/a
2025-12-02 18:43:11,571 - INFO - Click en enlace cliente
2025-12-02 18:43:14,624 - INFO - Screenshot capturado: C1_13_formulario_cliente.png
2025-12-02 18:43:15,906 - INFO - Cliente 057874256 ingresado
2025-12-02 18:43:16,956 - INFO - Screenshot capturado: C1_14_cliente_ingresado.png
2025-12-02 18:43:20,757 - INFO - Primer Next
2025-12-02 18:43:23,811 - INFO - Screenshot capturado: C1_15_primer_next.png
2025-12-02 18:43:27,993 - INFO - Segundo Next
2025-12-02 18:43:31,046 - INFO - Screenshot capturado: C1_16_segundo_next.png
2025-12-02 18:43:31,046 - INFO - Customer enlazado exitosamente
2025-12-02 18:43:31,046 - INFO - === PASO 10: CRÉDITOS =============================================================================
2025-12-02 18:43:31,047 - INFO - === MÓDULO 8: APLICAR DESCUENTO EMPLEADO ==========================================================
2025-12-02 18:43:31,294 - INFO - Se abrió el menú de opciones de transacción
2025-12-02 18:43:31,544 - INFO - Se seleccionó la opción de descuento de empleado
2025-12-02 18:43:31,545 - INFO - Buscando modal override vía JavaScript en todos los iframes...
2025-12-02 18:43:31,561 - INFO - YES del override presionado correctamente vía JavaScript
2025-12-02 18:45:30,675 - ERROR - Error general: Message: TypeError: browsingContext.currentWindowGlobal is null
Stacktrace:
getMarionetteCommandsActorProxy/get/<@chrome://remote/content/marionette/actors/MarionetteCommandsParent.sys.mjs:311:17
observe@resource://gre/modules/AsyncShutdown.sys.mjs:575:17

2025-12-02 18:45:30,676 - INFO - 📋 Ver detalles del error en: logs\automatizacion_20251202.log
2025-12-02 18:45:30,677 - INFO - Limpiando recursos...
2025-12-02 18:45:30,678 - INFO - Eliminando screenshots residuales...
2025-12-02 18:45:30,699 - INFO - 12 screenshots residuales eliminados
2025-12-02 18:45:32,842 - INFO - Navegador cerrado
2025-12-02 18:45:32,855 - INFO - Limpieza de recursos completada
2025-12-02 18:45:32,855 - INFO - === AUTOMATIZACIÓN FINALIZADA ===
2025-12-02 18:45:40,513 - INFO - Log guardándose en: logs\automatizacion_20251202.log
2025-12-02 18:45:40,513 - INFO -  === AUTOMATIZACIÓN MODULAR INICIADA ===
2025-12-02 18:45:40,513 - INFO - Archivo: productos.xlsx
2025-12-02 18:45:40,514 - INFO - === PASO 1: LECTURA EXCEL ===
2025-12-02 18:45:40,514 - INFO - === MÓDULO 1: LECTURA EXCEL ===
2025-12-02 18:45:40,514 - INFO - Archivo: productos.xlsx
2025-12-02 18:45:40,597 - INFO - Columnas encontradas: ['PROCESS', 'cotizacion_id', 'codigo', 'descripcion', 'cantidad', 'con_garantia', 'descuento_empleado', 'con_creditos', 'entrega_cliente', 'COTIZACION', 'ESTADO', 'FECHA_PROCESADO', 'ARCHIVO_WORD', 'tipo_entrega', 'empleado_id']
2025-12-02 18:45:40,603 - INFO - Se encontraron 2 cotizaciones
2025-12-02 18:45:40,603 - INFO - Cotización 1: 2 productos
2025-12-02 18:45:40,603 - INFO - Cotización 2: 3 productos
2025-12-02 18:45:40,603 - INFO - === PASO 2: INICIALIZAR NAVEGADOR ===
2025-12-02 18:45:49,073 - INFO - Navegador Firefox inicializado con configuración limpia
2025-12-02 18:45:49,074 - INFO - === PASO 3: INICIAR SESIÓN ===
2025-12-02 18:45:49,078 - INFO - === MÓDULO 2: INICIO SESIÓN ===
2025-12-02 18:45:54,724 - INFO - Accediendo a: http://ursvtols8b3c:8080/engage-unicomer-web/
2025-12-02 18:45:54,811 - INFO - Credenciales ingresadas
2025-12-02 18:45:56,544 - INFO - Formulario enviado
2025-12-02 18:45:58,614 - INFO - Screenshot capturado: 01_login_resultado.png
2025-12-02 18:45:58,629 - INFO - Login exitoso - URL cambió
2025-12-02 18:45:58,629 - INFO - 
🔄 PROCESANDO COTIZACIÓN 1/2: 1
2025-12-02 18:45:58,630 - INFO - === PASO 4: INICIAR ORDEN DE COMPRA ===
2025-12-02 18:45:58,630 - INFO - Buscando botón 'Comience una Orden de Compra'...
2025-12-02 18:45:58,701 - INFO - Screenshot capturado: C1_02_dashboard.png
2025-12-02 18:45:58,701 - INFO - Intentando selector 1: /html/body/div[2]/div[4]/div/div/div[1]/a[1]/input
2025-12-02 18:45:58,701 - INFO - Esperando que botón orden selector 1 sea visible (timeout: 300s, se reinicia con progreso)...
2025-12-02 18:45:58,854 - INFO - PROGRESO: botón orden selector 1 visible - REINICIANDO timeout
2025-12-02 18:45:58,872 - INFO - OK - botón orden selector 1 listo después de 0.0s
2025-12-02 18:45:59,412 - INFO - Click exitoso en botón orden selector 1
2025-12-02 18:46:00,472 - INFO - Screenshot capturado: C1_04_formulario_orden.png
2025-12-02 18:46:00,472 - INFO - Click realizado en botón orden
2025-12-02 18:46:00,473 - INFO - Configuración - Garantías: NO, Descuento: SI, Créditos: NO, Entrega: NO, Tipo Entrega: cliente llevará
2025-12-02 18:46:00,473 - INFO - === PASO 5: EXTRAER NÚMERO COTIZACIÓN ===
2025-12-02 18:46:00,473 - INFO - === EXTRAYENDO NÚMERO DE COTIZACIÓN INICIAL ===
2025-12-02 18:46:02,533 - INFO - Número encontrado con selector: li.quotationNumberTitle p:last-child
2025-12-02 18:46:02,533 - INFO - Número de cotización: 11609225250005
2025-12-02 18:46:02,534 - INFO - Número base extraído: 11609225250005
2025-12-02 18:46:02,534 - INFO - Número único generado: 11609225250005_2533
2025-12-02 18:46:02,535 - INFO - === PASO 6: AGREGAR ITEMS ============================================================================
2025-12-02 18:46:02,536 - INFO - --- ITEM 1/2 ---
2025-12-02 18:46:02,536 - INFO - === MÓDULO 3: AGREGAR ITEM 1 ===
2025-12-02 18:46:02,537 - INFO - Código: 461431200016, Cantidad: 1
2025-12-02 18:46:02,537 - INFO - Esperando que campo búsqueda item 1 sea visible (timeout: 300s, se reinicia con progreso)...
2025-12-02 18:46:02,562 - INFO - PROGRESO: campo búsqueda item 1 visible - REINICIANDO timeout
2025-12-02 18:46:02,591 - INFO - OK - campo búsqueda item 1 listo después de 0.0s
2025-12-02 18:46:02,641 - INFO - Código 461431200016 ingresado en campo búsqueda
2025-12-02 18:46:02,665 - INFO - Enter enviado para búsqueda
2025-12-02 18:46:04,326 - INFO - Item 461431200016 procesado correctamente
2025-12-02 18:46:04,327 - INFO - === MÓDULO 4: GARANTÍAS ITEM 1 ===
2025-12-02 18:46:04,327 - INFO - Garantía: RECHAZAR
2025-12-02 18:46:05,426 - INFO - Screenshot capturado: C1_07_pantalla_garantias_01.png
2025-12-02 18:46:11,452 - INFO - Botón No Thanks encontrado - rechazando garantía
2025-12-02 18:46:11,474 - INFO - Click en No Thanks
2025-12-02 18:46:12,529 - INFO - Screenshot capturado: C1_06_item_con_garantias_procesadas_01.png
2025-12-02 18:46:12,530 - INFO - Garantías procesadas para item 1
2025-12-02 18:46:12,530 - INFO - --- ITEM 2/2 ---
2025-12-02 18:46:12,531 - INFO - === MÓDULO 3: AGREGAR ITEM 2 ===
2025-12-02 18:46:12,532 - INFO - Código: 439766400005, Cantidad: 1
2025-12-02 18:46:12,532 - INFO - Esperando que campo búsqueda item 2 sea visible (timeout: 300s, se reinicia con progreso)...
2025-12-02 18:46:12,575 - INFO - PROGRESO: campo búsqueda item 2 visible - REINICIANDO timeout
2025-12-02 18:46:12,595 - INFO - OK - campo búsqueda item 2 listo después de 0.0s
2025-12-02 18:46:12,630 - INFO - Código 439766400005 ingresado en campo búsqueda
2025-12-02 18:46:12,665 - INFO - Enter enviado para búsqueda
2025-12-02 18:46:15,065 - INFO - Mensaje informativo (ignorado): Error
close
ERROR TO OBTAIN THE PARAMATER: permitirNoInventariadosSeguros...
2025-12-02 18:46:15,065 - INFO - Item 439766400005 procesado correctamente
2025-12-02 18:46:15,066 - INFO - === MÓDULO 4: GARANTÍAS ITEM 2 ===
2025-12-02 18:46:15,067 - INFO - Garantía: RECHAZAR
2025-12-02 18:46:16,128 - INFO - Screenshot capturado: C1_07_pantalla_garantias_02.png
2025-12-02 18:46:22,160 - INFO - Botón No Thanks encontrado - rechazando garantía
2025-12-02 18:46:22,204 - INFO - Click en No Thanks
2025-12-02 18:46:23,253 - INFO - Screenshot capturado: C1_06_item_con_garantias_procesadas_02.png
2025-12-02 18:46:23,253 - INFO - Garantías procesadas para item 2
2025-12-02 18:46:23,254 - INFO - === PASO 7: ENLAZAR CUSTOMER ==========================================================================
2025-12-02 18:46:23,254 - INFO - === MÓDULO 5: ENLAZAR CUSTOMER ===
2025-12-02 18:46:23,304 - INFO - Screenshot capturado: C1_12_antes_enlazar_cliente.png
2025-12-02 18:46:28,345 - INFO - Enlace cliente encontrado: /html/body/div[2]/div[3]/div[28]/div[3]/h4/a
2025-12-02 18:46:28,369 - INFO - Click en enlace cliente
2025-12-02 18:46:31,430 - INFO - Screenshot capturado: C1_13_formulario_cliente.png
2025-12-02 18:46:32,743 - INFO - Cliente 057874256 ingresado
2025-12-02 18:46:33,802 - INFO - Screenshot capturado: C1_14_cliente_ingresado.png
2025-12-02 18:46:35,708 - INFO - Primer Next
2025-12-02 18:46:38,770 - INFO - Screenshot capturado: C1_15_primer_next.png
2025-12-02 18:46:42,287 - INFO - Segundo Next
2025-12-02 18:46:45,340 - INFO - Screenshot capturado: C1_16_segundo_next.png
2025-12-02 18:46:45,340 - INFO - Customer enlazado exitosamente
2025-12-02 18:46:45,341 - INFO - === PASO 10: CRÉDITOS =============================================================================
2025-12-02 18:46:45,341 - INFO - === MÓDULO 8: APLICAR DESCUENTO EMPLEADO ==========================================================
2025-12-02 18:46:45,598 - INFO - Se abrió el menú de opciones de transacción
2025-12-02 18:46:45,848 - INFO - Se seleccionó la opción de descuento de empleado
2025-12-02 18:46:45,849 - INFO - Buscando modal override vía JavaScript en todos los iframes...
2025-12-02 18:46:45,868 - INFO - YES del override presionado correctamente vía JavaScript
2025-12-02 18:46:46,434 - INFO - ID de empleado ingresado
2025-12-02 18:46:46,582 - INFO - Screenshot capturado: C1_descuento_empleado
2025-12-02 18:46:48,882 - INFO - Click en aplicar descuento
2025-12-02 18:51:48,964 - ERROR - Error general: Message: 

2025-12-02 18:51:48,965 - INFO - 📋 Ver detalles del error en: logs\automatizacion_20251202.log
2025-12-02 18:51:48,966 - INFO - Limpiando recursos...
2025-12-02 18:51:48,967 - INFO - Eliminando screenshots residuales...
2025-12-02 18:51:48,983 - INFO - 13 screenshots residuales eliminados
2025-12-02 18:51:51,791 - INFO - Navegador cerrado
2025-12-02 18:51:51,792 - INFO - Limpieza de recursos completada
2025-12-02 18:51:51,792 - INFO - === AUTOMATIZACIÓN FINALIZADA ===
2025-12-02 18:59:18,858 - INFO - Log guardándose en: logs\automatizacion_20251202.log
2025-12-02 18:59:18,858 - INFO -  === AUTOMATIZACIÓN MODULAR INICIADA ===
2025-12-02 18:59:18,858 - INFO - Archivo: productos.xlsx
2025-12-02 18:59:18,858 - INFO - === PASO 1: LECTURA EXCEL ===
2025-12-02 18:59:18,858 - INFO - === MÓDULO 1: LECTURA EXCEL ===
2025-12-02 18:59:18,859 - INFO - Archivo: productos.xlsx
2025-12-02 18:59:18,887 - INFO - Columnas encontradas: ['PROCESS', 'cotizacion_id', 'codigo', 'descripcion', 'cantidad', 'con_garantia', 'descuento_empleado', 'con_creditos', 'entrega_cliente', 'COTIZACION', 'ESTADO', 'FECHA_PROCESADO', 'ARCHIVO_WORD', 'tipo_entrega', 'empleado_id']
2025-12-02 18:59:18,890 - INFO - Se encontraron 2 cotizaciones
2025-12-02 18:59:18,890 - INFO - Cotización 1: 2 productos
2025-12-02 18:59:18,891 - INFO - Cotización 2: 3 productos
2025-12-02 18:59:18,891 - INFO - === PASO 2: INICIALIZAR NAVEGADOR ===
2025-12-02 18:59:25,258 - INFO - Navegador Firefox inicializado con configuración limpia
2025-12-02 18:59:25,260 - INFO - === PASO 3: INICIAR SESIÓN ===
2025-12-02 18:59:25,260 - INFO - === MÓDULO 2: INICIO SESIÓN ===
2025-12-02 18:59:37,658 - INFO - Accediendo a: http://ursvtols8b3c:8080/engage-unicomer-web/
2025-12-02 18:59:37,729 - INFO - Credenciales ingresadas
2025-12-02 18:59:41,086 - INFO - Formulario enviado
2025-12-02 18:59:43,150 - INFO - Screenshot capturado: 01_login_resultado.png
2025-12-02 18:59:43,158 - INFO - Login exitoso - URL cambió
2025-12-02 18:59:43,158 - INFO - 
🔄 PROCESANDO COTIZACIÓN 1/2: 1
2025-12-02 18:59:43,159 - INFO - === PASO 4: INICIAR ORDEN DE COMPRA ===
2025-12-02 18:59:43,159 - INFO - Buscando botón 'Comience una Orden de Compra'...
2025-12-02 18:59:43,214 - INFO - Screenshot capturado: C1_02_dashboard.png
2025-12-02 18:59:43,215 - INFO - Intentando selector 1: /html/body/div[2]/div[4]/div/div/div[1]/a[1]/input
2025-12-02 18:59:43,216 - INFO - Esperando que botón orden selector 1 sea visible (timeout: 300s, se reinicia con progreso)...
2025-12-02 18:59:43,245 - INFO - PROGRESO: botón orden selector 1 visible - REINICIANDO timeout
2025-12-02 18:59:43,259 - INFO - OK - botón orden selector 1 listo después de 0.0s
2025-12-02 18:59:43,792 - INFO - Click exitoso en botón orden selector 1
2025-12-02 18:59:44,892 - INFO - Screenshot capturado: C1_04_formulario_orden.png
2025-12-02 18:59:44,892 - INFO - Click realizado en botón orden
2025-12-02 18:59:44,893 - INFO - Configuración - Garantías: NO, Descuento: SI, Créditos: NO, Entrega: NO, Tipo Entrega: cliente llevará
2025-12-02 18:59:44,893 - INFO - === PASO 5: EXTRAER NÚMERO COTIZACIÓN ===
2025-12-02 18:59:44,894 - INFO - === EXTRAYENDO NÚMERO DE COTIZACIÓN INICIAL ===
2025-12-02 18:59:46,952 - INFO - Número encontrado con selector: li.quotationNumberTitle p:last-child
2025-12-02 18:59:46,953 - INFO - Número de cotización: 11609226250005
2025-12-02 18:59:46,954 - INFO - Número base extraído: 11609226250005
2025-12-02 18:59:46,955 - INFO - Número único generado: 11609226250005_6954
2025-12-02 18:59:46,955 - INFO - === PASO 6: AGREGAR ITEMS ============================================================================
2025-12-02 18:59:46,956 - INFO - --- ITEM 1/2 ---
2025-12-02 18:59:46,957 - INFO - === MÓDULO 3: AGREGAR ITEM 1 ===
2025-12-02 18:59:46,958 - INFO - Código: 461431200016, Cantidad: 1
2025-12-02 18:59:46,959 - INFO - Esperando que campo búsqueda item 1 sea visible (timeout: 300s, se reinicia con progreso)...
2025-12-02 18:59:46,986 - INFO - PROGRESO: campo búsqueda item 1 visible - REINICIANDO timeout
2025-12-02 18:59:47,006 - INFO - OK - campo búsqueda item 1 listo después de 0.0s
2025-12-02 18:59:47,055 - INFO - Código 461431200016 ingresado en campo búsqueda
2025-12-02 18:59:47,076 - INFO - Enter enviado para búsqueda
2025-12-02 18:59:49,199 - INFO -  Popup cerrado
2025-12-02 18:59:49,236 - INFO - Item 461431200016 procesado correctamente
2025-12-02 18:59:49,237 - INFO - === MÓDULO 4: GARANTÍAS ITEM 1 ===
2025-12-02 18:59:49,238 - INFO - Garantía: RECHAZAR
2025-12-02 18:59:50,305 - INFO - Screenshot capturado: C1_07_pantalla_garantias_01.png
2025-12-02 18:59:56,331 - INFO - Botón No Thanks encontrado - rechazando garantía
2025-12-02 18:59:56,345 - INFO - Click en No Thanks
2025-12-02 18:59:57,424 - INFO - Screenshot capturado: C1_06_item_con_garantias_procesadas_01.png
2025-12-02 18:59:57,424 - INFO - Garantías procesadas para item 1
2025-12-02 18:59:57,425 - INFO - --- ITEM 2/2 ---
2025-12-02 18:59:57,425 - INFO - === MÓDULO 3: AGREGAR ITEM 2 ===
2025-12-02 18:59:57,426 - INFO - Código: 439766400005, Cantidad: 1
2025-12-02 18:59:57,426 - INFO - Esperando que campo búsqueda item 2 sea visible (timeout: 300s, se reinicia con progreso)...
2025-12-02 18:59:57,454 - INFO - PROGRESO: campo búsqueda item 2 visible - REINICIANDO timeout
2025-12-02 18:59:57,479 - INFO - OK - campo búsqueda item 2 listo después de 0.0s
2025-12-02 18:59:57,549 - INFO - Código 439766400005 ingresado en campo búsqueda
2025-12-02 18:59:57,580 - INFO - Enter enviado para búsqueda
2025-12-02 19:00:00,312 - INFO - Mensaje informativo (ignorado): Error
close
ERROR TO OBTAIN THE PARAMATER: permitirNoInventariadosSeguros...
2025-12-02 19:00:00,312 - INFO - Item 439766400005 procesado correctamente
2025-12-02 19:00:00,312 - INFO - === MÓDULO 4: GARANTÍAS ITEM 2 ===
2025-12-02 19:00:00,313 - INFO - Garantía: RECHAZAR
2025-12-02 19:00:01,374 - INFO - Screenshot capturado: C1_07_pantalla_garantias_02.png
2025-12-02 19:00:07,414 - INFO - Botón No Thanks encontrado - rechazando garantía
2025-12-02 19:00:07,432 - INFO - Click en No Thanks
2025-12-02 19:00:08,489 - INFO - Screenshot capturado: C1_06_item_con_garantias_procesadas_02.png
2025-12-02 19:00:08,490 - INFO - Garantías procesadas para item 2
2025-12-02 19:00:08,492 - INFO - === PASO 7: ENLAZAR CUSTOMER ==========================================================================
2025-12-02 19:00:08,492 - INFO - === MÓDULO 5: ENLAZAR CUSTOMER ===
2025-12-02 19:00:08,553 - INFO - Screenshot capturado: C1_12_antes_enlazar_cliente.png
2025-12-02 19:00:13,596 - INFO - Enlace cliente encontrado: /html/body/div[2]/div[3]/div[28]/div[3]/h4/a
2025-12-02 19:00:13,616 - INFO - Click en enlace cliente
2025-12-02 19:00:16,670 - INFO - Screenshot capturado: C1_13_formulario_cliente.png
2025-12-02 19:00:46,317 - INFO - Cliente 057874256 ingresado
2025-12-02 19:00:47,368 - INFO - Screenshot capturado: C1_14_cliente_ingresado.png
2025-12-02 19:00:58,921 - WARNING -  Primer Next no encontrado
2025-12-02 19:01:09,459 - WARNING -  Segundo Next no encontrado
2025-12-02 19:01:09,460 - INFO - Customer enlazado exitosamente
2025-12-02 19:01:09,460 - INFO - === PASO 10: CRÉDITOS =============================================================================
2025-12-02 19:01:09,461 - INFO - === MÓDULO 8: APLICAR DESCUENTO EMPLEADO ==========================================================
2025-12-02 19:02:41,370 - ERROR - Error general: Message: TypeError: browsingContext.currentWindowGlobal is null
Stacktrace:
getMarionetteCommandsActorProxy/get/<@chrome://remote/content/marionette/actors/MarionetteCommandsParent.sys.mjs:311:17
observe@resource://gre/modules/AsyncShutdown.sys.mjs:575:17

2025-12-02 19:02:41,370 - INFO - 📋 Ver detalles del error en: logs\automatizacion_20251202.log
2025-12-02 19:02:41,370 - INFO - Limpiando recursos...
2025-12-02 19:02:41,371 - INFO - Eliminando screenshots residuales...
2025-12-02 19:02:41,376 - INFO - 10 screenshots residuales eliminados
2025-12-02 19:02:43,460 - INFO - Navegador cerrado
2025-12-02 19:02:43,461 - INFO - Limpieza de recursos completada
2025-12-02 19:02:43,461 - INFO - === AUTOMATIZACIÓN FINALIZADA ===
2025-12-02 19:02:49,748 - INFO - Log guardándose en: logs\automatizacion_20251202.log
2025-12-02 19:02:49,748 - INFO -  === AUTOMATIZACIÓN MODULAR INICIADA ===
2025-12-02 19:02:49,748 - INFO - Archivo: productos.xlsx
2025-12-02 19:02:49,749 - INFO - === PASO 1: LECTURA EXCEL ===
2025-12-02 19:02:49,749 - INFO - === MÓDULO 1: LECTURA EXCEL ===
2025-12-02 19:02:49,749 - INFO - Archivo: productos.xlsx
2025-12-02 19:02:49,779 - INFO - Columnas encontradas: ['PROCESS', 'cotizacion_id', 'codigo', 'descripcion', 'cantidad', 'con_garantia', 'descuento_empleado', 'con_creditos', 'entrega_cliente', 'COTIZACION', 'ESTADO', 'FECHA_PROCESADO', 'ARCHIVO_WORD', 'tipo_entrega', 'empleado_id']
2025-12-02 19:02:49,782 - INFO - Se encontraron 2 cotizaciones
2025-12-02 19:02:49,782 - INFO - Cotización 1: 2 productos
2025-12-02 19:02:49,783 - INFO - Cotización 2: 3 productos
2025-12-02 19:02:49,783 - INFO - === PASO 2: INICIALIZAR NAVEGADOR ===
2025-12-02 19:02:56,472 - INFO - Navegador Firefox inicializado con configuración limpia
2025-12-02 19:02:56,473 - INFO - === PASO 3: INICIAR SESIÓN ===
2025-12-02 19:02:56,473 - INFO - === MÓDULO 2: INICIO SESIÓN ===
2025-12-02 19:03:02,748 - INFO - Accediendo a: http://ursvtols8b3c:8080/engage-unicomer-web/
2025-12-02 19:03:02,837 - INFO - Credenciales ingresadas
2025-12-02 19:03:04,790 - INFO - Formulario enviado
2025-12-02 19:03:06,857 - INFO - Screenshot capturado: 01_login_resultado.png
2025-12-02 19:03:06,866 - INFO - Login exitoso - URL cambió
2025-12-02 19:03:06,866 - INFO - 
🔄 PROCESANDO COTIZACIÓN 1/2: 1
2025-12-02 19:03:06,867 - INFO - === PASO 4: INICIAR ORDEN DE COMPRA ===
2025-12-02 19:03:06,867 - INFO - Buscando botón 'Comience una Orden de Compra'...
2025-12-02 19:03:06,924 - INFO - Screenshot capturado: C1_02_dashboard.png
2025-12-02 19:03:06,925 - INFO - Intentando selector 1: /html/body/div[2]/div[4]/div/div/div[1]/a[1]/input
2025-12-02 19:03:06,926 - INFO - Esperando que botón orden selector 1 sea visible (timeout: 300s, se reinicia con progreso)...
2025-12-02 19:03:06,967 - INFO - PROGRESO: botón orden selector 1 visible - REINICIANDO timeout
2025-12-02 19:03:06,995 - INFO - OK - botón orden selector 1 listo después de 0.0s
2025-12-02 19:03:07,527 - INFO - Click exitoso en botón orden selector 1
2025-12-02 19:03:08,571 - INFO - Screenshot capturado: C1_04_formulario_orden.png
2025-12-02 19:03:08,572 - INFO - Click realizado en botón orden
2025-12-02 19:03:08,574 - INFO - Configuración - Garantías: NO, Descuento: SI, Créditos: NO, Entrega: NO, Tipo Entrega: cliente llevará
2025-12-02 19:03:08,577 - INFO - === PASO 5: EXTRAER NÚMERO COTIZACIÓN ===
2025-12-02 19:03:08,578 - INFO - === EXTRAYENDO NÚMERO DE COTIZACIÓN INICIAL ===
2025-12-02 19:03:10,627 - INFO - Número encontrado con selector: li.quotationNumberTitle p:last-child
2025-12-02 19:03:10,628 - INFO - Número de cotización: 11609227250009
2025-12-02 19:03:10,628 - INFO - Número base extraído: 11609227250009
2025-12-02 19:03:10,629 - INFO - Número único generado: 11609227250009_628
2025-12-02 19:03:10,630 - INFO - === PASO 6: AGREGAR ITEMS ============================================================================
2025-12-02 19:03:10,631 - INFO - --- ITEM 1/2 ---
2025-12-02 19:03:10,632 - INFO - === MÓDULO 3: AGREGAR ITEM 1 ===
2025-12-02 19:03:10,633 - INFO - Código: 461431200016, Cantidad: 1
2025-12-02 19:03:10,634 - INFO - Esperando que campo búsqueda item 1 sea visible (timeout: 300s, se reinicia con progreso)...
2025-12-02 19:03:10,659 - INFO - PROGRESO: campo búsqueda item 1 visible - REINICIANDO timeout
2025-12-02 19:03:10,687 - INFO - OK - campo búsqueda item 1 listo después de 0.0s
2025-12-02 19:03:10,758 - INFO - Código 461431200016 ingresado en campo búsqueda
2025-12-02 19:03:10,774 - INFO - Enter enviado para búsqueda
2025-12-02 19:03:12,656 - INFO - Mensaje informativo (ignorado): Error
close
ERROR TO OBTAIN THE PARAMATER: permitirNoInventariadosSeguros...
2025-12-02 19:03:12,657 - INFO - Item 461431200016 procesado correctamente
2025-12-02 19:03:12,657 - INFO - === MÓDULO 4: GARANTÍAS ITEM 1 ===
2025-12-02 19:03:12,658 - INFO - Garantía: RECHAZAR
2025-12-02 19:03:13,717 - INFO - Screenshot capturado: C1_07_pantalla_garantias_01.png
2025-12-02 19:03:19,763 - INFO - Botón No Thanks encontrado - rechazando garantía
2025-12-02 19:03:19,790 - INFO - Click en No Thanks
2025-12-02 19:03:20,853 - INFO - Screenshot capturado: C1_06_item_con_garantias_procesadas_01.png
2025-12-02 19:03:20,854 - INFO - Garantías procesadas para item 1
2025-12-02 19:03:20,854 - INFO - --- ITEM 2/2 ---
2025-12-02 19:03:20,855 - INFO - === MÓDULO 3: AGREGAR ITEM 2 ===
2025-12-02 19:03:20,855 - INFO - Código: 439766400005, Cantidad: 1
2025-12-02 19:03:20,857 - INFO - Esperando que campo búsqueda item 2 sea visible (timeout: 300s, se reinicia con progreso)...
2025-12-02 19:03:20,892 - INFO - PROGRESO: campo búsqueda item 2 visible - REINICIANDO timeout
2025-12-02 19:03:20,915 - INFO - OK - campo búsqueda item 2 listo después de 0.0s
2025-12-02 19:03:20,947 - INFO - Código 439766400005 ingresado en campo búsqueda
2025-12-02 19:03:20,972 - INFO - Enter enviado para búsqueda
2025-12-02 19:03:23,635 - INFO - Item 439766400005 procesado correctamente
2025-12-02 19:03:23,635 - INFO - === MÓDULO 4: GARANTÍAS ITEM 2 ===
2025-12-02 19:03:23,636 - INFO - Garantía: RECHAZAR
2025-12-02 19:03:24,709 - INFO - Screenshot capturado: C1_07_pantalla_garantias_02.png
2025-12-02 19:03:30,766 - INFO - Botón No Thanks encontrado - rechazando garantía
2025-12-02 19:03:30,792 - INFO - Click en No Thanks
2025-12-02 19:03:31,847 - INFO - Screenshot capturado: C1_06_item_con_garantias_procesadas_02.png
2025-12-02 19:03:31,848 - INFO - Garantías procesadas para item 2
2025-12-02 19:03:31,849 - INFO - === PASO 7: ENLAZAR CUSTOMER ==========================================================================
2025-12-02 19:03:31,849 - INFO - === MÓDULO 5: ENLAZAR CUSTOMER ===
2025-12-02 19:03:31,911 - INFO - Screenshot capturado: C1_12_antes_enlazar_cliente.png
2025-12-02 19:03:36,949 - INFO - Enlace cliente encontrado: /html/body/div[2]/div[3]/div[28]/div[3]/h4/a
2025-12-02 19:03:36,964 - INFO - Click en enlace cliente
2025-12-02 19:03:40,015 - INFO - Screenshot capturado: C1_13_formulario_cliente.png
2025-12-02 19:03:41,305 - INFO - Cliente 057874256 ingresado
2025-12-02 19:03:42,350 - INFO - Screenshot capturado: C1_14_cliente_ingresado.png
2025-12-02 19:03:45,114 - INFO - Primer Next
2025-12-02 19:03:48,204 - INFO - Screenshot capturado: C1_15_primer_next.png
2025-12-02 19:03:53,309 - INFO - Segundo Next
2025-12-02 19:03:56,354 - INFO - Screenshot capturado: C1_16_segundo_next.png
2025-12-02 19:03:56,355 - INFO - Customer enlazado exitosamente
2025-12-02 19:03:56,355 - INFO - === PASO 10: CRÉDITOS =============================================================================
2025-12-02 19:03:56,355 - INFO - === MÓDULO 8: APLICAR DESCUENTO EMPLEADO ==========================================================
2025-12-02 19:03:56,621 - INFO - Se abrió el menú de opciones de transacción
2025-12-02 19:03:56,881 - INFO - Se seleccionó la opción de descuento de empleado
2025-12-02 19:03:56,882 - INFO - Buscando modal override vía JavaScript en todos los iframes...
2025-12-02 19:03:56,898 - INFO - YES del override presionado correctamente vía JavaScript
2025-12-02 19:03:57,489 - INFO - ID de empleado ingresado
2025-12-02 19:03:58,559 - INFO - Screenshot capturado: C1_descuento_empleado
2025-12-02 19:04:00,267 - INFO - Click en aplicar descuento
2025-12-02 19:06:13,092 - ERROR - Error general: Message: Browsing context has been discarded
Stacktrace:
RemoteError@chrome://remote/content/shared/RemoteError.sys.mjs:8:8
WebDriverError@chrome://remote/content/shared/webdriver/Errors.sys.mjs:187:5
NoSuchWindowError@chrome://remote/content/shared/webdriver/Errors.sys.mjs:613:5
assert.that/<@chrome://remote/content/shared/webdriver/Assert.sys.mjs:485:13
assert.open@chrome://remote/content/shared/webdriver/Assert.sys.mjs:147:4
GeckoDriver.prototype.findElement@chrome://remote/content/marionette/driver.sys.mjs:1506:15
despatch@chrome://remote/content/marionette/server.sys.mjs:320:40
execute@chrome://remote/content/marionette/server.sys.mjs:291:16
onPacket/<@chrome://remote/content/marionette/server.sys.mjs:264:20
onPacket@chrome://remote/content/marionette/server.sys.mjs:265:9
_onJSONObjectReady/<@chrome://remote/content/marionette/transport.sys.mjs:496:20

2025-12-02 19:06:13,093 - INFO - 📋 Ver detalles del error en: logs\automatizacion_20251202.log
2025-12-02 19:06:13,093 - INFO - Limpiando recursos...
2025-12-02 19:06:13,093 - INFO - Eliminando screenshots residuales...
2025-12-02 19:06:13,104 - INFO - 13 screenshots residuales eliminados
2025-12-02 19:06:15,208 - INFO - Navegador cerrado
2025-12-02 19:06:15,210 - INFO - Limpieza de recursos completada
2025-12-02 19:06:15,212 - INFO - === AUTOMATIZACIÓN FINALIZADA ===
2025-12-02 19:06:57,747 - INFO - Log guardándose en: logs\automatizacion_20251202.log
2025-12-02 19:06:57,748 - INFO -  === AUTOMATIZACIÓN MODULAR INICIADA ===
2025-12-02 19:06:57,748 - INFO - Archivo: productos.xlsx
2025-12-02 19:06:57,748 - INFO - === PASO 1: LECTURA EXCEL ===
2025-12-02 19:06:57,748 - INFO - === MÓDULO 1: LECTURA EXCEL ===
2025-12-02 19:06:57,749 - INFO - Archivo: productos.xlsx
2025-12-02 19:06:57,777 - INFO - Columnas encontradas: ['PROCESS', 'cotizacion_id', 'codigo', 'descripcion', 'cantidad', 'con_garantia', 'descuento_empleado', 'con_creditos', 'entrega_cliente', 'COTIZACION', 'ESTADO', 'FECHA_PROCESADO', 'ARCHIVO_WORD', 'tipo_entrega', 'empleado_id']
2025-12-02 19:06:57,780 - INFO - Se encontraron 2 cotizaciones
2025-12-02 19:06:57,780 - INFO - Cotización 1: 2 productos
2025-12-02 19:06:57,780 - INFO - Cotización 2: 3 productos
2025-12-02 19:06:57,781 - INFO - === PASO 2: INICIALIZAR NAVEGADOR ===
2025-12-02 19:07:03,982 - INFO - Navegador Firefox inicializado con configuración limpia
2025-12-02 19:07:03,983 - INFO - === PASO 3: INICIAR SESIÓN ===
2025-12-02 19:07:03,983 - INFO - === MÓDULO 2: INICIO SESIÓN ===
2025-12-02 19:07:07,002 - INFO - Accediendo a: http://ursvtols8b3c:8080/engage-unicomer-web/
2025-12-02 19:07:07,090 - INFO - Credenciales ingresadas
2025-12-02 19:07:08,714 - INFO - Formulario enviado
2025-12-02 19:07:10,793 - INFO - Screenshot capturado: 01_login_resultado.png
2025-12-02 19:07:10,804 - INFO - Login exitoso - URL cambió
2025-12-02 19:07:10,805 - INFO - 
🔄 PROCESANDO COTIZACIÓN 1/2: 1
2025-12-02 19:07:10,806 - INFO - === PASO 4: INICIAR ORDEN DE COMPRA ===
2025-12-02 19:07:10,807 - INFO - Buscando botón 'Comience una Orden de Compra'...
2025-12-02 19:07:10,870 - INFO - Screenshot capturado: C1_02_dashboard.png
2025-12-02 19:07:10,870 - INFO - Intentando selector 1: /html/body/div[2]/div[4]/div/div/div[1]/a[1]/input
2025-12-02 19:07:10,871 - INFO - Esperando que botón orden selector 1 sea visible (timeout: 300s, se reinicia con progreso)...
2025-12-02 19:07:10,923 - INFO - PROGRESO: botón orden selector 1 visible - REINICIANDO timeout
2025-12-02 19:07:10,943 - INFO - OK - botón orden selector 1 listo después de 0.0s
2025-12-02 19:07:11,477 - INFO - Click exitoso en botón orden selector 1
2025-12-02 19:07:12,541 - INFO - Screenshot capturado: C1_04_formulario_orden.png
2025-12-02 19:07:12,542 - INFO - Click realizado en botón orden
2025-12-02 19:07:12,542 - INFO - Configuración - Garantías: NO, Descuento: SI, Créditos: NO, Entrega: NO, Tipo Entrega: cliente llevará
2025-12-02 19:07:12,543 - INFO - === PASO 5: EXTRAER NÚMERO COTIZACIÓN ===
2025-12-02 19:07:12,543 - INFO - === EXTRAYENDO NÚMERO DE COTIZACIÓN INICIAL ===
2025-12-02 19:07:14,594 - INFO - Número encontrado con selector: li.quotationNumberTitle p:last-child
2025-12-02 19:07:14,595 - INFO - Número de cotización: 11609228250005
2025-12-02 19:07:14,596 - INFO - Número base extraído: 11609228250005
2025-12-02 19:07:14,596 - INFO - Número único generado: 11609228250005_4596
2025-12-02 19:07:14,597 - INFO - === PASO 6: AGREGAR ITEMS ============================================================================
2025-12-02 19:07:14,597 - INFO - --- ITEM 1/2 ---
2025-12-02 19:07:14,598 - INFO - === MÓDULO 3: AGREGAR ITEM 1 ===
2025-12-02 19:07:14,598 - INFO - Código: 461431200016, Cantidad: 1
2025-12-02 19:07:14,599 - INFO - Esperando que campo búsqueda item 1 sea visible (timeout: 300s, se reinicia con progreso)...
2025-12-02 19:07:14,625 - INFO - PROGRESO: campo búsqueda item 1 visible - REINICIANDO timeout
2025-12-02 19:07:14,650 - INFO - OK - campo búsqueda item 1 listo después de 0.0s
2025-12-02 19:07:14,706 - INFO - Código 461431200016 ingresado en campo búsqueda
2025-12-02 19:07:14,728 - INFO - Enter enviado para búsqueda
2025-12-02 19:07:16,248 - INFO - Mensaje informativo (ignorado): Error
close
ERROR TO OBTAIN THE PARAMATER: permitirNoInventariadosSeguros...
2025-12-02 19:07:16,249 - INFO - Item 461431200016 procesado correctamente
2025-12-02 19:07:16,250 - INFO - === MÓDULO 4: GARANTÍAS ITEM 1 ===
2025-12-02 19:07:16,250 - INFO - Garantía: RECHAZAR
2025-12-02 19:07:17,324 - INFO - Screenshot capturado: C1_07_pantalla_garantias_01.png
2025-12-02 19:07:23,362 - INFO - Botón No Thanks encontrado - rechazando garantía
2025-12-02 19:07:23,396 - INFO - Click en No Thanks
2025-12-02 19:07:24,441 - INFO - Screenshot capturado: C1_06_item_con_garantias_procesadas_01.png
2025-12-02 19:07:24,441 - INFO - Garantías procesadas para item 1
2025-12-02 19:07:24,441 - INFO - --- ITEM 2/2 ---
2025-12-02 19:07:24,441 - INFO - === MÓDULO 3: AGREGAR ITEM 2 ===
2025-12-02 19:07:24,442 - INFO - Código: 439766400005, Cantidad: 1
2025-12-02 19:07:24,442 - INFO - Esperando que campo búsqueda item 2 sea visible (timeout: 300s, se reinicia con progreso)...
2025-12-02 19:07:24,461 - INFO - PROGRESO: campo búsqueda item 2 visible - REINICIANDO timeout
2025-12-02 19:07:24,483 - INFO - OK - campo búsqueda item 2 listo después de 0.0s
2025-12-02 19:07:24,523 - INFO - Código 439766400005 ingresado en campo búsqueda
2025-12-02 19:07:24,538 - INFO - Enter enviado para búsqueda
2025-12-02 19:07:26,824 - INFO - Mensaje informativo (ignorado): Error
close
ERROR TO OBTAIN THE PARAMATER: permitirNoInventariadosSeguros...
2025-12-02 19:07:26,825 - INFO - Item 439766400005 procesado correctamente
2025-12-02 19:07:26,826 - INFO - === MÓDULO 4: GARANTÍAS ITEM 2 ===
2025-12-02 19:07:26,826 - INFO - Garantía: RECHAZAR
2025-12-02 19:07:27,896 - INFO - Screenshot capturado: C1_07_pantalla_garantias_02.png
2025-12-02 19:07:33,930 - INFO - Botón No Thanks encontrado - rechazando garantía
2025-12-02 19:07:33,946 - INFO - Click en No Thanks
2025-12-02 19:07:35,022 - INFO - Screenshot capturado: C1_06_item_con_garantias_procesadas_02.png
2025-12-02 19:07:35,022 - INFO - Garantías procesadas para item 2
2025-12-02 19:07:35,023 - INFO - === PASO 7: ENLAZAR CUSTOMER ==========================================================================
2025-12-02 19:07:35,023 - INFO - === MÓDULO 5: ENLAZAR CUSTOMER ===
2025-12-02 19:07:35,079 - INFO - Screenshot capturado: C1_12_antes_enlazar_cliente.png
2025-12-02 19:07:40,119 - INFO - Enlace cliente encontrado: /html/body/div[2]/div[3]/div[28]/div[3]/h4/a
2025-12-02 19:07:40,160 - INFO - Click en enlace cliente
2025-12-02 19:07:43,214 - INFO - Screenshot capturado: C1_13_formulario_cliente.png
2025-12-02 19:07:44,512 - INFO - Cliente 057874256 ingresado
2025-12-02 19:07:45,561 - INFO - Screenshot capturado: C1_14_cliente_ingresado.png
2025-12-02 19:07:47,498 - INFO - Primer Next
2025-12-02 19:07:50,717 - INFO - Screenshot capturado: C1_15_primer_next.png
2025-12-02 19:07:54,510 - INFO - Segundo Next
2025-12-02 19:07:57,557 - INFO - Screenshot capturado: C1_16_segundo_next.png
2025-12-02 19:07:57,558 - INFO - Customer enlazado exitosamente
2025-12-02 19:07:57,559 - INFO - === PASO 10: CRÉDITOS =============================================================================
2025-12-02 19:07:57,560 - INFO - === MÓDULO 8: APLICAR DESCUENTO EMPLEADO ==========================================================
2025-12-02 19:07:57,806 - INFO - Se abrió el menú de opciones de transacción
2025-12-02 19:07:58,062 - INFO - Se seleccionó la opción de descuento de empleado
2025-12-02 19:07:58,063 - INFO - Buscando modal override vía JavaScript en todos los iframes...
2025-12-02 19:07:58,083 - INFO - YES del override presionado correctamente vía JavaScript
2025-12-02 19:07:58,648 - INFO - ID de empleado ingresado
2025-12-02 19:07:59,701 - INFO - Screenshot capturado: C1_descuento_empleado
2025-12-02 19:08:01,780 - INFO - Click en aplicar descuento
2025-12-02 19:13:01,870 - ERROR - Error general: Message: 

2025-12-02 19:13:01,870 - INFO - 📋 Ver detalles del error en: logs\automatizacion_20251202.log
2025-12-02 19:13:01,871 - INFO - Limpiando recursos...
2025-12-02 19:13:01,872 - INFO - Eliminando screenshots residuales...
2025-12-02 19:13:01,892 - INFO - 13 screenshots residuales eliminados
2025-12-02 19:13:04,857 - INFO - Navegador cerrado
2025-12-02 19:13:04,857 - INFO - Limpieza de recursos completada
2025-12-02 19:13:04,858 - INFO - === AUTOMATIZACIÓN FINALIZADA ===
2025-12-02 19:16:30,398 - INFO - Log guardándose en: logs\automatizacion_20251202.log
2025-12-02 19:16:30,398 - INFO -  === AUTOMATIZACIÓN MODULAR INICIADA ===
2025-12-02 19:16:30,399 - INFO - Archivo: productos.xlsx
2025-12-02 19:16:30,399 - INFO - === PASO 1: LECTURA EXCEL ===
2025-12-02 19:16:30,399 - INFO - === MÓDULO 1: LECTURA EXCEL ===
2025-12-02 19:16:30,400 - INFO - Archivo: productos.xlsx
2025-12-02 19:16:30,469 - INFO - Columnas encontradas: ['PROCESS', 'cotizacion_id', 'codigo', 'descripcion', 'cantidad', 'con_garantia', 'descuento_empleado', 'con_creditos', 'entrega_cliente', 'COTIZACION', 'ESTADO', 'FECHA_PROCESADO', 'ARCHIVO_WORD', 'tipo_entrega', 'empleado_id']
2025-12-02 19:16:30,474 - INFO - Se encontraron 2 cotizaciones
2025-12-02 19:16:30,475 - INFO - Cotización 1: 2 productos
2025-12-02 19:16:30,475 - INFO - Cotización 2: 3 productos
2025-12-02 19:16:30,476 - INFO - === PASO 2: INICIALIZAR NAVEGADOR ===
2025-12-02 19:16:40,944 - INFO - Navegador Firefox inicializado con configuración limpia
2025-12-02 19:16:40,944 - INFO - === PASO 3: INICIAR SESIÓN ===
2025-12-02 19:16:40,945 - INFO - === MÓDULO 2: INICIO SESIÓN ===
2025-12-02 19:16:49,462 - INFO - Accediendo a: http://ursvtols8b3c:8080/engage-unicomer-web/
2025-12-02 19:16:49,591 - INFO - Credenciales ingresadas
2025-12-02 19:16:54,794 - INFO - Formulario enviado
2025-12-02 19:16:56,946 - INFO - Screenshot capturado: 01_login_resultado.png
2025-12-02 19:16:56,958 - INFO - Login exitoso - URL cambió
2025-12-02 19:16:56,960 - INFO - 
🔄 PROCESANDO COTIZACIÓN 1/2: 1
2025-12-02 19:16:56,961 - INFO - === PASO 4: INICIAR ORDEN DE COMPRA ===
2025-12-02 19:16:56,962 - INFO - Buscando botón 'Comience una Orden de Compra'...
2025-12-02 19:16:57,116 - INFO - Screenshot capturado: C1_02_dashboard.png
2025-12-02 19:16:57,117 - INFO - Intentando selector 1: /html/body/div[2]/div[4]/div/div/div[1]/a[1]/input
2025-12-02 19:16:57,118 - INFO - Esperando que botón orden selector 1 sea visible (timeout: 300s, se reinicia con progreso)...
2025-12-02 19:16:57,325 - INFO - PROGRESO: botón orden selector 1 visible - REINICIANDO timeout
2025-12-02 19:16:57,356 - INFO - OK - botón orden selector 1 listo después de 0.0s
2025-12-02 19:16:57,931 - INFO - Click exitoso en botón orden selector 1
2025-12-02 19:16:59,042 - INFO - Screenshot capturado: C1_04_formulario_orden.png
2025-12-02 19:16:59,042 - INFO - Click realizado en botón orden
2025-12-02 19:16:59,043 - INFO - Configuración - Garantías: NO, Descuento: SI, Créditos: NO, Entrega: NO, Tipo Entrega: cliente llevará
2025-12-02 19:16:59,043 - INFO - === PASO 5: EXTRAER NÚMERO COTIZACIÓN ===
2025-12-02 19:16:59,043 - INFO - === EXTRAYENDO NÚMERO DE COTIZACIÓN INICIAL ===
2025-12-02 19:17:01,101 - INFO - Número encontrado con selector: li.quotationNumberTitle p:last-child
2025-12-02 19:17:01,101 - INFO - Número de cotización: 11609229250003
2025-12-02 19:17:01,102 - INFO - Número base extraído: 11609229250003
2025-12-02 19:17:01,102 - INFO - Número único generado: 11609229250003_1102
2025-12-02 19:17:01,102 - INFO - === PASO 6: AGREGAR ITEMS ============================================================================
2025-12-02 19:17:01,103 - INFO - --- ITEM 1/2 ---
2025-12-02 19:17:01,103 - INFO - === MÓDULO 3: AGREGAR ITEM 1 ===
2025-12-02 19:17:01,103 - INFO - Código: 461431200016, Cantidad: 1
2025-12-02 19:17:01,104 - INFO - Esperando que campo búsqueda item 1 sea visible (timeout: 300s, se reinicia con progreso)...
2025-12-02 19:17:01,135 - INFO - PROGRESO: campo búsqueda item 1 visible - REINICIANDO timeout
2025-12-02 19:17:01,165 - INFO - OK - campo búsqueda item 1 listo después de 0.0s
2025-12-02 19:17:01,215 - INFO - Código 461431200016 ingresado en campo búsqueda
2025-12-02 19:17:01,253 - INFO - Enter enviado para búsqueda
2025-12-02 19:17:02,853 - INFO - Mensaje informativo (ignorado): Error
close
ERROR TO OBTAIN THE PARAMATER: permitirNoInventariadosSeguros...
2025-12-02 19:17:02,853 - INFO - Item 461431200016 procesado correctamente
2025-12-02 19:17:02,853 - INFO - === MÓDULO 4: GARANTÍAS ITEM 1 ===
2025-12-02 19:17:02,854 - INFO - Garantía: RECHAZAR
2025-12-02 19:17:03,992 - INFO - Screenshot capturado: C1_07_pantalla_garantias_01.png
2025-12-02 19:17:10,029 - INFO - Botón No Thanks encontrado - rechazando garantía
2025-12-02 19:17:10,068 - INFO - Click en No Thanks
2025-12-02 19:17:11,231 - INFO - Screenshot capturado: C1_06_item_con_garantias_procesadas_01.png
2025-12-02 19:17:11,232 - INFO - Garantías procesadas para item 1
2025-12-02 19:17:11,234 - INFO - --- ITEM 2/2 ---
2025-12-02 19:17:11,235 - INFO - === MÓDULO 3: AGREGAR ITEM 2 ===
2025-12-02 19:17:11,236 - INFO - Código: 439766400005, Cantidad: 1
2025-12-02 19:17:11,238 - INFO - Esperando que campo búsqueda item 2 sea visible (timeout: 300s, se reinicia con progreso)...
2025-12-02 19:17:11,306 - INFO - PROGRESO: campo búsqueda item 2 visible - REINICIANDO timeout
2025-12-02 19:17:11,337 - INFO - OK - campo búsqueda item 2 listo después de 0.0s
2025-12-02 19:17:11,370 - INFO - Código 439766400005 ingresado en campo búsqueda
2025-12-02 19:17:11,413 - INFO - Enter enviado para búsqueda
2025-12-02 19:17:14,013 - INFO - Mensaje informativo (ignorado): Error
close
ERROR TO OBTAIN THE PARAMATER: permitirNoInventariadosSeguros...
2025-12-02 19:17:14,014 - INFO - Item 439766400005 procesado correctamente
2025-12-02 19:17:14,014 - INFO - === MÓDULO 4: GARANTÍAS ITEM 2 ===
2025-12-02 19:17:14,016 - INFO - Garantía: RECHAZAR
2025-12-02 19:17:15,179 - INFO - Screenshot capturado: C1_07_pantalla_garantias_02.png
2025-12-02 19:17:21,230 - INFO - Botón No Thanks encontrado - rechazando garantía
2025-12-02 19:17:21,259 - INFO - Click en No Thanks
2025-12-02 19:17:22,419 - INFO - Screenshot capturado: C1_06_item_con_garantias_procesadas_02.png
2025-12-02 19:17:22,420 - INFO - Garantías procesadas para item 2
2025-12-02 19:17:22,421 - INFO - === PASO 7: ENLAZAR CUSTOMER ==========================================================================
2025-12-02 19:17:22,422 - INFO - === MÓDULO 5: ENLAZAR CUSTOMER ===
2025-12-02 19:17:22,565 - INFO - Screenshot capturado: C1_12_antes_enlazar_cliente.png
2025-12-02 19:17:27,626 - INFO - Enlace cliente encontrado: /html/body/div[2]/div[3]/div[28]/div[3]/h4/a
2025-12-02 19:17:27,675 - INFO - Click en enlace cliente
2025-12-02 19:17:30,801 - INFO - Screenshot capturado: C1_13_formulario_cliente.png
2025-12-02 19:17:32,134 - INFO - Cliente 057874256 ingresado
2025-12-02 19:17:33,263 - INFO - Screenshot capturado: C1_14_cliente_ingresado.png
2025-12-02 19:17:35,836 - INFO - Primer Next
2025-12-02 19:17:39,004 - INFO - Screenshot capturado: C1_15_primer_next.png
2025-12-02 19:17:44,641 - INFO - Segundo Next
2025-12-02 19:17:47,707 - INFO - Screenshot capturado: C1_16_segundo_next.png
2025-12-02 19:17:47,707 - INFO - Customer enlazado exitosamente
2025-12-02 19:17:47,708 - INFO - === PASO 10: CRÉDITOS =============================================================================
2025-12-02 19:17:47,708 - INFO - === MÓDULO 8: APLICAR DESCUENTO EMPLEADO ==========================================================
2025-12-02 19:17:47,962 - INFO - Se abrió el menú de opciones de transacción
2025-12-02 19:17:48,232 - INFO - Se seleccionó la opción de descuento de empleado
2025-12-02 19:17:48,233 - INFO - Buscando modal override vía JavaScript...
2025-12-02 19:17:48,250 - INFO - YES del override presionado correctamente vía JavaScript
2025-12-02 19:17:48,835 - INFO - ID de empleado ingresado
2025-12-02 19:17:49,970 - INFO - Screenshot capturado: C1_descuento_empleado
2025-12-02 19:17:51,802 - INFO - Click en aplicar empleado
2025-12-02 19:17:51,802 - INFO - Esperando modal para porcentaje...
2025-12-02 19:17:51,807 - INFO - Campo de porcentaje detectado
2025-12-02 19:17:51,813 - INFO - Porcentaje ingresado vía JavaScript
2025-12-02 19:17:52,881 - INFO - Screenshot capturado: C1_porcentaje_descuento_empleado
2025-12-02 19:17:52,882 - INFO - Buscando botón de confirmar en el modal...
2025-12-02 19:17:53,903 - INFO - Descuento confirmado exitosamente vía JavaScript
2025-12-02 19:17:53,904 - INFO - === PASO 11: FINALIZAR COTIZACIÓN ===
2025-12-02 19:17:53,905 - INFO - === FINALIZANDO COTIZACIÓN ===
2025-12-02 19:17:53,976 - INFO - Screenshot capturado: C1_17_antes_finalizar.png
2025-12-02 19:17:55,977 - INFO - PASO 1: Click en botón finalizar
2025-12-02 19:18:50,364 - ERROR - Error en paso 1 - finalizar: No se encontró botón finalizar
2025-12-02 19:18:50,365 - INFO - === DEBUG: ELEMENTOS DISPONIBLES ===
2025-12-02 19:18:50,474 - INFO - Screenshot capturado: C1_debug_estado_actual.png
2025-12-02 19:18:50,490 - INFO - Botones encontrados: 125
2025-12-02 19:18:50,557 - INFO -   Btn 0: '' class='close' visible=False enabled=True
2025-12-02 19:18:50,613 - INFO -   Btn 1: '' class='btn dialogSubmitButton' visible=False enabled=True
2025-12-02 19:18:50,665 - INFO -   Btn 2: '' class='btn dialogSubmitButton' visible=False enabled=True
2025-12-02 19:18:50,718 - INFO -   Btn 3: '' class='close' visible=False enabled=True
2025-12-02 19:18:50,771 - INFO -   Btn 4: '' class='btn dialogSubmitButton' visible=False enabled=True
2025-12-02 19:18:50,823 - INFO -   Btn 5: '' class='close' visible=False enabled=True
2025-12-02 19:18:50,872 - INFO -   Btn 6: '' class='btn discountDialogButton' visible=False enabled=True
2025-12-02 19:18:50,923 - INFO -   Btn 7: '' class='btn discountDialogButton' visible=False enabled=True
2025-12-02 19:18:50,970 - INFO -   Btn 8: '' class='btn discountDialogButton' visible=False enabled=True
2025-12-02 19:18:51,012 - INFO -   Btn 9: '' class='btn discountDialogButton' visible=False enabled=True
2025-12-02 19:18:51,059 - INFO -   Btn 10: '' class='btn discountDialogButton' visible=False enabled=True
2025-12-02 19:18:51,107 - INFO -   Btn 11: '' class='close' visible=False enabled=True
2025-12-02 19:18:51,147 - INFO -   Btn 12: '' class='btn itemDiscountPercentBtn dialogSubmitButton' visible=False enabled=False
2025-12-02 19:18:51,194 - INFO -   Btn 13: '' class='close' visible=False enabled=True
2025-12-02 19:18:51,242 - INFO -   Btn 14: '' class='btn itemDiscountAmountBtn dialogSubmitButton' visible=False enabled=False
2025-12-02 19:18:51,254 - INFO - Inputs encontrados: 97
2025-12-02 19:18:51,298 - INFO -   Input 0: value='' type='text' visible=False enabled=True
2025-12-02 19:18:51,340 - INFO -   Input 1: value='' type='text' visible=False enabled=True
2025-12-02 19:18:51,377 - INFO -   Input 2: value='' type='text' visible=False enabled=True
2025-12-02 19:18:51,412 - INFO -   Input 3: value='' type='hidden' visible=False enabled=True
2025-12-02 19:18:51,450 - INFO -   Input 4: value='' type='text' visible=False enabled=True
2025-12-02 19:18:51,477 - INFO -   Input 5: value='' type='text' visible=False enabled=True
2025-12-02 19:18:51,507 - INFO -   Input 6: value='' type='text' visible=False enabled=True
2025-12-02 19:18:51,546 - INFO -   Input 7: value='' type='hidden' visible=False enabled=True
2025-12-02 19:18:51,587 - INFO -   Input 8: value='' type='text' visible=False enabled=True
2025-12-02 19:18:51,631 - INFO -   Input 9: value='Select Reason Code' type='text' visible=False enabled=True
2025-12-02 19:18:51,674 - INFO -   Input 10: value='' type='hidden' visible=False enabled=True
2025-12-02 19:18:51,710 - INFO -   Input 11: value='' type='text' visible=False enabled=True
2025-12-02 19:18:51,754 - INFO -   Input 12: value='Select Reason Code' type='text' visible=False enabled=True
2025-12-02 19:18:51,797 - INFO -   Input 13: value='' type='hidden' visible=False enabled=True
2025-12-02 19:18:51,839 - INFO -   Input 14: value='' type='hidden' visible=False enabled=True
2025-12-02 19:18:51,849 - INFO - Enlaces encontrados: 31
2025-12-02 19:18:51,928 - INFO -   Link 2: '(2)' href='http://ursvtols8b3c:8080/engage-unicomer-web/saleOrder/index' visible=True
2025-12-02 19:18:52,104 - INFO -   Link 9: 'Item Inquiry' href='http://ursvtols8b3c:8080/engage-unicomer-web/saleOrder/index#itemInquiryDialog' visible=True
2025-12-02 19:18:52,105 - WARNING - ⚠️ Error en finalización: ERROR_PASO1_1764724732, pero continuando con reporte
2025-12-02 19:18:52,105 - INFO - === PASO 12: GENERAR REPORTE INDIVIDUAL ===
2025-12-02 19:18:52,106 - INFO - Generando reporte para cotización 1 con número 11609229250003
2025-12-02 19:18:52,106 - INFO - Screenshots disponibles: 16
2025-12-02 19:18:52,107 - INFO - 🔄 Generando reporte para cotización 1: 11609229250003
2025-12-02 19:18:52,107 - ERROR - Error generando reporte individual: name 'actualizar_excel_cotizacion_individual' is not defined
2025-12-02 19:18:52,122 - ERROR - Traceback: Traceback (most recent call last):
  File "C:\Users\eliseo_lopezp\scale001\automatizacion_cotizaciones\automatizacion_modular.py", line 2395, in generar_reporte_individual
    titulo_run.font.bold = True
NameError: name 'actualizar_excel_cotizacion_individual' is not defined

2025-12-02 19:18:52,122 - INFO - Reporte Word generado exitosamente para cotización 1
2025-12-02 19:18:52,123 - INFO - Iniciando limpieza de screenshots después de generar reporte
2025-12-02 19:18:52,124 - INFO - Screenshot eliminado: 01_login_resultado.png
2025-12-02 19:18:52,125 - INFO - Screenshot eliminado: C1_02_dashboard.png
2025-12-02 19:18:52,126 - INFO - Screenshot eliminado: C1_04_formulario_orden.png
2025-12-02 19:18:52,127 - INFO - Screenshot eliminado: C1_07_pantalla_garantias_01.png
2025-12-02 19:18:52,128 - INFO - Screenshot eliminado: C1_06_item_con_garantias_procesadas_01.png
2025-12-02 19:18:52,129 - INFO - Screenshot eliminado: C1_07_pantalla_garantias_02.png
2025-12-02 19:18:52,130 - INFO - Screenshot eliminado: C1_06_item_con_garantias_procesadas_02.png
2025-12-02 19:18:52,131 - INFO - Screenshot eliminado: C1_12_antes_enlazar_cliente.png
2025-12-02 19:18:52,132 - INFO - Screenshot eliminado: C1_13_formulario_cliente.png
2025-12-02 19:18:52,133 - INFO - Screenshot eliminado: C1_14_cliente_ingresado.png
2025-12-02 19:18:52,135 - INFO - Screenshot eliminado: C1_15_primer_next.png
2025-12-02 19:18:52,136 - INFO - Screenshot eliminado: C1_16_segundo_next.png
2025-12-02 19:18:52,138 - INFO - Screenshot eliminado: C1_descuento_empleado
2025-12-02 19:18:52,138 - INFO - Screenshot eliminado: C1_porcentaje_descuento_empleado
2025-12-02 19:18:52,139 - INFO - Screenshot eliminado: C1_17_antes_finalizar.png
2025-12-02 19:18:52,140 - INFO - Screenshot eliminado: C1_debug_estado_actual.png
2025-12-02 19:18:52,140 - INFO - 16 screenshots eliminados para esta cotización
2025-12-02 19:18:52,140 - INFO - Cotización 1 completada: 11609229250003
2025-12-02 19:18:54,141 - INFO - 
🔄 PROCESANDO COTIZACIÓN 2/2: 2
2025-12-02 19:18:54,142 - INFO - === PASO 4: INICIAR ORDEN DE COMPRA ===
2025-12-02 19:18:54,143 - INFO - Buscando botón 'Comience una Orden de Compra'...
2025-12-02 19:18:54,276 - INFO - Screenshot capturado: C2_02_dashboard.png
2025-12-02 19:18:54,276 - INFO - Intentando selector 1: /html/body/div[2]/div[4]/div/div/div[1]/a[1]/input
2025-12-02 19:18:54,277 - INFO - Esperando que botón orden selector 1 sea visible (timeout: 300s, se reinicia con progreso)...
2025-12-02 19:18:59,793 - INFO - Esperando botón orden selector 1... Sin progreso: 0s, Total: 0s, Queda: 300s
2025-12-02 19:19:44,901 - INFO - Esperando botón orden selector 1... Sin progreso: 45s, Total: 45s, Queda: 255s
2025-12-02 19:20:45,592 - INFO - Esperando botón orden selector 1... Sin progreso: 106s, Total: 106s, Queda: 194s
2025-12-02 19:22:19,892 - ERROR - Error inesperado verificando visibilidad de botón orden selector 1: Message: TypeError: browsingContext.currentWindowGlobal is null
Stacktrace:
getMarionetteCommandsActorProxy/get/<@chrome://remote/content/marionette/actors/MarionetteCommandsParent.sys.mjs:311:17
observe@resource://gre/modules/AsyncShutdown.sys.mjs:575:17

2025-12-02 19:22:19,893 - WARNING - QUITANDO: botón orden selector 1 - Sin progreso por 300s, continuando sin él
2025-12-02 19:22:19,893 - INFO - Selector 1 quitado por falta de progreso, probando siguiente...
2025-12-02 19:22:19,893 - ERROR - Ningún selector de botón orden funcionó - todos fueron quitados por timeout
2025-12-02 19:22:19,894 - WARNING - No se pudo iniciar orden de compra para cotización 2 - continuando con siguiente
2025-12-02 19:22:19,894 - INFO - === PASO 13: CREAR REPORTES FINALES ===
2025-12-02 19:22:19,894 - INFO - === REPORTE FINAL ===
2025-12-02 19:22:19,894 - INFO - Excel ya fue actualizado individualmente por cotización
2025-12-02 19:22:19,894 - INFO - Reportes Word ya fueron generados individualmente
2025-12-02 19:22:19,899 - INFO - Reportes encontrados: 0
2025-12-02 19:22:19,900 - INFO - === RESUMEN FINAL ===
2025-12-02 19:22:19,901 - INFO -  PROCESO MODULAR COMPLETADO
2025-12-02 19:22:19,902 - INFO - Cotizaciones procesadas: 1
2025-12-02 19:22:19,903 - INFO - Excel: productos.xlsx
2025-12-02 19:22:19,904 - INFO - Navegador abierto por 60 segundos...
2025-12-02 19:22:21,905 - INFO - Limpiando recursos...
2025-12-02 19:22:21,906 - INFO - Eliminando screenshots residuales...
2025-12-02 19:22:21,909 - INFO - 1 screenshots residuales eliminados
2025-12-02 19:22:24,171 - INFO - Navegador cerrado
2025-12-02 19:22:24,171 - INFO - Limpieza de recursos completada
2025-12-02 19:22:24,172 - INFO - === AUTOMATIZACIÓN FINALIZADA ===
2025-12-02 19:22:31,845 - INFO - Log guardándose en: logs\automatizacion_20251202.log
2025-12-02 19:22:31,845 - INFO -  === AUTOMATIZACIÓN MODULAR INICIADA ===
2025-12-02 19:22:31,845 - INFO - Archivo: productos.xlsx
2025-12-02 19:22:31,846 - INFO - === PASO 1: LECTURA EXCEL ===
2025-12-02 19:22:31,846 - INFO - === MÓDULO 1: LECTURA EXCEL ===
2025-12-02 19:22:31,846 - INFO - Archivo: productos.xlsx
2025-12-02 19:22:31,874 - INFO - Columnas encontradas: ['PROCESS', 'cotizacion_id', 'codigo', 'descripcion', 'cantidad', 'con_garantia', 'descuento_empleado', 'con_creditos', 'entrega_cliente', 'COTIZACION', 'ESTADO', 'FECHA_PROCESADO', 'ARCHIVO_WORD', 'tipo_entrega', 'empleado_id']
2025-12-02 19:22:31,879 - INFO - Se encontraron 2 cotizaciones
2025-12-02 19:22:31,879 - INFO - Cotización 1: 2 productos
2025-12-02 19:22:31,879 - INFO - Cotización 2: 3 productos
2025-12-02 19:22:31,879 - INFO - === PASO 2: INICIALIZAR NAVEGADOR ===
2025-12-02 19:22:41,629 - INFO - Navegador Firefox inicializado con configuración limpia
2025-12-02 19:22:41,630 - INFO - === PASO 3: INICIAR SESIÓN ===
2025-12-02 19:22:41,631 - INFO - === MÓDULO 2: INICIO SESIÓN ===
2025-12-02 19:22:46,707 - INFO - Accediendo a: http://ursvtols8b3c:8080/engage-unicomer-web/
2025-12-02 19:22:46,875 - INFO - Credenciales ingresadas
2025-12-02 19:22:49,420 - INFO - Formulario enviado
2025-12-02 19:22:51,589 - INFO - Screenshot capturado: 01_login_resultado.png
2025-12-02 19:22:51,606 - INFO - Login exitoso - URL cambió
2025-12-02 19:22:51,607 - INFO - 
🔄 PROCESANDO COTIZACIÓN 1/2: 1
2025-12-02 19:22:51,607 - INFO - === PASO 4: INICIAR ORDEN DE COMPRA ===
2025-12-02 19:22:51,608 - INFO - Buscando botón 'Comience una Orden de Compra'...
2025-12-02 19:22:51,805 - INFO - Screenshot capturado: C1_02_dashboard.png
2025-12-02 19:22:51,806 - INFO - Intentando selector 1: /html/body/div[2]/div[4]/div/div/div[1]/a[1]/input
2025-12-02 19:22:51,807 - INFO - Esperando que botón orden selector 1 sea visible (timeout: 300s, se reinicia con progreso)...
2025-12-02 19:22:51,856 - INFO - PROGRESO: botón orden selector 1 visible - REINICIANDO timeout
2025-12-02 19:22:51,880 - INFO - OK - botón orden selector 1 listo después de 0.0s
2025-12-02 19:22:52,444 - INFO - Click exitoso en botón orden selector 1
2025-12-02 19:22:53,594 - INFO - Screenshot capturado: C1_04_formulario_orden.png
2025-12-02 19:22:53,595 - INFO - Click realizado en botón orden
2025-12-02 19:22:53,596 - INFO - Configuración - Garantías: NO, Descuento: SI, Créditos: NO, Entrega: NO, Tipo Entrega: cliente llevará
2025-12-02 19:22:53,597 - INFO - === PASO 5: EXTRAER NÚMERO COTIZACIÓN ===
2025-12-02 19:22:53,598 - INFO - === EXTRAYENDO NÚMERO DE COTIZACIÓN INICIAL ===
2025-12-02 19:22:55,679 - INFO - Número encontrado con selector: li.quotationNumberTitle p:last-child
2025-12-02 19:22:55,680 - INFO - Número de cotización: 11609230250005
2025-12-02 19:22:55,681 - INFO - Número base extraído: 11609230250005
2025-12-02 19:22:55,681 - INFO - Número único generado: 11609230250005_5680
2025-12-02 19:22:55,682 - INFO - === PASO 6: AGREGAR ITEMS ============================================================================
2025-12-02 19:22:55,683 - INFO - --- ITEM 1/2 ---
2025-12-02 19:22:55,684 - INFO - === MÓDULO 3: AGREGAR ITEM 1 ===
2025-12-02 19:22:55,685 - INFO - Código: 461431200016, Cantidad: 1
2025-12-02 19:22:55,685 - INFO - Esperando que campo búsqueda item 1 sea visible (timeout: 300s, se reinicia con progreso)...
2025-12-02 19:22:55,716 - INFO - PROGRESO: campo búsqueda item 1 visible - REINICIANDO timeout
2025-12-02 19:22:55,751 - INFO - OK - campo búsqueda item 1 listo después de 0.0s
2025-12-02 19:22:55,805 - INFO - Código 461431200016 ingresado en campo búsqueda
2025-12-02 19:22:55,844 - INFO - Enter enviado para búsqueda
2025-12-02 19:22:57,829 - INFO - Mensaje informativo (ignorado): Error
close
ERROR TO OBTAIN THE PARAMATER: permitirNoInventariadosSeguros...
2025-12-02 19:22:57,830 - INFO - Item 461431200016 procesado correctamente
2025-12-02 19:22:57,831 - INFO - === MÓDULO 4: GARANTÍAS ITEM 1 ===
2025-12-02 19:22:57,831 - INFO - Garantía: RECHAZAR
2025-12-02 19:22:58,960 - INFO - Screenshot capturado: C1_07_pantalla_garantias_01.png
2025-12-02 19:23:05,006 - INFO - Botón No Thanks encontrado - rechazando garantía
2025-12-02 19:23:05,048 - INFO - Click en No Thanks
2025-12-02 19:23:06,170 - INFO - Screenshot capturado: C1_06_item_con_garantias_procesadas_01.png
2025-12-02 19:23:06,175 - INFO - Garantías procesadas para item 1
2025-12-02 19:23:06,183 - INFO - --- ITEM 2/2 ---
2025-12-02 19:23:06,186 - INFO - === MÓDULO 3: AGREGAR ITEM 2 ===
2025-12-02 19:23:06,186 - INFO - Código: 439766400005, Cantidad: 1
2025-12-02 19:23:06,187 - INFO - Esperando que campo búsqueda item 2 sea visible (timeout: 300s, se reinicia con progreso)...
2025-12-02 19:23:06,253 - INFO - PROGRESO: campo búsqueda item 2 visible - REINICIANDO timeout
2025-12-02 19:23:06,275 - INFO - OK - campo búsqueda item 2 listo después de 0.0s
2025-12-02 19:23:06,299 - INFO - Código 439766400005 ingresado en campo búsqueda
2025-12-02 19:23:06,340 - INFO - Enter enviado para búsqueda
2025-12-02 19:23:10,095 - INFO - Item 439766400005 procesado correctamente
2025-12-02 19:23:10,096 - INFO - === MÓDULO 4: GARANTÍAS ITEM 2 ===
2025-12-02 19:23:10,097 - INFO - Garantía: RECHAZAR
2025-12-02 19:23:11,327 - INFO - Screenshot capturado: C1_07_pantalla_garantias_02.png
2025-12-02 19:23:17,405 - INFO - Botón No Thanks encontrado - rechazando garantía
2025-12-02 19:23:17,470 - INFO - Click en No Thanks
2025-12-02 19:23:18,694 - INFO - Screenshot capturado: C1_06_item_con_garantias_procesadas_02.png
2025-12-02 19:23:18,695 - INFO - Garantías procesadas para item 2
2025-12-02 19:23:18,697 - INFO - === PASO 7: ENLAZAR CUSTOMER ==========================================================================
2025-12-02 19:23:18,700 - INFO - === MÓDULO 5: ENLAZAR CUSTOMER ===
2025-12-02 19:23:18,920 - INFO - Screenshot capturado: C1_12_antes_enlazar_cliente.png
2025-12-02 19:23:23,989 - INFO - Enlace cliente encontrado: /html/body/div[2]/div[3]/div[28]/div[3]/h4/a
2025-12-02 19:23:24,036 - INFO - Click en enlace cliente
2025-12-02 19:23:27,178 - INFO - Screenshot capturado: C1_13_formulario_cliente.png
2025-12-02 19:23:28,647 - INFO - Cliente 057874256 ingresado
2025-12-02 19:23:29,797 - INFO - Screenshot capturado: C1_14_cliente_ingresado.png
2025-12-02 19:23:39,409 - INFO - Primer Next
2025-12-02 19:23:42,566 - INFO - Screenshot capturado: C1_15_primer_next.png
2025-12-02 19:23:47,681 - INFO - Segundo Next
2025-12-02 19:23:50,842 - INFO - Screenshot capturado: C1_16_segundo_next.png
2025-12-02 19:23:50,843 - INFO - Customer enlazado exitosamente
2025-12-02 19:23:50,844 - INFO - === PASO 10: CRÉDITOS =============================================================================
2025-12-02 19:23:50,845 - INFO - === MÓDULO 8: APLICAR DESCUENTO EMPLEADO ==========================================================
2025-12-02 19:23:51,235 - INFO - Se abrió el menú de opciones de transacción
2025-12-02 19:23:51,536 - INFO - Se seleccionó la opción de descuento de empleado
2025-12-02 19:23:51,538 - INFO - Buscando modal override vía JavaScript...
2025-12-02 19:23:51,572 - INFO - YES del override presionado correctamente vía JavaScript
2025-12-02 19:23:52,297 - INFO - ID de empleado ingresado
2025-12-02 19:23:53,374 - INFO - Screenshot capturado: C1_descuento_empleado
2025-12-02 19:23:55,727 - INFO - Click en aplicar empleado
2025-12-02 19:23:55,728 - INFO - Esperando campo discountPercentInput...
2025-12-02 19:23:55,733 - INFO - Campo de porcentaje detectado
2025-12-02 19:23:55,743 - INFO - Porcentaje de descuento ingresado vía JavaScript
2025-12-02 19:23:56,816 - INFO - Screenshot capturado: C1_porcentaje_descuento_empleado
2025-12-02 19:23:56,816 - INFO - Buscando botón confirmar...
2025-12-02 19:23:56,840 - INFO - Descuento confirmado vía JavaScript
2025-12-02 19:23:57,841 - INFO - === PASO 11: FINALIZAR COTIZACIÓN ===
2025-12-02 19:23:57,842 - INFO - === FINALIZANDO COTIZACIÓN ===
2025-12-02 19:23:57,881 - INFO - Screenshot capturado: C1_17_antes_finalizar.png
2025-12-02 19:23:59,882 - INFO - PASO 1: Click en botón finalizar
2025-12-02 19:24:02,907 - INFO - ✓ Botón finalizar encontrado con: /html/body/div[2]/div[4]/div/div/div[3]/form[1]/button
2025-12-02 19:24:02,968 - INFO - Screenshot capturado: C1_18_antes_finalizar.png
2025-12-02 19:24:02,969 - INFO - 🔧 Preservando datos de sesión...
2025-12-02 19:24:02,981 - INFO - 📝 Sesión preservada - OrderID: undefined, SessionData: 
2025-12-02 19:24:03,003 - INFO - ✓ Click en botón finalizar exitoso
2025-12-02 19:24:06,023 - INFO - 🖨️ Elementos printer encontrados: 1
2025-12-02 19:24:06,054 - INFO -   Elemento 1: tag=form, id=printForm, class=
2025-12-02 19:24:06,069 - INFO - 📋 Modales encontrados: 184
2025-12-02 19:24:06,103 - INFO -   Modal 1: tag=div, id=itemInquiryDialog, visible=False
2025-12-02 19:24:06,131 - INFO -   Modal 2: tag=div, id=, visible=False
2025-12-02 19:24:06,158 - INFO -   Modal 3: tag=div, id=, visible=False
2025-12-02 19:24:06,171 - INFO - 📝 Formularios encontrados: 48
2025-12-02 19:24:06,172 - INFO - 🔍 MONITOREANDO ESTADO POST-SAVE...
2025-12-02 19:24:07,180 - INFO - 📍 Segundo 1: URL = http://ursvtols8b3c:8080/engage-unicomer-web/saleOrder/saveAndPrint
2025-12-02 19:24:07,187 - INFO - 📄 Segundo 1: Título = Grupo Unicomer
2025-12-02 19:24:08,996 - INFO - 🔘 Segundo 1: Botones visibles = ['Search', 'Item Inquiry', 'Transaction Options', 'Save & Print', 'Save']
2025-12-02 19:24:09,014 - INFO - 🖨️ Segundo 1: Printer Group encontrado! Visible=True
2025-12-02 19:24:09,014 - INFO - ✅ PRINTER GROUP DISPONIBLE - Procediendo a hacer click...
2025-12-02 19:24:09,275 - INFO - ✓ Default Printer seleccionado: //*[@id='printerGroup']
2025-12-02 19:24:10,301 - INFO - 🖨️ Botón print encontrado: //button[@id='defaultSubmitPrintButton']
2025-12-02 19:24:10,328 - INFO - ✅ CLICK EN BOTÓN IMPRIMIR EXITOSO
2025-12-02 19:24:12,397 - INFO - ✅ CONFIRMACIÓN FINAL EXITOSA
2025-12-02 19:24:12,533 - INFO - Screenshot capturado: C1_21_print_completado.png
2025-12-02 19:24:12,533 - INFO - ✅ Finalización exitosa
2025-12-02 19:24:12,534 - INFO - === PASO 12: GENERAR REPORTE INDIVIDUAL ===
2025-12-02 19:24:12,534 - INFO - Generando reporte para cotización 1 con número 11609230250005
2025-12-02 19:24:12,535 - INFO - Screenshots disponibles: 17
2025-12-02 19:24:12,535 - INFO - 🔄 Generando reporte para cotización 1: 11609230250005
2025-12-02 19:24:12,536 - ERROR - Error generando reporte individual: name 'actualizar_excel_cotizacion_individual' is not defined
2025-12-02 19:24:12,547 - ERROR - Traceback: Traceback (most recent call last):
  File "C:\Users\eliseo_lopezp\scale001\automatizacion_cotizaciones\automatizacion_modular.py", line 2383, in generar_reporte_individual
    actualizar_excel_cotizacion_individual("productos_avanzado.xlsx", cotizacion_id, True)
    ^^^^^^^^^^^^^^^^^^^^^^^^^^^^^^^^^^^^^^
NameError: name 'actualizar_excel_cotizacion_individual' is not defined

2025-12-02 19:24:12,548 - INFO - Reporte Word generado exitosamente para cotización 1
2025-12-02 19:24:12,549 - INFO - Iniciando limpieza de screenshots después de generar reporte
2025-12-02 19:24:12,552 - INFO - Screenshot eliminado: 01_login_resultado.png
2025-12-02 19:24:12,556 - INFO - Screenshot eliminado: C1_02_dashboard.png
2025-12-02 19:24:12,560 - INFO - Screenshot eliminado: C1_04_formulario_orden.png
2025-12-02 19:24:12,564 - INFO - Screenshot eliminado: C1_07_pantalla_garantias_01.png
2025-12-02 19:24:12,567 - INFO - Screenshot eliminado: C1_06_item_con_garantias_procesadas_01.png
2025-12-02 19:24:12,569 - INFO - Screenshot eliminado: C1_07_pantalla_garantias_02.png
2025-12-02 19:24:12,573 - INFO - Screenshot eliminado: C1_06_item_con_garantias_procesadas_02.png
2025-12-02 19:24:12,577 - INFO - Screenshot eliminado: C1_12_antes_enlazar_cliente.png
2025-12-02 19:24:12,578 - INFO - Screenshot eliminado: C1_13_formulario_cliente.png
2025-12-02 19:24:12,580 - INFO - Screenshot eliminado: C1_14_cliente_ingresado.png
2025-12-02 19:24:12,581 - INFO - Screenshot eliminado: C1_15_primer_next.png
2025-12-02 19:24:12,582 - INFO - Screenshot eliminado: C1_16_segundo_next.png
2025-12-02 19:24:12,583 - INFO - Screenshot eliminado: C1_descuento_empleado
2025-12-02 19:24:12,585 - INFO - Screenshot eliminado: C1_porcentaje_descuento_empleado
2025-12-02 19:24:12,589 - INFO - Screenshot eliminado: C1_17_antes_finalizar.png
2025-12-02 19:24:12,591 - INFO - Screenshot eliminado: C1_18_antes_finalizar.png
2025-12-02 19:24:12,594 - INFO - Screenshot eliminado: C1_21_print_completado.png
2025-12-02 19:24:12,594 - INFO - 17 screenshots eliminados para esta cotización
2025-12-02 19:24:12,595 - INFO - Cotización 1 completada: 11609230250005
2025-12-02 19:24:14,596 - INFO - 
🔄 PROCESANDO COTIZACIÓN 2/2: 2
2025-12-02 19:24:14,596 - INFO - === PASO 4: INICIAR ORDEN DE COMPRA ===
2025-12-02 19:24:14,597 - INFO - Buscando botón 'Comience una Orden de Compra'...
2025-12-02 19:24:14,718 - INFO - Screenshot capturado: C2_02_dashboard.png
2025-12-02 19:24:14,719 - INFO - Intentando selector 1: /html/body/div[2]/div[4]/div/div/div[1]/a[1]/input
2025-12-02 19:24:14,720 - INFO - Esperando que botón orden selector 1 sea visible (timeout: 300s, se reinicia con progreso)...
2025-12-02 19:24:16,150 - INFO - PROGRESO: botón orden selector 1 visible - REINICIANDO timeout
2025-12-02 19:24:16,178 - INFO - OK - botón orden selector 1 listo después de 0.0s
2025-12-02 19:24:16,784 - INFO - Click exitoso en botón orden selector 1
2025-12-02 19:24:17,943 - INFO - Screenshot capturado: C2_04_formulario_orden.png
2025-12-02 19:24:17,944 - INFO - Click realizado en botón orden
2025-12-02 19:24:17,945 - INFO - Preparando nueva cotización...
2025-12-02 19:24:22,976 - INFO - ✓ Storage del navegador limpiado
2025-12-02 19:24:22,987 - INFO - ✓ Página estabilizada para nueva cotización
2025-12-02 19:24:22,988 - INFO - ✓ Sistema listo para siguiente cotización automática
2025-12-02 19:24:23,990 - INFO - Configuración - Garantías: NO, Descuento: SI, Créditos: NO, Entrega: NO, Tipo Entrega: cliente llevará
2025-12-02 19:24:23,992 - INFO - === PASO 5: EXTRAER NÚMERO COTIZACIÓN ===
2025-12-02 19:24:23,995 - INFO - === EXTRAYENDO NÚMERO DE COTIZACIÓN INICIAL ===
2025-12-02 19:24:26,052 - INFO - Número encontrado con selector: li.quotationNumberTitle p:last-child
2025-12-02 19:24:26,052 - INFO - Número de cotización: 11609230250006
2025-12-02 19:24:26,053 - INFO - Número base extraído: 11609230250006
2025-12-02 19:24:26,054 - INFO - Número único generado: 11609230250006_6053
2025-12-02 19:24:26,055 - INFO - === PASO 6: AGREGAR ITEMS ============================================================================
2025-12-02 19:24:26,055 - INFO - --- ITEM 1/3 ---
2025-12-02 19:24:26,056 - INFO - === MÓDULO 3: AGREGAR ITEM 1 ===
2025-12-02 19:24:26,056 - INFO - Código: 462801600016, Cantidad: 1
2025-12-02 19:24:26,057 - INFO - Esperando que campo búsqueda item 1 sea visible (timeout: 300s, se reinicia con progreso)...
2025-12-02 19:24:26,098 - INFO - PROGRESO: campo búsqueda item 1 visible - REINICIANDO timeout
2025-12-02 19:24:26,125 - INFO - OK - campo búsqueda item 1 listo después de 0.0s
2025-12-02 19:24:26,175 - INFO - Código 462801600016 ingresado en campo búsqueda
2025-12-02 19:24:26,210 - INFO - Enter enviado para búsqueda
2025-12-02 19:24:27,777 - INFO - Mensaje informativo (ignorado): Error
close
ERROR TO OBTAIN THE PARAMATER: permitirNoInventariadosSeguros...
2025-12-02 19:24:27,778 - INFO - Item 462801600016 procesado correctamente
2025-12-02 19:24:27,778 - INFO - === MÓDULO 4: GARANTÍAS ITEM 1 ===
2025-12-02 19:24:27,779 - INFO - Garantía: RECHAZAR
2025-12-02 19:24:28,923 - INFO - Screenshot capturado: C2_07_pantalla_garantias_01.png
2025-12-02 19:24:34,963 - INFO - Botón No Thanks encontrado - rechazando garantía
2025-12-02 19:24:34,992 - INFO - Click en No Thanks
2025-12-02 19:24:36,110 - INFO - Screenshot capturado: C2_06_item_con_garantias_procesadas_01.png
2025-12-02 19:24:36,110 - INFO - Garantías procesadas para item 1
2025-12-02 19:24:36,110 - INFO - --- ITEM 2/3 ---
2025-12-02 19:24:36,111 - INFO - === MÓDULO 3: AGREGAR ITEM 2 ===
2025-12-02 19:24:36,111 - INFO - Código: 456497500019, Cantidad: 1
2025-12-02 19:24:36,112 - INFO - Esperando que campo búsqueda item 2 sea visible (timeout: 300s, se reinicia con progreso)...
2025-12-02 19:24:36,151 - INFO - PROGRESO: campo búsqueda item 2 visible - REINICIANDO timeout
2025-12-02 19:24:36,184 - INFO - OK - campo búsqueda item 2 listo después de 0.0s
2025-12-02 19:24:36,232 - INFO - Código 456497500019 ingresado en campo búsqueda
2025-12-02 19:24:36,251 - INFO - Enter enviado para búsqueda
2025-12-02 19:24:38,585 - INFO - Mensaje informativo (ignorado): Error
close
ERROR TO OBTAIN THE PARAMATER: permitirNoInventariadosSeguros...
2025-12-02 19:24:38,586 - INFO - Item 456497500019 procesado correctamente
2025-12-02 19:24:38,587 - INFO - === MÓDULO 4: GARANTÍAS ITEM 2 ===
2025-12-02 19:24:38,587 - INFO - Garantía: RECHAZAR
2025-12-02 19:24:39,730 - INFO - Screenshot capturado: C2_07_pantalla_garantias_02.png
2025-12-02 19:24:45,774 - INFO - Botón No Thanks encontrado - rechazando garantía
2025-12-02 19:24:45,804 - INFO - Click en No Thanks
2025-12-02 19:24:46,980 - INFO - Screenshot capturado: C2_06_item_con_garantias_procesadas_02.png
2025-12-02 19:24:46,982 - INFO - Garantías procesadas para item 2
2025-12-02 19:24:46,984 - INFO - --- ITEM 3/3 ---
2025-12-02 19:24:46,985 - INFO - === MÓDULO 3: AGREGAR ITEM 3 ===
2025-12-02 19:24:46,986 - INFO - Código: 461964100012, Cantidad: 1
2025-12-02 19:24:46,987 - INFO - Esperando que campo búsqueda item 3 sea visible (timeout: 300s, se reinicia con progreso)...
2025-12-02 19:24:47,034 - INFO - PROGRESO: campo búsqueda item 3 visible - REINICIANDO timeout
2025-12-02 19:24:47,057 - INFO - OK - campo búsqueda item 3 listo después de 0.0s
2025-12-02 19:24:47,120 - INFO - Código 461964100012 ingresado en campo búsqueda
2025-12-02 19:24:47,156 - INFO - Enter enviado para búsqueda
2025-12-02 19:24:50,376 - INFO - Mensaje informativo (ignorado): Error
close
ERROR TO OBTAIN THE PARAMATER: permitirNoInventariadosSeguros...
2025-12-02 19:24:50,377 - INFO - Item 461964100012 procesado correctamente
2025-12-02 19:24:50,377 - INFO - === MÓDULO 4: GARANTÍAS ITEM 3 ===
2025-12-02 19:24:50,378 - INFO - Garantía: RECHAZAR
2025-12-02 19:24:51,543 - INFO - Screenshot capturado: C2_07_pantalla_garantias_03.png
2025-12-02 19:24:57,577 - INFO - Botón No Thanks encontrado - rechazando garantía
2025-12-02 19:24:57,612 - INFO - Click en No Thanks
2025-12-02 19:24:58,816 - INFO - Screenshot capturado: C2_06_item_con_garantias_procesadas_03.png
2025-12-02 19:24:58,818 - INFO - Garantías procesadas para item 3
2025-12-02 19:24:58,820 - INFO - === PASO 7: ENLAZAR CUSTOMER ==========================================================================
2025-12-02 19:24:58,821 - INFO - === MÓDULO 5: ENLAZAR CUSTOMER ===
2025-12-02 19:24:58,910 - INFO - Screenshot capturado: C2_12_antes_enlazar_cliente.png
2025-12-02 19:25:03,955 - INFO - Enlace cliente encontrado: /html/body/div[2]/div[3]/div[28]/div[3]/h4/a
2025-12-02 19:25:04,001 - INFO - Click en enlace cliente
2025-12-02 19:25:07,095 - INFO - Screenshot capturado: C2_13_formulario_cliente.png
2025-12-02 19:25:08,391 - INFO - Cliente 057874256 ingresado
2025-12-02 19:25:09,491 - INFO - Screenshot capturado: C2_14_cliente_ingresado.png
2025-12-02 19:25:13,294 - INFO - Primer Next
2025-12-02 19:25:16,430 - INFO - Screenshot capturado: C2_15_primer_next.png
2025-12-02 19:25:21,705 - INFO - Segundo Next
2025-12-02 19:25:24,784 - INFO - Screenshot capturado: C2_16_segundo_next.png
2025-12-02 19:25:24,784 - INFO - Customer enlazado exitosamente
2025-12-02 19:25:24,785 - INFO - === PASO 10: CRÉDITOS =============================================================================
2025-12-02 19:25:24,785 - INFO - === MÓDULO 8: APLICAR DESCUENTO EMPLEADO ==========================================================
2025-12-02 19:25:25,049 - INFO - Se abrió el menú de opciones de transacción
2025-12-02 19:25:25,307 - INFO - Se seleccionó la opción de descuento de empleado
2025-12-02 19:25:25,307 - INFO - Buscando modal override vía JavaScript...
2025-12-02 19:25:25,320 - INFO - YES del override presionado correctamente vía JavaScript
2025-12-02 19:25:25,890 - INFO - ID de empleado ingresado
2025-12-02 19:25:26,995 - INFO - Screenshot capturado: C2_descuento_empleado
2025-12-02 19:25:29,199 - INFO - Click en aplicar empleado
2025-12-02 19:25:29,200 - INFO - Esperando campo discountPercentInput...
2025-12-02 19:25:29,208 - INFO - Campo de porcentaje detectado
2025-12-02 19:25:29,220 - INFO - Porcentaje de descuento ingresado vía JavaScript
2025-12-02 19:25:30,388 - INFO - Screenshot capturado: C2_porcentaje_descuento_empleado
2025-12-02 19:25:30,389 - INFO - Buscando botón confirmar...
2025-12-02 19:25:53,191 - ERROR - Error general: Message: TypeError: browsingContext.currentWindowGlobal is null
Stacktrace:
getMarionetteCommandsActorProxy/get/<@chrome://remote/content/marionette/actors/MarionetteCommandsParent.sys.mjs:311:17
observe@resource://gre/modules/AsyncShutdown.sys.mjs:575:17

2025-12-02 19:25:53,191 - INFO - 📋 Ver detalles del error en: logs\automatizacion_20251202.log
2025-12-02 19:25:53,193 - INFO - Limpiando recursos...
2025-12-02 19:25:53,194 - INFO - Eliminando screenshots residuales...
2025-12-02 19:25:53,219 - INFO - 15 screenshots residuales eliminados
2025-12-02 19:25:55,335 - INFO - Navegador cerrado
2025-12-02 19:25:55,345 - INFO - Limpieza de recursos completada
2025-12-02 19:25:55,346 - INFO - === AUTOMATIZACIÓN FINALIZADA ===
2025-12-02 19:26:01,845 - INFO - Log guardándose en: logs\automatizacion_20251202.log
2025-12-02 19:26:01,846 - INFO -  === AUTOMATIZACIÓN MODULAR INICIADA ===
2025-12-02 19:26:01,846 - INFO - Archivo: productos.xlsx
2025-12-02 19:26:01,846 - INFO - === PASO 1: LECTURA EXCEL ===
2025-12-02 19:26:01,846 - INFO - === MÓDULO 1: LECTURA EXCEL ===
2025-12-02 19:26:01,846 - INFO - Archivo: productos.xlsx
2025-12-02 19:26:01,871 - INFO - Columnas encontradas: ['PROCESS', 'cotizacion_id', 'codigo', 'descripcion', 'cantidad', 'con_garantia', 'descuento_empleado', 'con_creditos', 'entrega_cliente', 'COTIZACION', 'ESTADO', 'FECHA_PROCESADO', 'ARCHIVO_WORD', 'tipo_entrega', 'empleado_id']
2025-12-02 19:26:01,874 - INFO - Se encontraron 2 cotizaciones
2025-12-02 19:26:01,874 - INFO - Cotización 1: 2 productos
2025-12-02 19:26:01,874 - INFO - Cotización 2: 3 productos
2025-12-02 19:26:01,875 - INFO - === PASO 2: INICIALIZAR NAVEGADOR ===
2025-12-02 19:26:13,410 - INFO - Navegador Firefox inicializado con configuración limpia
2025-12-02 19:26:13,411 - INFO - === PASO 3: INICIAR SESIÓN ===
2025-12-02 19:26:13,411 - INFO - === MÓDULO 2: INICIO SESIÓN ===
2025-12-02 19:26:16,771 - INFO - Accediendo a: http://ursvtols8b3c:8080/engage-unicomer-web/
2025-12-02 19:26:16,848 - INFO - Credenciales ingresadas
2025-12-02 19:26:18,900 - INFO - Formulario enviado
2025-12-02 19:26:21,038 - INFO - Screenshot capturado: 01_login_resultado.png
2025-12-02 19:26:21,050 - INFO - Login exitoso - URL cambió
2025-12-02 19:26:21,051 - INFO - 
🔄 PROCESANDO COTIZACIÓN 1/2: 1
2025-12-02 19:26:21,051 - INFO - === PASO 4: INICIAR ORDEN DE COMPRA ===
2025-12-02 19:26:21,054 - INFO - Buscando botón 'Comience una Orden de Compra'...
2025-12-02 19:26:21,182 - INFO - Screenshot capturado: C1_02_dashboard.png
2025-12-02 19:26:21,184 - INFO - Intentando selector 1: /html/body/div[2]/div[4]/div/div/div[1]/a[1]/input
2025-12-02 19:26:21,186 - INFO - Esperando que botón orden selector 1 sea visible (timeout: 300s, se reinicia con progreso)...
2025-12-02 19:26:21,233 - INFO - PROGRESO: botón orden selector 1 visible - REINICIANDO timeout
2025-12-02 19:26:21,261 - INFO - OK - botón orden selector 1 listo después de 0.0s
2025-12-02 19:26:21,831 - INFO - Click exitoso en botón orden selector 1
2025-12-02 19:26:22,989 - INFO - Screenshot capturado: C1_04_formulario_orden.png
2025-12-02 19:26:22,990 - INFO - Click realizado en botón orden
2025-12-02 19:26:22,990 - INFO - Configuración - Garantías: NO, Descuento: SI, Créditos: NO, Entrega: NO, Tipo Entrega: cliente llevará
2025-12-02 19:26:22,991 - INFO - === PASO 5: EXTRAER NÚMERO COTIZACIÓN ===
2025-12-02 19:26:22,991 - INFO - === EXTRAYENDO NÚMERO DE COTIZACIÓN INICIAL ===
2025-12-02 19:26:25,107 - INFO - Número encontrado con selector: li.quotationNumberTitle p:last-child
2025-12-02 19:26:25,108 - INFO - Número de cotización: 11609231250005
2025-12-02 19:26:25,109 - INFO - Número base extraído: 11609231250005
2025-12-02 19:26:25,109 - INFO - Número único generado: 11609231250005_5109
2025-12-02 19:26:25,110 - INFO - === PASO 6: AGREGAR ITEMS ============================================================================
2025-12-02 19:26:25,111 - INFO - --- ITEM 1/2 ---
2025-12-02 19:26:25,112 - INFO - === MÓDULO 3: AGREGAR ITEM 1 ===
2025-12-02 19:26:25,114 - INFO - Código: 461431200016, Cantidad: 1
2025-12-02 19:26:25,115 - INFO - Esperando que campo búsqueda item 1 sea visible (timeout: 300s, se reinicia con progreso)...
2025-12-02 19:26:25,162 - INFO - PROGRESO: campo búsqueda item 1 visible - REINICIANDO timeout
2025-12-02 19:26:25,212 - INFO - OK - campo búsqueda item 1 listo después de 0.0s
2025-12-02 19:26:25,360 - INFO - Código 461431200016 ingresado en campo búsqueda
2025-12-02 19:26:25,407 - INFO - Enter enviado para búsqueda
2025-12-02 19:26:27,212 - INFO - Item 461431200016 procesado correctamente
2025-12-02 19:26:27,213 - INFO - === MÓDULO 4: GARANTÍAS ITEM 1 ===
2025-12-02 19:26:27,214 - INFO - Garantía: RECHAZAR
2025-12-02 19:26:28,412 - INFO - Screenshot capturado: C1_07_pantalla_garantias_01.png
2025-12-02 19:26:34,471 - INFO - Botón No Thanks encontrado - rechazando garantía
2025-12-02 19:26:34,514 - INFO - Click en No Thanks
2025-12-02 19:26:35,658 - INFO - Screenshot capturado: C1_06_item_con_garantias_procesadas_01.png
2025-12-02 19:26:35,659 - INFO - Garantías procesadas para item 1
2025-12-02 19:26:35,659 - INFO - --- ITEM 2/2 ---
2025-12-02 19:26:35,662 - INFO - === MÓDULO 3: AGREGAR ITEM 2 ===
2025-12-02 19:26:35,663 - INFO - Código: 439766400005, Cantidad: 1
2025-12-02 19:26:35,664 - INFO - Esperando que campo búsqueda item 2 sea visible (timeout: 300s, se reinicia con progreso)...
2025-12-02 19:26:35,739 - INFO - PROGRESO: campo búsqueda item 2 visible - REINICIANDO timeout
2025-12-02 19:26:35,880 - INFO - OK - campo búsqueda item 2 listo después de 0.0s
2025-12-02 19:26:35,961 - INFO - Código 439766400005 ingresado en campo búsqueda
2025-12-02 19:26:36,001 - INFO - Enter enviado para búsqueda
2025-12-02 19:26:38,712 - INFO -  Popup cerrado
2025-12-02 19:26:38,726 - INFO - Item 439766400005 procesado correctamente
2025-12-02 19:26:38,727 - INFO - === MÓDULO 4: GARANTÍAS ITEM 2 ===
2025-12-02 19:26:38,727 - INFO - Garantía: RECHAZAR
2025-12-02 19:26:39,875 - INFO - Screenshot capturado: C1_07_pantalla_garantias_02.png
2025-12-02 19:26:45,952 - INFO - Botón No Thanks encontrado - rechazando garantía
2025-12-02 19:26:46,008 - INFO - Click en No Thanks
2025-12-02 19:26:47,228 - INFO - Screenshot capturado: C1_06_item_con_garantias_procesadas_02.png
2025-12-02 19:26:47,232 - INFO - Garantías procesadas para item 2
2025-12-02 19:26:47,235 - INFO - === PASO 7: ENLAZAR CUSTOMER ==========================================================================
2025-12-02 19:26:47,236 - INFO - === MÓDULO 5: ENLAZAR CUSTOMER ===
2025-12-02 19:26:47,383 - INFO - Screenshot capturado: C1_12_antes_enlazar_cliente.png
2025-12-02 19:26:52,444 - INFO - Enlace cliente encontrado: /html/body/div[2]/div[3]/div[28]/div[3]/h4/a
2025-12-02 19:26:52,456 - INFO - Click en enlace cliente
2025-12-02 19:26:55,517 - INFO - Screenshot capturado: C1_13_formulario_cliente.png
2025-12-02 19:26:56,783 - INFO - Cliente 057874256 ingresado
2025-12-02 19:26:57,833 - INFO - Screenshot capturado: C1_14_cliente_ingresado.png
2025-12-02 19:26:59,232 - INFO - Primer Next
2025-12-02 19:27:02,303 - INFO - Screenshot capturado: C1_15_primer_next.png
2025-12-02 19:27:06,361 - INFO - Segundo Next
2025-12-02 19:27:09,476 - INFO - Screenshot capturado: C1_16_segundo_next.png
2025-12-02 19:27:09,476 - INFO - Customer enlazado exitosamente
2025-12-02 19:27:09,476 - INFO - === PASO 10: CRÉDITOS =============================================================================
2025-12-02 19:27:09,477 - INFO - === MÓDULO 8: APLICAR DESCUENTO EMPLEADO ==========================================================
2025-12-02 19:27:10,113 - INFO - Se abrió el menú de opciones de transacción
2025-12-02 19:27:10,715 - INFO - Se seleccionó la opción de descuento de empleado
2025-12-02 19:27:10,715 - INFO - Buscando modal override vía JavaScript...
2025-12-02 19:27:10,731 - INFO - YES del override presionado correctamente vía JavaScript
2025-12-02 19:27:11,915 - INFO - ID de empleado ingresado
2025-12-02 19:27:12,977 - INFO - Screenshot capturado: C1_descuento_empleado
2025-12-02 19:27:14,871 - INFO - Click en aplicar empleado
2025-12-02 19:27:14,871 - INFO - Esperando campo discountPercentInput...
2025-12-02 19:27:14,882 - INFO - Campo de porcentaje detectado
2025-12-02 19:27:17,891 - INFO - Porcentaje de descuento ingresado vía JavaScript
2025-12-02 19:27:18,950 - INFO - Screenshot capturado: C1_porcentaje_descuento_empleado
2025-12-02 19:27:18,951 - INFO - Buscando botón confirmar...
2025-12-02 19:27:18,975 - INFO - Descuento confirmado vía JavaScript
2025-12-02 19:27:19,976 - INFO - === PASO 11: FINALIZAR COTIZACIÓN ===
2025-12-02 19:27:19,977 - INFO - === FINALIZANDO COTIZACIÓN ===
2025-12-02 19:27:20,063 - INFO - Screenshot capturado: C1_17_antes_finalizar.png
2025-12-02 19:27:22,064 - INFO - PASO 1: Click en botón finalizar
2025-12-02 19:27:25,148 - INFO - ✓ Botón finalizar encontrado con: /html/body/div[2]/div[4]/div/div/div[3]/form[1]/button
2025-12-02 19:27:25,299 - INFO - Screenshot capturado: C1_18_antes_finalizar.png
2025-12-02 19:27:25,299 - INFO - 🔧 Preservando datos de sesión...
2025-12-02 19:27:25,326 - INFO - 📝 Sesión preservada - OrderID: undefined, SessionData: 
2025-12-02 19:27:25,365 - INFO - ✓ Click en botón finalizar exitoso
2025-12-02 19:27:33,422 - INFO - 📋 Modales encontrados: 189
2025-12-02 19:27:33,481 - INFO -   Modal 1: tag=div, id=itemInquiryDialog, visible=False
2025-12-02 19:27:33,535 - INFO -   Modal 2: tag=div, id=, visible=False
2025-12-02 19:27:33,583 - INFO -   Modal 3: tag=div, id=, visible=False
2025-12-02 19:27:33,599 - INFO - 📝 Formularios encontrados: 47
2025-12-02 19:27:33,600 - INFO - 🔍 MONITOREANDO ESTADO POST-SAVE...
2025-12-02 19:27:34,606 - INFO - 📍 Segundo 1: URL = http://ursvtols8b3c:8080/engage-unicomer-web/saleOrder/index
2025-12-02 19:27:34,612 - INFO - 📄 Segundo 1: Título = Grupo Unicomer
2025-12-02 19:27:37,345 - INFO - 🔘 Segundo 1: Botones visibles = ['Search', 'Item Inquiry', 'Transaction Options', 'Save & Print', 'Save']
2025-12-02 19:27:42,364 - INFO - 🖨️ Segundo 1: Printer Group NO encontrado
2025-12-02 19:27:42,374 - INFO - 🐛 Segundo 1: JS Console disponible
2025-12-02 19:27:42,397 - INFO - 💾 Segundo 1: Session=undefined, Local=undefined
2025-12-02 19:27:43,405 - INFO - 📍 Segundo 2: URL = http://ursvtols8b3c:8080/engage-unicomer-web/saleOrder/index
2025-12-02 19:27:43,409 - INFO - 📄 Segundo 2: Título = Grupo Unicomer
2025-12-02 19:27:45,896 - INFO - 🔘 Segundo 2: Botones visibles = ['Search', 'Item Inquiry', 'Transaction Options', 'Save & Print', 'Save']
2025-12-02 19:27:50,917 - INFO - 🖨️ Segundo 2: Printer Group NO encontrado
2025-12-02 19:27:50,933 - INFO - 🐛 Segundo 2: JS Console disponible
2025-12-02 19:27:50,955 - INFO - 💾 Segundo 2: Session=undefined, Local=undefined
2025-12-02 19:27:51,962 - INFO - 📍 Segundo 3: URL = http://ursvtols8b3c:8080/engage-unicomer-web/saleOrder/index
2025-12-02 19:27:51,967 - INFO - 📄 Segundo 3: Título = Grupo Unicomer
2025-12-02 19:27:54,716 - INFO - 🔘 Segundo 3: Botones visibles = ['Search', 'Item Inquiry', 'Transaction Options', 'Save & Print', 'Save']
2025-12-02 19:27:59,725 - INFO - 🖨️ Segundo 3: Printer Group NO encontrado
2025-12-02 19:27:59,733 - INFO - 🐛 Segundo 3: JS Console disponible
2025-12-02 19:27:59,750 - INFO - 💾 Segundo 3: Session=undefined, Local=undefined
2025-12-02 19:28:00,759 - INFO - 📍 Segundo 4: URL = http://ursvtols8b3c:8080/engage-unicomer-web/saleOrder/index
2025-12-02 19:28:00,766 - INFO - 📄 Segundo 4: Título = Grupo Unicomer
2025-12-02 19:28:03,094 - INFO - 🔘 Segundo 4: Botones visibles = ['Search', 'Item Inquiry', 'Transaction Options', 'Save & Print', 'Save']
2025-12-02 19:28:08,163 - INFO - 🖨️ Segundo 4: Printer Group NO encontrado
2025-12-02 19:28:08,172 - INFO - 🐛 Segundo 4: JS Console disponible
2025-12-02 19:28:08,184 - INFO - 💾 Segundo 4: Session=undefined, Local=undefined
2025-12-02 19:28:09,191 - INFO - 📍 Segundo 5: URL = http://ursvtols8b3c:8080/engage-unicomer-web/saleOrder/index
2025-12-02 19:28:09,197 - INFO - 📄 Segundo 5: Título = Grupo Unicomer
2025-12-02 19:28:13,024 - INFO - 🔘 Segundo 5: Botones visibles = ['Search', 'Item Inquiry', 'Transaction Options', 'Save & Print', 'Save']
2025-12-02 19:28:18,051 - INFO - 🖨️ Segundo 5: Printer Group NO encontrado
2025-12-02 19:28:18,069 - INFO - 🐛 Segundo 5: JS Console disponible
2025-12-02 19:28:18,094 - INFO - 💾 Segundo 5: Session=undefined, Local=undefined
2025-12-02 19:28:19,100 - INFO - 📍 Segundo 6: URL = http://ursvtols8b3c:8080/engage-unicomer-web/saleOrder/index
2025-12-02 19:28:19,106 - INFO - 📄 Segundo 6: Título = Grupo Unicomer
2025-12-02 19:28:21,336 - INFO - 🔘 Segundo 6: Botones visibles = ['Search', 'Item Inquiry', 'Transaction Options', 'Save & Print', 'Save']
2025-12-02 19:28:26,355 - INFO - 🖨️ Segundo 6: Printer Group NO encontrado
2025-12-02 19:28:26,365 - INFO - 🐛 Segundo 6: JS Console disponible
2025-12-02 19:28:26,383 - INFO - 💾 Segundo 6: Session=undefined, Local=undefined
2025-12-02 19:28:27,389 - INFO - 📍 Segundo 7: URL = http://ursvtols8b3c:8080/engage-unicomer-web/saleOrder/index
2025-12-02 19:28:27,396 - INFO - 📄 Segundo 7: Título = Grupo Unicomer
2025-12-02 19:28:28,727 - INFO - 🔘 Segundo 7: Botones visibles = ['Search', 'Item Inquiry', 'Transaction Options', 'Save & Print', 'Save']
2025-12-02 19:28:33,747 - INFO - 🖨️ Segundo 7: Printer Group NO encontrado
2025-12-02 19:28:33,769 - INFO - 🐛 Segundo 7: JS Console disponible
2025-12-02 19:28:33,806 - INFO - 💾 Segundo 7: Session=undefined, Local=undefined
2025-12-02 19:28:34,813 - INFO - 📍 Segundo 8: URL = http://ursvtols8b3c:8080/engage-unicomer-web/saleOrder/index
2025-12-02 19:28:34,818 - INFO - 📄 Segundo 8: Título = Grupo Unicomer
2025-12-02 19:28:36,057 - INFO - 🔘 Segundo 8: Botones visibles = ['×', 'OK', 'Search', 'Item Inquiry', 'Transaction Options']
2025-12-02 19:28:41,069 - INFO - 🖨️ Segundo 8: Printer Group NO encontrado
2025-12-02 19:28:41,077 - INFO - 🐛 Segundo 8: JS Console disponible
2025-12-02 19:28:41,093 - INFO - 💾 Segundo 8: Session=undefined, Local=undefined
2025-12-02 19:28:42,099 - INFO - 📍 Segundo 9: URL = http://ursvtols8b3c:8080/engage-unicomer-web/saleOrder/index
2025-12-02 19:28:42,105 - INFO - 📄 Segundo 9: Título = Grupo Unicomer
2025-12-02 19:28:43,527 - INFO - 🔘 Segundo 9: Botones visibles = ['×', 'OK', 'Search', 'Item Inquiry', 'Transaction Options']
2025-12-02 19:28:48,540 - INFO - 🖨️ Segundo 9: Printer Group NO encontrado
2025-12-02 19:28:48,549 - INFO - 🐛 Segundo 9: JS Console disponible
2025-12-02 19:28:48,570 - INFO - 💾 Segundo 9: Session=undefined, Local=undefined
2025-12-02 19:28:49,578 - INFO - 📍 Segundo 10: URL = http://ursvtols8b3c:8080/engage-unicomer-web/saleOrder/index
2025-12-02 19:28:49,587 - INFO - 📄 Segundo 10: Título = Grupo Unicomer
2025-12-02 19:28:51,054 - INFO - 🔘 Segundo 10: Botones visibles = ['×', 'OK', 'Search', 'Item Inquiry', 'Transaction Options']
2025-12-02 19:28:56,081 - INFO - 🖨️ Segundo 10: Printer Group NO encontrado
2025-12-02 19:28:56,091 - INFO - 🐛 Segundo 10: JS Console disponible
2025-12-02 19:28:56,109 - INFO - 💾 Segundo 10: Session=undefined, Local=undefined
2025-12-02 19:28:56,109 - INFO - 🏁 FIN DE MONITOREO POST-SAVE
2025-12-02 19:28:56,110 - INFO - 🔄 Buscando botón Save en página delivery/search...
2025-12-02 19:28:56,133 - INFO - ℹ️ Botón Save delivery encontrado pero no clickeable
2025-12-02 19:28:56,133 - INFO - 🔄 Verificación final del Printer Group...
2025-12-02 19:29:04,154 - INFO - ℹ️ Printer Group no apareció en verificación final
2025-12-02 19:29:04,155 - INFO - 💡 Esto puede ser normal - el Save ya se ejecutó
2025-12-02 19:29:04,155 - INFO - ⏳ Esperando procesamiento completo del Save...
2025-12-02 19:29:06,172 - INFO - PASO 2: Esperando redirección automática del servidor...
2025-12-02 19:29:06,178 - INFO - 📍 URL antes del submit: http://ursvtols8b3c:8080/engage-unicomer-web/saleOrder/index
2025-12-02 19:29:07,199 - INFO - ⏱️ Segundo 1: URL=http://ursvtols8b3c:8080/engage-unicomer-web/saleOrder/index, Título=Grupo Unicomer
2025-12-02 19:29:07,217 - INFO - ✅ Indicador de éxito encontrado: 'successfully'
2025-12-02 19:29:07,293 - INFO - Screenshot capturado: C1_20_exito_detectado.png
2025-12-02 19:29:07,293 - INFO - ✅ Finalización exitosa
2025-12-02 19:29:07,294 - INFO - === PASO 12: GENERAR REPORTE INDIVIDUAL ===
2025-12-02 19:29:07,295 - INFO - Generando reporte para cotización 1 con número 11609231250005
2025-12-02 19:29:07,295 - INFO - Screenshots disponibles: 17
2025-12-02 19:29:07,296 - INFO - 🔄 Generando reporte para cotización 1: 11609231250005
2025-12-02 19:29:07,297 - ERROR - Error generando reporte individual: name 'actualizar_excel_cotizacion_individual' is not defined
2025-12-02 19:29:07,304 - ERROR - Traceback: Traceback (most recent call last):
  File "C:\Users\eliseo_lopezp\scale001\automatizacion_cotizaciones\automatizacion_modular.py", line 2384, in generar_reporte_individual
    actualizar_excel_cotizacion_individual("productos_avanzado.xlsx", cotizacion_id, True)
    ^^^^^^^^^^^^^^^^^^^^^^^^^^^^^^^^^^^^^^
NameError: name 'actualizar_excel_cotizacion_individual' is not defined

2025-12-02 19:29:07,305 - INFO - Reporte Word generado exitosamente para cotización 1
2025-12-02 19:29:07,305 - INFO - Iniciando limpieza de screenshots después de generar reporte
2025-12-02 19:29:07,308 - INFO - Screenshot eliminado: 01_login_resultado.png
2025-12-02 19:29:07,311 - INFO - Screenshot eliminado: C1_02_dashboard.png
2025-12-02 19:29:07,313 - INFO - Screenshot eliminado: C1_04_formulario_orden.png
2025-12-02 19:29:07,315 - INFO - Screenshot eliminado: C1_07_pantalla_garantias_01.png
2025-12-02 19:29:07,317 - INFO - Screenshot eliminado: C1_06_item_con_garantias_procesadas_01.png
2025-12-02 19:29:07,319 - INFO - Screenshot eliminado: C1_07_pantalla_garantias_02.png
2025-12-02 19:29:07,321 - INFO - Screenshot eliminado: C1_06_item_con_garantias_procesadas_02.png
2025-12-02 19:29:07,322 - INFO - Screenshot eliminado: C1_12_antes_enlazar_cliente.png
2025-12-02 19:29:07,323 - INFO - Screenshot eliminado: C1_13_formulario_cliente.png
2025-12-02 19:29:07,324 - INFO - Screenshot eliminado: C1_14_cliente_ingresado.png
2025-12-02 19:29:07,328 - INFO - Screenshot eliminado: C1_15_primer_next.png
2025-12-02 19:29:07,330 - INFO - Screenshot eliminado: C1_16_segundo_next.png
2025-12-02 19:29:07,333 - INFO - Screenshot eliminado: C1_descuento_empleado
2025-12-02 19:29:07,334 - INFO - Screenshot eliminado: C1_porcentaje_descuento_empleado
2025-12-02 19:29:07,336 - INFO - Screenshot eliminado: C1_17_antes_finalizar.png
2025-12-02 19:29:07,338 - INFO - Screenshot eliminado: C1_18_antes_finalizar.png
2025-12-02 19:29:07,340 - INFO - Screenshot eliminado: C1_20_exito_detectado.png
2025-12-02 19:29:07,341 - INFO - 17 screenshots eliminados para esta cotización
2025-12-02 19:29:07,341 - INFO - Cotización 1 completada: 11609231250005
2025-12-02 19:29:09,342 - INFO - 
🔄 PROCESANDO COTIZACIÓN 2/2: 2
2025-12-02 19:29:09,343 - INFO - === PASO 4: INICIAR ORDEN DE COMPRA ===
2025-12-02 19:29:09,343 - INFO - Buscando botón 'Comience una Orden de Compra'...
2025-12-02 19:29:09,458 - INFO - Screenshot capturado: C2_02_dashboard.png
2025-12-02 19:29:09,459 - INFO - Intentando selector 1: /html/body/div[2]/div[4]/div/div/div[1]/a[1]/input
2025-12-02 19:29:09,459 - INFO - Esperando que botón orden selector 1 sea visible (timeout: 300s, se reinicia con progreso)...
2025-12-02 19:29:14,981 - INFO - Esperando botón orden selector 1... Sin progreso: 0s, Total: 0s, Queda: 300s
2025-12-02 19:30:15,716 - INFO - Esperando botón orden selector 1... Sin progreso: 61s, Total: 61s, Queda: 239s
2025-12-02 19:30:18,912 - ERROR - Error inesperado verificando visibilidad de botón orden selector 1: Message: TypeError: browsingContext.currentWindowGlobal is null
Stacktrace:
getMarionetteCommandsActorProxy/get/<@chrome://remote/content/marionette/actors/MarionetteCommandsParent.sys.mjs:311:17
observe@resource://gre/modules/AsyncShutdown.sys.mjs:575:17

2025-12-02 19:30:18,912 - WARNING - QUITANDO: botón orden selector 1 - Sin progreso por 300s, continuando sin él
2025-12-02 19:30:18,913 - INFO - Selector 1 quitado por falta de progreso, probando siguiente...
2025-12-02 19:30:18,913 - ERROR - Ningún selector de botón orden funcionó - todos fueron quitados por timeout
2025-12-02 19:30:18,913 - WARNING - No se pudo iniciar orden de compra para cotización 2 - continuando con siguiente
2025-12-02 19:30:18,913 - INFO - === PASO 13: CREAR REPORTES FINALES ===
2025-12-02 19:30:18,914 - INFO - === REPORTE FINAL ===
2025-12-02 19:30:18,914 - INFO - Excel ya fue actualizado individualmente por cotización
2025-12-02 19:30:18,914 - INFO - Reportes Word ya fueron generados individualmente
2025-12-02 19:30:18,919 - INFO - Reportes encontrados: 0
2025-12-02 19:30:18,919 - INFO - === RESUMEN FINAL ===
2025-12-02 19:30:18,919 - INFO -  PROCESO MODULAR COMPLETADO
2025-12-02 19:30:18,920 - INFO - Cotizaciones procesadas: 1
2025-12-02 19:30:18,920 - INFO - Excel: productos.xlsx
2025-12-02 19:30:18,920 - INFO - Navegador abierto por 60 segundos...
2025-12-02 19:30:20,921 - INFO - Limpiando recursos...
2025-12-02 19:30:20,921 - INFO - Eliminando screenshots residuales...
2025-12-02 19:30:20,923 - INFO - 1 screenshots residuales eliminados
2025-12-02 19:30:23,493 - INFO - Navegador cerrado
2025-12-02 19:30:23,493 - INFO - Limpieza de recursos completada
2025-12-02 19:30:23,494 - INFO - === AUTOMATIZACIÓN FINALIZADA ===
2025-12-02 19:30:31,184 - INFO - Log guardándose en: logs\automatizacion_20251202.log
2025-12-02 19:30:31,184 - INFO -  === AUTOMATIZACIÓN MODULAR INICIADA ===
2025-12-02 19:30:31,184 - INFO - Archivo: productos.xlsx
2025-12-02 19:30:31,184 - INFO - === PASO 1: LECTURA EXCEL ===
2025-12-02 19:30:31,185 - INFO - === MÓDULO 1: LECTURA EXCEL ===
2025-12-02 19:30:31,185 - INFO - Archivo: productos.xlsx
2025-12-02 19:30:31,265 - INFO - Columnas encontradas: ['PROCESS', 'cotizacion_id', 'codigo', 'descripcion', 'cantidad', 'con_garantia', 'descuento_empleado', 'con_creditos', 'entrega_cliente', 'COTIZACION', 'ESTADO', 'FECHA_PROCESADO', 'ARCHIVO_WORD', 'tipo_entrega', 'empleado_id']
2025-12-02 19:30:31,273 - INFO - Se encontraron 2 cotizaciones
2025-12-02 19:30:31,273 - INFO - Cotización 1: 2 productos
2025-12-02 19:30:31,273 - INFO - Cotización 2: 3 productos
2025-12-02 19:30:31,273 - INFO - === PASO 2: INICIALIZAR NAVEGADOR ===
2025-12-02 19:30:38,746 - INFO - Navegador Firefox inicializado con configuración limpia
2025-12-02 19:30:38,747 - INFO - === PASO 3: INICIAR SESIÓN ===
2025-12-02 19:30:38,747 - INFO - === MÓDULO 2: INICIO SESIÓN ===
2025-12-02 19:30:43,496 - INFO - Accediendo a: http://ursvtols8b3c:8080/engage-unicomer-web/
2025-12-02 19:30:43,710 - INFO - Credenciales ingresadas
2025-12-02 19:30:45,874 - INFO - Formulario enviado
2025-12-02 19:30:47,970 - INFO - Screenshot capturado: 01_login_resultado.png
2025-12-02 19:30:47,980 - INFO - Login exitoso - URL cambió
2025-12-02 19:30:47,981 - INFO - 
🔄 PROCESANDO COTIZACIÓN 1/2: 1
2025-12-02 19:30:47,982 - INFO - === PASO 4: INICIAR ORDEN DE COMPRA ===
2025-12-02 19:30:47,985 - INFO - Buscando botón 'Comience una Orden de Compra'...
2025-12-02 19:30:48,089 - INFO - Screenshot capturado: C1_02_dashboard.png
2025-12-02 19:30:48,090 - INFO - Intentando selector 1: /html/body/div[2]/div[4]/div/div/div[1]/a[1]/input
2025-12-02 19:30:48,091 - INFO - Esperando que botón orden selector 1 sea visible (timeout: 300s, se reinicia con progreso)...
2025-12-02 19:30:48,331 - INFO - PROGRESO: botón orden selector 1 visible - REINICIANDO timeout
2025-12-02 19:30:48,362 - INFO - OK - botón orden selector 1 listo después de 0.0s
2025-12-02 19:30:48,912 - INFO - Click exitoso en botón orden selector 1
2025-12-02 19:30:50,026 - INFO - Screenshot capturado: C1_04_formulario_orden.png
2025-12-02 19:30:50,027 - INFO - Click realizado en botón orden
2025-12-02 19:30:50,027 - INFO - Configuración - Garantías: NO, Descuento: SI, Créditos: NO, Entrega: NO, Tipo Entrega: cliente llevará
2025-12-02 19:30:50,028 - INFO - === PASO 5: EXTRAER NÚMERO COTIZACIÓN ===
2025-12-02 19:30:50,029 - INFO - === EXTRAYENDO NÚMERO DE COTIZACIÓN INICIAL ===
2025-12-02 19:30:52,092 - INFO - Número encontrado con selector: li.quotationNumberTitle p:last-child
2025-12-02 19:30:52,093 - INFO - Número de cotización: 11609232250005
2025-12-02 19:30:52,094 - INFO - Número base extraído: 11609232250005
2025-12-02 19:30:52,095 - INFO - Número único generado: 11609232250005_2093
2025-12-02 19:30:52,096 - INFO - === PASO 6: AGREGAR ITEMS ============================================================================
2025-12-02 19:30:52,097 - INFO - --- ITEM 1/2 ---
2025-12-02 19:30:52,098 - INFO - === MÓDULO 3: AGREGAR ITEM 1 ===
2025-12-02 19:30:52,099 - INFO - Código: 461431200016, Cantidad: 1
2025-12-02 19:30:52,100 - INFO - Esperando que campo búsqueda item 1 sea visible (timeout: 300s, se reinicia con progreso)...
2025-12-02 19:30:52,135 - INFO - PROGRESO: campo búsqueda item 1 visible - REINICIANDO timeout
2025-12-02 19:30:52,171 - INFO - OK - campo búsqueda item 1 listo después de 0.0s
2025-12-02 19:30:52,309 - INFO - Código 461431200016 ingresado en campo búsqueda
2025-12-02 19:30:52,352 - INFO - Enter enviado para búsqueda
2025-12-02 19:30:54,157 - INFO - Mensaje informativo (ignorado): Error
close
ERROR TO OBTAIN THE PARAMATER: permitirNoInventariadosSeguros...
2025-12-02 19:30:54,158 - INFO - Item 461431200016 procesado correctamente
2025-12-02 19:30:54,158 - INFO - === MÓDULO 4: GARANTÍAS ITEM 1 ===
2025-12-02 19:30:54,159 - INFO - Garantía: RECHAZAR
2025-12-02 19:30:55,265 - INFO - Screenshot capturado: C1_07_pantalla_garantias_01.png
2025-12-02 19:31:01,303 - INFO - Botón No Thanks encontrado - rechazando garantía
2025-12-02 19:31:01,332 - INFO - Click en No Thanks
2025-12-02 19:31:02,445 - INFO - Screenshot capturado: C1_06_item_con_garantias_procesadas_01.png
2025-12-02 19:31:02,446 - INFO - Garantías procesadas para item 1
2025-12-02 19:31:02,447 - INFO - --- ITEM 2/2 ---
2025-12-02 19:31:02,448 - INFO - === MÓDULO 3: AGREGAR ITEM 2 ===
2025-12-02 19:31:02,448 - INFO - Código: 439766400005, Cantidad: 1
2025-12-02 19:31:02,449 - INFO - Esperando que campo búsqueda item 2 sea visible (timeout: 300s, se reinicia con progreso)...
2025-12-02 19:31:02,520 - INFO - PROGRESO: campo búsqueda item 2 visible - REINICIANDO timeout
2025-12-02 19:31:02,558 - INFO - OK - campo búsqueda item 2 listo después de 0.0s
2025-12-02 19:31:02,657 - INFO - Código 439766400005 ingresado en campo búsqueda
2025-12-02 19:31:02,749 - INFO - Enter enviado para búsqueda
2025-12-02 19:31:05,216 - INFO - Mensaje informativo (ignorado): Error
close
ERROR TO OBTAIN THE PARAMATER: permitirNoInventariadosSeguros...
2025-12-02 19:31:05,217 - INFO - Item 439766400005 procesado correctamente
2025-12-02 19:31:05,218 - INFO - === MÓDULO 4: GARANTÍAS ITEM 2 ===
2025-12-02 19:31:05,219 - INFO - Garantía: RECHAZAR
2025-12-02 19:31:06,333 - INFO - Screenshot capturado: C1_07_pantalla_garantias_02.png
2025-12-02 19:31:12,397 - INFO - Botón No Thanks encontrado - rechazando garantía
2025-12-02 19:31:12,429 - INFO - Click en No Thanks
2025-12-02 19:31:13,660 - INFO - Screenshot capturado: C1_06_item_con_garantias_procesadas_02.png
2025-12-02 19:31:13,702 - INFO - Garantías procesadas para item 2
2025-12-02 19:31:13,732 - INFO - === PASO 7: ENLAZAR CUSTOMER ==========================================================================
2025-12-02 19:31:13,755 - INFO - === MÓDULO 5: ENLAZAR CUSTOMER ===
2025-12-02 19:31:13,903 - INFO - Screenshot capturado: C1_12_antes_enlazar_cliente.png
2025-12-02 19:31:19,030 - INFO - Enlace cliente encontrado: /html/body/div[2]/div[3]/div[28]/div[3]/h4/a
2025-12-02 19:31:19,077 - INFO - Click en enlace cliente
2025-12-02 19:31:22,161 - INFO - Screenshot capturado: C1_13_formulario_cliente.png
2025-12-02 19:31:23,546 - INFO - Cliente 057874256 ingresado
2025-12-02 19:31:24,625 - INFO - Screenshot capturado: C1_14_cliente_ingresado.png
2025-12-02 19:31:25,644 - INFO - Primer Next
2025-12-02 19:31:28,829 - INFO - Screenshot capturado: C1_15_primer_next.png
2025-12-02 19:31:32,978 - INFO - Segundo Next
2025-12-02 19:31:36,055 - INFO - Screenshot capturado: C1_16_segundo_next.png
2025-12-02 19:31:36,056 - INFO - Customer enlazado exitosamente
2025-12-02 19:31:36,057 - INFO - === PASO 10: CRÉDITOS =============================================================================
2025-12-02 19:31:36,059 - INFO - === MÓDULO 8: APLICAR DESCUENTO EMPLEADO ==========================================================
2025-12-02 19:31:36,328 - INFO - Se abrió el menú de opciones de transacción
2025-12-02 19:31:36,632 - INFO - Se seleccionó la opción de descuento de empleado
2025-12-02 19:31:37,645 - INFO - ID escrito vía JavaScript
2025-12-02 19:31:38,786 - INFO - Screenshot capturado: C1_descuento_empleado_js
2025-12-02 19:31:38,796 - INFO - Botón aplicar descuento presionado vía JS
2025-12-02 19:31:39,806 - INFO - Porcentaje ingresado vía JavaScript
2025-12-02 19:31:40,901 - INFO - Screenshot capturado: C1_porcentaje_descuento_js
2025-12-02 19:31:40,947 - INFO - Botón APPLY presionado vía JavaScript
2025-12-02 19:31:41,949 - INFO - Descuento confirmado exitosamente (JS FORCE)
2025-12-02 19:31:41,950 - INFO - === PASO 11: FINALIZAR COTIZACIÓN ===
2025-12-02 19:31:41,951 - INFO - === FINALIZANDO COTIZACIÓN ===
2025-12-02 19:31:42,087 - INFO - Screenshot capturado: C1_17_antes_finalizar.png
2025-12-02 19:31:44,089 - INFO - PASO 1: Click en botón finalizar
2025-12-02 19:32:07,179 - INFO - ✓ Botón finalizar encontrado con: //button[contains(@class, 'btn-success')]
2025-12-02 19:32:07,249 - INFO - Screenshot capturado: C1_18_antes_finalizar.png
2025-12-02 19:32:07,250 - INFO - 🔧 Preservando datos de sesión...
2025-12-02 19:32:07,264 - INFO - 📝 Sesión preservada - OrderID: undefined, SessionData: 
2025-12-02 19:32:07,293 - INFO - ✓ Click en botón finalizar exitoso
2025-12-02 19:32:20,386 - INFO - 📝 Formularios encontrados: 2
2025-12-02 19:32:20,387 - INFO - 🔍 MONITOREANDO ESTADO POST-SAVE...
2025-12-02 19:32:21,399 - INFO - 📍 Segundo 1: URL = http://ursvtols8b3c:8080/engage-unicomer-web/itemInquiry/selectItem
2025-12-02 19:32:21,404 - INFO - 📄 Segundo 1: Título = Grupo Unicomer
2025-12-02 19:32:21,505 - INFO - 🔘 Segundo 1: Botones visibles = ['Stock in other stores', 'Add to Cart', 'Cancel']
2025-12-02 19:32:26,528 - INFO - 🖨️ Segundo 1: Printer Group NO encontrado
2025-12-02 19:32:26,545 - INFO - 🐛 Segundo 1: JS Console disponible
2025-12-02 19:32:26,567 - INFO - 💾 Segundo 1: Session=undefined, Local=undefined
2025-12-02 19:32:27,572 - INFO - 📍 Segundo 2: URL = http://ursvtols8b3c:8080/engage-unicomer-web/itemInquiry/selectItem
2025-12-02 19:32:27,576 - INFO - 📄 Segundo 2: Título = Grupo Unicomer
2025-12-02 19:32:27,658 - INFO - 🔘 Segundo 2: Botones visibles = ['Stock in other stores', 'Add to Cart', 'Cancel']
2025-12-02 19:32:32,669 - INFO - 🖨️ Segundo 2: Printer Group NO encontrado
2025-12-02 19:32:32,679 - INFO - 🐛 Segundo 2: JS Console disponible
2025-12-02 19:32:32,699 - INFO - 💾 Segundo 2: Session=undefined, Local=undefined
2025-12-02 19:32:33,711 - INFO - 📍 Segundo 3: URL = http://ursvtols8b3c:8080/engage-unicomer-web/saleOrder/index
2025-12-02 19:32:33,720 - INFO - 📄 Segundo 3: Título = Grupo Unicomer
2025-12-02 19:32:35,420 - INFO - 🔘 Segundo 3: Botones visibles = ['Search', 'Item Inquiry', 'Transaction Options', 'Save & Print', 'Save']
2025-12-02 19:32:40,440 - INFO - 🖨️ Segundo 3: Printer Group NO encontrado
2025-12-02 19:32:40,457 - INFO - 🐛 Segundo 3: JS Console disponible
2025-12-02 19:32:40,476 - INFO - 💾 Segundo 3: Session=undefined, Local=undefined
2025-12-02 19:32:41,482 - INFO - 📍 Segundo 4: URL = http://ursvtols8b3c:8080/engage-unicomer-web/saleOrder/index
2025-12-02 19:32:41,486 - INFO - 📄 Segundo 4: Título = Grupo Unicomer
2025-12-02 19:32:43,108 - INFO - 🔘 Segundo 4: Botones visibles = ['Search', 'Item Inquiry', 'Transaction Options', 'Save & Print', 'Save']
2025-12-02 19:32:48,122 - INFO - 🖨️ Segundo 4: Printer Group NO encontrado
2025-12-02 19:32:48,133 - INFO - 🐛 Segundo 4: JS Console disponible
2025-12-02 19:32:48,155 - INFO - 💾 Segundo 4: Session=undefined, Local=undefined
2025-12-02 19:32:49,161 - INFO - 📍 Segundo 5: URL = http://ursvtols8b3c:8080/engage-unicomer-web/saleOrder/index
2025-12-02 19:32:49,164 - INFO - 📄 Segundo 5: Título = Grupo Unicomer
2025-12-02 19:32:50,814 - INFO - 🔘 Segundo 5: Botones visibles = ['Search', 'Item Inquiry', 'Transaction Options', 'Save & Print', 'Save']
2025-12-02 19:32:55,825 - INFO - 🖨️ Segundo 5: Printer Group NO encontrado
2025-12-02 19:32:55,840 - INFO - 🐛 Segundo 5: JS Console disponible
2025-12-02 19:32:55,860 - INFO - 💾 Segundo 5: Session=undefined, Local=undefined
2025-12-02 19:32:56,867 - INFO - 📍 Segundo 6: URL = http://ursvtols8b3c:8080/engage-unicomer-web/saleOrder/index
2025-12-02 19:32:56,872 - INFO - 📄 Segundo 6: Título = Grupo Unicomer
2025-12-02 19:32:58,509 - INFO - 🔘 Segundo 6: Botones visibles = ['Search', 'Item Inquiry', 'Transaction Options', 'Save & Print', 'Save']
2025-12-02 19:33:03,531 - INFO - 🖨️ Segundo 6: Printer Group NO encontrado
2025-12-02 19:33:03,544 - INFO - 🐛 Segundo 6: JS Console disponible
2025-12-02 19:33:03,568 - INFO - 💾 Segundo 6: Session=undefined, Local=undefined
2025-12-02 19:33:04,574 - INFO - 📍 Segundo 7: URL = http://ursvtols8b3c:8080/engage-unicomer-web/saleOrder/index
2025-12-02 19:33:04,579 - INFO - 📄 Segundo 7: Título = Grupo Unicomer
2025-12-02 19:33:06,188 - INFO - 🔘 Segundo 7: Botones visibles = ['Search', 'Item Inquiry', 'Transaction Options', 'Save & Print', 'Save']
2025-12-02 19:33:11,198 - INFO - 🖨️ Segundo 7: Printer Group NO encontrado
2025-12-02 19:33:11,219 - INFO - 🐛 Segundo 7: JS Console disponible
2025-12-02 19:33:11,237 - INFO - 💾 Segundo 7: Session=undefined, Local=undefined
2025-12-02 19:33:12,249 - INFO - 📍 Segundo 8: URL = http://ursvtols8b3c:8080/engage-unicomer-web/saleOrder/index
2025-12-02 19:33:12,254 - INFO - 📄 Segundo 8: Título = Grupo Unicomer
2025-12-02 19:33:13,877 - INFO - 🔘 Segundo 8: Botones visibles = ['Search', 'Item Inquiry', 'Transaction Options', 'Save & Print', 'Save']
2025-12-02 19:33:18,899 - INFO - 🖨️ Segundo 8: Printer Group NO encontrado
2025-12-02 19:33:18,911 - INFO - 🐛 Segundo 8: JS Console disponible
2025-12-02 19:33:18,931 - INFO - 💾 Segundo 8: Session=undefined, Local=undefined
2025-12-02 19:33:19,938 - INFO - 📍 Segundo 9: URL = http://ursvtols8b3c:8080/engage-unicomer-web/saleOrder/index
2025-12-02 19:33:19,945 - INFO - 📄 Segundo 9: Título = Grupo Unicomer
2025-12-02 19:33:21,626 - INFO - 🔘 Segundo 9: Botones visibles = ['Search', 'Item Inquiry', 'Transaction Options', 'Save & Print', 'Save']
2025-12-02 19:33:26,635 - INFO - 🖨️ Segundo 9: Printer Group NO encontrado
2025-12-02 19:33:26,646 - INFO - 🐛 Segundo 9: JS Console disponible
2025-12-02 19:33:26,668 - INFO - 💾 Segundo 9: Session=undefined, Local=undefined
2025-12-02 19:33:27,673 - INFO - 📍 Segundo 10: URL = http://ursvtols8b3c:8080/engage-unicomer-web/saleOrder/index
2025-12-02 19:33:27,677 - INFO - 📄 Segundo 10: Título = Grupo Unicomer
2025-12-02 19:33:29,302 - INFO - 🔘 Segundo 10: Botones visibles = ['Search', 'Item Inquiry', 'Transaction Options', 'Save & Print', 'Save']
2025-12-02 19:33:34,319 - INFO - 🖨️ Segundo 10: Printer Group NO encontrado
2025-12-02 19:33:34,328 - INFO - 🐛 Segundo 10: JS Console disponible
2025-12-02 19:33:34,351 - INFO - 💾 Segundo 10: Session=undefined, Local=undefined
2025-12-02 19:33:34,352 - INFO - 🏁 FIN DE MONITOREO POST-SAVE
2025-12-02 19:33:34,352 - INFO - 🔄 Buscando botón Save en página delivery/search...
2025-12-02 19:33:34,379 - INFO - ℹ️ Botón Save delivery encontrado pero no clickeable
2025-12-02 19:33:34,381 - INFO - 🔄 Verificación final del Printer Group...
2025-12-02 19:33:42,406 - INFO - ℹ️ Printer Group no apareció en verificación final
2025-12-02 19:33:42,406 - INFO - 💡 Esto puede ser normal - el Save ya se ejecutó
2025-12-02 19:33:42,407 - INFO - ⏳ Esperando procesamiento completo del Save...
2025-12-02 19:33:44,426 - INFO - PASO 2: Esperando redirección automática del servidor...
2025-12-02 19:33:44,437 - INFO - 📍 URL antes del submit: http://ursvtols8b3c:8080/engage-unicomer-web/saleOrder/index
2025-12-02 19:33:45,462 - INFO - ⏱️ Segundo 1: URL=http://ursvtols8b3c:8080/engage-unicomer-web/saleOrder/index, Título=Grupo Unicomer
2025-12-02 19:33:45,483 - INFO - ✅ Indicador de éxito encontrado: 'successfully'
2025-12-02 19:33:45,661 - INFO - Screenshot capturado: C1_20_exito_detectado.png
2025-12-02 19:33:45,662 - INFO - ✅ Finalización exitosa
2025-12-02 19:33:45,663 - INFO - === PASO 12: GENERAR REPORTE INDIVIDUAL ===
2025-12-02 19:33:45,663 - INFO - Generando reporte para cotización 1 con número 11609232250005
2025-12-02 19:33:45,664 - INFO - Screenshots disponibles: 17
2025-12-02 19:33:45,665 - INFO - 🔄 Generando reporte para cotización 1: 11609232250005
2025-12-02 19:33:45,665 - ERROR - Error generando reporte individual: name 'actualizar_excel_cotizacion_individual' is not defined
2025-12-02 19:33:45,676 - ERROR - Traceback: Traceback (most recent call last):
  File "C:\Users\eliseo_lopezp\scale001\automatizacion_cotizaciones\automatizacion_modular.py", line 2347, in generar_reporte_individual
    actualizar_excel_cotizacion_individual("productos_avanzado.xlsx", cotizacion_id, True)
    ^^^^^^^^^^^^^^^^^^^^^^^^^^^^^^^^^^^^^^
NameError: name 'actualizar_excel_cotizacion_individual' is not defined

2025-12-02 19:33:45,677 - INFO - Reporte Word generado exitosamente para cotización 1
2025-12-02 19:33:45,677 - INFO - Iniciando limpieza de screenshots después de generar reporte
2025-12-02 19:33:45,681 - INFO - Screenshot eliminado: 01_login_resultado.png
2025-12-02 19:33:45,684 - INFO - Screenshot eliminado: C1_02_dashboard.png
2025-12-02 19:33:45,687 - INFO - Screenshot eliminado: C1_04_formulario_orden.png
2025-12-02 19:33:45,692 - INFO - Screenshot eliminado: C1_07_pantalla_garantias_01.png
2025-12-02 19:33:45,697 - INFO - Screenshot eliminado: C1_06_item_con_garantias_procesadas_01.png
2025-12-02 19:33:45,701 - INFO - Screenshot eliminado: C1_07_pantalla_garantias_02.png
2025-12-02 19:33:45,705 - INFO - Screenshot eliminado: C1_06_item_con_garantias_procesadas_02.png
2025-12-02 19:33:45,709 - INFO - Screenshot eliminado: C1_12_antes_enlazar_cliente.png
2025-12-02 19:33:45,712 - INFO - Screenshot eliminado: C1_13_formulario_cliente.png
2025-12-02 19:33:45,716 - INFO - Screenshot eliminado: C1_14_cliente_ingresado.png
2025-12-02 19:33:45,719 - INFO - Screenshot eliminado: C1_15_primer_next.png
2025-12-02 19:33:45,723 - INFO - Screenshot eliminado: C1_16_segundo_next.png
2025-12-02 19:33:45,726 - INFO - Screenshot eliminado: C1_descuento_empleado_js
2025-12-02 19:33:45,729 - INFO - Screenshot eliminado: C1_porcentaje_descuento_js
2025-12-02 19:33:45,732 - INFO - Screenshot eliminado: C1_17_antes_finalizar.png
2025-12-02 19:33:45,734 - INFO - Screenshot eliminado: C1_18_antes_finalizar.png
2025-12-02 19:33:45,739 - INFO - Screenshot eliminado: C1_20_exito_detectado.png
2025-12-02 19:33:45,741 - INFO - 17 screenshots eliminados para esta cotización
2025-12-02 19:33:45,741 - INFO - Cotización 1 completada: 11609232250005
2025-12-02 19:33:47,744 - INFO - 
🔄 PROCESANDO COTIZACIÓN 2/2: 2
2025-12-02 19:33:47,745 - INFO - === PASO 4: INICIAR ORDEN DE COMPRA ===
2025-12-02 19:33:47,747 - INFO - Buscando botón 'Comience una Orden de Compra'...
2025-12-02 19:33:47,858 - INFO - Screenshot capturado: C2_02_dashboard.png
2025-12-02 19:33:47,859 - INFO - Intentando selector 1: /html/body/div[2]/div[4]/div/div/div[1]/a[1]/input
2025-12-02 19:33:47,860 - INFO - Esperando que botón orden selector 1 sea visible (timeout: 300s, se reinicia con progreso)...
2025-12-02 19:33:53,440 - INFO - Esperando botón orden selector 1... Sin progreso: 0s, Total: 0s, Queda: 300s
2025-12-02 19:35:09,328 - INFO - Esperando botón orden selector 1... Sin progreso: 76s, Total: 76s, Queda: 224s
2025-12-02 19:35:53,510 - INFO - Esperando botón orden selector 1... Sin progreso: 120s, Total: 120s, Queda: 180s
2025-12-02 19:36:54,190 - INFO - Esperando botón orden selector 1... Sin progreso: 181s, Total: 181s, Queda: 119s
2025-12-02 19:37:38,377 - INFO - Esperando botón orden selector 1... Sin progreso: 225s, Total: 225s, Queda: 75s
2025-12-02 19:38:39,079 - INFO - Esperando botón orden selector 1... Sin progreso: 286s, Total: 286s, Queda: 14s
2025-12-02 19:38:50,119 - WARNING - Sin progreso en botón orden selector 1 por 300s - QUITANDO elemento y continuando
2025-12-02 19:38:50,120 - INFO - Total transcurrido: 302.3s
2025-12-02 19:38:50,121 - WARNING - QUITANDO: botón orden selector 1 - Sin progreso por 300s, continuando sin él
2025-12-02 19:38:50,122 - INFO - Selector 1 quitado por falta de progreso, probando siguiente...
2025-12-02 19:38:50,122 - ERROR - Ningún selector de botón orden funcionó - todos fueron quitados por timeout
2025-12-02 19:38:50,123 - WARNING - No se pudo iniciar orden de compra para cotización 2 - continuando con siguiente
2025-12-02 19:38:50,124 - INFO - === PASO 13: CREAR REPORTES FINALES ===
2025-12-02 19:38:50,124 - INFO - === REPORTE FINAL ===
2025-12-02 19:38:50,125 - INFO - Excel ya fue actualizado individualmente por cotización
2025-12-02 19:38:50,127 - INFO - Reportes Word ya fueron generados individualmente
2025-12-02 19:38:50,128 - INFO - Reportes encontrados: 0
2025-12-02 19:38:50,129 - INFO - === RESUMEN FINAL ===
2025-12-02 19:38:50,130 - INFO -  PROCESO MODULAR COMPLETADO
2025-12-02 19:38:50,130 - INFO - Cotizaciones procesadas: 1
2025-12-02 19:38:50,131 - INFO - Excel: productos.xlsx
2025-12-02 19:38:50,131 - INFO - Navegador abierto por 60 segundos...
2025-12-02 19:38:52,133 - INFO - Limpiando recursos...
2025-12-02 19:38:52,134 - INFO - Eliminando screenshots residuales...
2025-12-02 19:38:52,136 - INFO - 1 screenshots residuales eliminados
2025-12-02 19:38:56,442 - INFO - Navegador cerrado
2025-12-02 19:38:56,443 - INFO - Limpieza de recursos completada
2025-12-02 19:38:56,444 - INFO - === AUTOMATIZACIÓN FINALIZADA ===
2025-12-02 19:50:49,895 - INFO - Log guardándose en: logs\automatizacion_20251202.log
2025-12-02 19:50:49,896 - INFO -  === AUTOMATIZACIÓN MODULAR INICIADA ===
2025-12-02 19:50:49,897 - INFO - Archivo: productos.xlsx
2025-12-02 19:50:49,898 - INFO - === PASO 1: LECTURA EXCEL ===
2025-12-02 19:50:49,900 - INFO - === MÓDULO 1: LECTURA EXCEL ===
2025-12-02 19:50:49,901 - INFO - Archivo: productos.xlsx
2025-12-02 19:50:49,998 - INFO - Columnas encontradas: ['PROCESS', 'cotizacion_id', 'codigo', 'descripcion', 'cantidad', 'con_garantia', 'descuento_empleado', 'con_creditos', 'entrega_cliente', 'COTIZACION', 'ESTADO', 'FECHA_PROCESADO', 'ARCHIVO_WORD', 'tipo_entrega', 'empleado_id']
2025-12-02 19:50:50,014 - INFO - Se encontraron 2 cotizaciones
2025-12-02 19:50:50,015 - INFO - Cotización 1: 2 productos
2025-12-02 19:50:50,016 - INFO - Cotización 2: 3 productos
2025-12-02 19:50:50,017 - INFO - === PASO 2: INICIALIZAR NAVEGADOR ===
2025-12-02 19:50:58,980 - INFO - Navegador Firefox inicializado con configuración limpia
2025-12-02 19:50:58,981 - INFO - === PASO 3: INICIAR SESIÓN ===
2025-12-02 19:50:58,981 - INFO - === MÓDULO 2: INICIO SESIÓN ===
2025-12-02 19:51:04,150 - INFO - Accediendo a: http://ursvtols8b3c:8080/engage-unicomer-web/
2025-12-02 19:51:04,338 - INFO - Credenciales ingresadas
2025-12-02 19:51:06,959 - INFO - Formulario enviado
2025-12-02 19:51:09,069 - INFO - Screenshot capturado: 01_login_resultado.png
2025-12-02 19:51:09,107 - INFO - Login exitoso - URL cambió
2025-12-02 19:51:09,108 - INFO - 
🔄 PROCESANDO COTIZACIÓN 1/2: 1
2025-12-02 19:51:09,109 - INFO - === PASO 4: INICIAR ORDEN DE COMPRA ===
2025-12-02 19:51:09,110 - INFO - Buscando botón 'Comience una Orden de Compra'...
2025-12-02 19:51:09,254 - INFO - Screenshot capturado: C1_02_dashboard.png
2025-12-02 19:51:09,255 - INFO - Intentando selector 1: /html/body/div[2]/div[4]/div/div/div[1]/a[1]/input
2025-12-02 19:51:09,256 - INFO - Esperando que botón orden selector 1 sea visible (timeout: 300s, se reinicia con progreso)...
2025-12-02 19:51:09,537 - INFO - PROGRESO: botón orden selector 1 visible - REINICIANDO timeout
2025-12-02 19:51:09,571 - INFO - OK - botón orden selector 1 listo después de 0.0s
2025-12-02 19:51:10,131 - INFO - Click exitoso en botón orden selector 1
2025-12-02 19:51:11,240 - INFO - Screenshot capturado: C1_04_formulario_orden.png
2025-12-02 19:51:11,241 - INFO - Click realizado en botón orden
2025-12-02 19:51:11,242 - INFO - Configuración - Garantías: NO, Descuento: SI, Créditos: NO, Entrega: NO, Tipo Entrega: cliente llevará
2025-12-02 19:51:11,242 - INFO - === PASO 5: EXTRAER NÚMERO COTIZACIÓN ===
2025-12-02 19:51:11,243 - INFO - === EXTRAYENDO NÚMERO DE COTIZACIÓN INICIAL ===
2025-12-02 19:51:13,322 - INFO - Número encontrado con selector: li.quotationNumberTitle p:last-child
2025-12-02 19:51:13,322 - INFO - Número de cotización: 11609233250005
2025-12-02 19:51:13,323 - INFO - Número base extraído: 11609233250005
2025-12-02 19:51:13,324 - INFO - Número único generado: 11609233250005_3323
2025-12-02 19:51:13,324 - INFO - === PASO 6: AGREGAR ITEMS ============================================================================
2025-12-02 19:51:13,325 - INFO - --- ITEM 1/2 ---
2025-12-02 19:51:13,327 - INFO - === MÓDULO 3: AGREGAR ITEM 1 ===
2025-12-02 19:51:13,328 - INFO - Código: 461431200016, Cantidad: 1
2025-12-02 19:51:13,329 - INFO - Esperando que campo búsqueda item 1 sea visible (timeout: 300s, se reinicia con progreso)...
2025-12-02 19:51:13,372 - INFO - PROGRESO: campo búsqueda item 1 visible - REINICIANDO timeout
2025-12-02 19:51:13,419 - INFO - OK - campo búsqueda item 1 listo después de 0.0s
2025-12-02 19:51:13,546 - INFO - Código 461431200016 ingresado en campo búsqueda
2025-12-02 19:51:13,593 - INFO - Enter enviado para búsqueda
2025-12-02 19:51:15,693 - INFO - Mensaje informativo (ignorado): Error
close
ERROR TO OBTAIN THE PARAMATER: permitirNoInventariadosSeguros...
2025-12-02 19:51:15,694 - INFO - Item 461431200016 procesado correctamente
2025-12-02 19:51:15,694 - INFO - === MÓDULO 4: GARANTÍAS ITEM 1 ===
2025-12-02 19:51:15,695 - INFO - Garantía: RECHAZAR
2025-12-02 19:51:16,782 - INFO - Screenshot capturado: C1_07_pantalla_garantias_01.png
2025-12-02 19:51:22,819 - INFO - Botón No Thanks encontrado - rechazando garantía
2025-12-02 19:51:22,851 - INFO - Click en No Thanks
2025-12-02 19:51:23,930 - INFO - Screenshot capturado: C1_06_item_con_garantias_procesadas_01.png
2025-12-02 19:51:23,931 - INFO - Garantías procesadas para item 1
2025-12-02 19:51:23,932 - INFO - --- ITEM 2/2 ---
2025-12-02 19:51:23,933 - INFO - === MÓDULO 3: AGREGAR ITEM 2 ===
2025-12-02 19:51:23,934 - INFO - Código: 439766400005, Cantidad: 1
2025-12-02 19:51:23,934 - INFO - Esperando que campo búsqueda item 2 sea visible (timeout: 300s, se reinicia con progreso)...
2025-12-02 19:51:24,033 - INFO - PROGRESO: campo búsqueda item 2 visible - REINICIANDO timeout
2025-12-02 19:51:24,069 - INFO - OK - campo búsqueda item 2 listo después de 0.0s
2025-12-02 19:51:24,208 - INFO - Código 439766400005 ingresado en campo búsqueda
2025-12-02 19:51:24,238 - INFO - Enter enviado para búsqueda
2025-12-02 19:51:26,867 - INFO - Mensaje informativo (ignorado): Error
close
ERROR TO OBTAIN THE PARAMATER: permitirNoInventariadosSeguros...
2025-12-02 19:51:26,868 - INFO - Item 439766400005 procesado correctamente
2025-12-02 19:51:26,869 - INFO - === MÓDULO 4: GARANTÍAS ITEM 2 ===
2025-12-02 19:51:26,870 - INFO - Garantía: RECHAZAR
2025-12-02 19:51:28,016 - INFO - Screenshot capturado: C1_07_pantalla_garantias_02.png
2025-12-02 19:51:34,077 - INFO - Botón No Thanks encontrado - rechazando garantía
2025-12-02 19:51:34,121 - INFO - Click en No Thanks
2025-12-02 19:51:35,233 - INFO - Screenshot capturado: C1_06_item_con_garantias_procesadas_02.png
2025-12-02 19:51:35,234 - INFO - Garantías procesadas para item 2
2025-12-02 19:51:35,237 - INFO - === PASO 7: ENLAZAR CUSTOMER ==========================================================================
2025-12-02 19:51:35,239 - INFO - === MÓDULO 5: ENLAZAR CUSTOMER ===
2025-12-02 19:51:35,366 - INFO - Screenshot capturado: C1_12_antes_enlazar_cliente.png
2025-12-02 19:51:40,431 - INFO - Enlace cliente encontrado: /html/body/div[2]/div[3]/div[28]/div[3]/h4/a
2025-12-02 19:51:40,461 - INFO - Click en enlace cliente
2025-12-02 19:51:43,544 - INFO - Screenshot capturado: C1_13_formulario_cliente.png
2025-12-02 19:51:44,936 - INFO - Cliente 057874256 ingresado
2025-12-02 19:51:46,026 - INFO - Screenshot capturado: C1_14_cliente_ingresado.png
2025-12-02 19:51:48,320 - INFO - Primer Next
2025-12-02 19:51:51,573 - INFO - Screenshot capturado: C1_15_primer_next.png
2025-12-02 19:51:56,877 - INFO - Segundo Next
2025-12-02 19:51:59,946 - INFO - Screenshot capturado: C1_16_segundo_next.png
2025-12-02 19:51:59,947 - INFO - Customer enlazado exitosamente
2025-12-02 19:51:59,947 - INFO - === PASO 10: CRÉDITOS =============================================================================
2025-12-02 19:51:59,948 - INFO - === MÓDULO 8: APLICAR DESCUENTO EMPLEADO ==========================================================
2025-12-02 19:52:00,219 - INFO - Se abrió el menú de opciones de transacción
2025-12-02 19:52:00,487 - INFO - Se seleccionó la opción de descuento de empleado
2025-12-02 19:52:01,500 - INFO - ID escrito vía JavaScript
2025-12-02 19:52:02,697 - INFO - Screenshot capturado: C1_descuento_empleado_js
2025-12-02 19:52:02,706 - INFO - Botón aplicar descuento presionado vía JS
2025-12-02 19:52:03,715 - INFO - Porcentaje ingresado vía JavaScript
2025-12-02 19:52:04,802 - INFO - Screenshot capturado: C1_porcentaje_descuento_js
2025-12-02 19:52:04,827 - INFO - Botón APPLY presionado vía JavaScript
2025-12-02 19:52:05,829 - INFO - Descuento confirmado exitosamente (JS FORCE)
2025-12-02 19:52:05,830 - INFO - === PASO 11: FINALIZAR COTIZACIÓN ===
2025-12-02 19:52:05,830 - INFO - === FINALIZANDO COTIZACIÓN ===
2025-12-02 19:52:05,935 - INFO - Screenshot capturado: C1_17_antes_finalizar.png
2025-12-02 19:52:07,937 - INFO - PASO 1: Click en botón finalizar
2025-12-02 19:52:41,202 - ERROR - Error en paso 1 - finalizar: No se encontró botón finalizar
2025-12-02 19:52:41,203 - INFO - === DEBUG: ELEMENTOS DISPONIBLES ===
2025-12-02 19:52:41,230 - ERROR - Error capturando screenshot debug_estado_actual.png: Message: WebDriver session does not exist, or is not active; For documentation on this error, please visit: https://www.selenium.dev/documentation/webdriver/troubleshooting/errors#invalidsessionidexception
Stacktrace:
RemoteError@chrome://remote/content/shared/RemoteError.sys.mjs:8:8
WebDriverError@chrome://remote/content/shared/webdriver/Errors.sys.mjs:187:5
InvalidSessionIDError@chrome://remote/content/shared/webdriver/Errors.sys.mjs:442:5
assert.that/<@chrome://remote/content/shared/webdriver/Assert.sys.mjs:485:13
assert.session@chrome://remote/content/shared/webdriver/Assert.sys.mjs:37:4
despatch@chrome://remote/content/marionette/server.sys.mjs:317:19
execute@chrome://remote/content/marionette/server.sys.mjs:291:16
onPacket/<@chrome://remote/content/marionette/server.sys.mjs:264:20
onPacket@chrome://remote/content/marionette/server.sys.mjs:265:9
_onJSONObjectReady/<@chrome://remote/content/marionette/transport.sys.mjs:496:20

2025-12-02 19:52:41,261 - ERROR - Error en debug de elementos: Message: Failed to decode response from marionette

2025-12-02 19:52:41,262 - WARNING - ⚠️ Error en finalización: ERROR_PASO1_1764726761, pero continuando con reporte
2025-12-02 19:52:41,263 - INFO - === PASO 12: GENERAR REPORTE INDIVIDUAL ===
2025-12-02 19:52:41,264 - INFO - Generando reporte para cotización 1 con número 11609233250005
2025-12-02 19:52:41,265 - INFO - Screenshots disponibles: 15
2025-12-02 19:52:41,265 - INFO - 🔄 Generando reporte para cotización 1: 11609233250005
2025-12-02 19:52:41,266 - ERROR - Error generando reporte individual: name 'actualizar_excel_cotizacion_individual' is not defined
2025-12-02 19:52:41,276 - ERROR - Traceback: Traceback (most recent call last):
  File "C:\Users\eliseo_lopezp\scale001\automatizacion_cotizaciones\automatizacion_modular.py", line 2347, in generar_reporte_individual
    except:
NameError: name 'actualizar_excel_cotizacion_individual' is not defined

2025-12-02 19:52:41,277 - INFO - Reporte Word generado exitosamente para cotización 1
2025-12-02 19:52:41,278 - INFO - Iniciando limpieza de screenshots después de generar reporte
2025-12-02 19:52:41,281 - INFO - Screenshot eliminado: 01_login_resultado.png
2025-12-02 19:52:41,285 - INFO - Screenshot eliminado: C1_02_dashboard.png
2025-12-02 19:52:41,289 - INFO - Screenshot eliminado: C1_04_formulario_orden.png
2025-12-02 19:52:41,291 - INFO - Screenshot eliminado: C1_07_pantalla_garantias_01.png
2025-12-02 19:52:41,296 - INFO - Screenshot eliminado: C1_06_item_con_garantias_procesadas_01.png
2025-12-02 19:52:41,302 - INFO - Screenshot eliminado: C1_07_pantalla_garantias_02.png
2025-12-02 19:52:41,305 - INFO - Screenshot eliminado: C1_06_item_con_garantias_procesadas_02.png
2025-12-02 19:52:41,311 - INFO - Screenshot eliminado: C1_12_antes_enlazar_cliente.png
2025-12-02 19:52:41,314 - INFO - Screenshot eliminado: C1_13_formulario_cliente.png
2025-12-02 19:52:41,328 - INFO - Screenshot eliminado: C1_14_cliente_ingresado.png
2025-12-02 19:52:41,331 - INFO - Screenshot eliminado: C1_15_primer_next.png
2025-12-02 19:52:41,336 - INFO - Screenshot eliminado: C1_16_segundo_next.png
2025-12-02 19:52:41,338 - INFO - Screenshot eliminado: C1_descuento_empleado_js
2025-12-02 19:52:41,342 - INFO - Screenshot eliminado: C1_porcentaje_descuento_js
2025-12-02 19:52:41,346 - INFO - Screenshot eliminado: C1_17_antes_finalizar.png
2025-12-02 19:52:41,347 - INFO - 15 screenshots eliminados para esta cotización
2025-12-02 19:52:41,349 - INFO - Cotización 1 completada: 11609233250005
2025-12-02 19:52:43,350 - INFO - 
🔄 PROCESANDO COTIZACIÓN 2/2: 2
2025-12-02 19:52:43,351 - INFO - === PASO 4: INICIAR ORDEN DE COMPRA ===
2025-12-02 19:52:43,352 - INFO - Buscando botón 'Comience una Orden de Compra'...
2025-12-02 19:52:43,354 - ERROR - Error capturando screenshot 02_dashboard.png: Message: Tried to run command without establishing a connection; For documentation on this error, please visit: https://www.selenium.dev/documentation/webdriver/troubleshooting/errors#invalidsessionidexception

2025-12-02 19:52:43,354 - INFO - Intentando selector 1: /html/body/div[2]/div[4]/div/div/div[1]/a[1]/input
2025-12-02 19:52:43,355 - INFO - Esperando que botón orden selector 1 sea visible (timeout: 300s, se reinicia con progreso)...
2025-12-02 19:52:43,359 - ERROR - Error inesperado verificando visibilidad de botón orden selector 1: Message: Tried to run command without establishing a connection; For documentation on this error, please visit: https://www.selenium.dev/documentation/webdriver/troubleshooting/errors#invalidsessionidexception

2025-12-02 19:52:43,360 - WARNING - QUITANDO: botón orden selector 1 - Sin progreso por 300s, continuando sin él
2025-12-02 19:52:43,360 - INFO - Selector 1 quitado por falta de progreso, probando siguiente...
2025-12-02 19:52:43,361 - ERROR - Ningún selector de botón orden funcionó - todos fueron quitados por timeout
2025-12-02 19:52:43,361 - WARNING - No se pudo iniciar orden de compra para cotización 2 - continuando con siguiente
2025-12-02 19:52:43,361 - INFO - === PASO 13: CREAR REPORTES FINALES ===
2025-12-02 19:52:43,362 - INFO - === REPORTE FINAL ===
2025-12-02 19:52:43,362 - INFO - Excel ya fue actualizado individualmente por cotización
2025-12-02 19:52:43,362 - INFO - Reportes Word ya fueron generados individualmente
2025-12-02 19:52:43,362 - INFO - Reportes encontrados: 0
2025-12-02 19:52:43,363 - INFO - === RESUMEN FINAL ===
2025-12-02 19:52:43,363 - INFO -  PROCESO MODULAR COMPLETADO
2025-12-02 19:52:43,363 - INFO - Cotizaciones procesadas: 1
2025-12-02 19:52:43,363 - INFO - Excel: productos.xlsx
2025-12-02 19:52:43,364 - INFO - Navegador abierto por 60 segundos...
2025-12-02 19:52:45,365 - INFO - Limpiando recursos...
2025-12-02 19:52:45,365 - INFO - Screenshots ya fueron eliminados por cotización
2025-12-02 19:52:47,461 - INFO - Navegador cerrado
2025-12-02 19:52:47,462 - INFO - Limpieza de recursos completada
2025-12-02 19:52:47,462 - INFO - === AUTOMATIZACIÓN FINALIZADA ===
2025-12-02 19:52:52,453 - INFO - Log guardándose en: logs\automatizacion_20251202.log
2025-12-02 19:52:52,454 - INFO -  === AUTOMATIZACIÓN MODULAR INICIADA ===
2025-12-02 19:52:52,454 - INFO - Archivo: productos.xlsx
2025-12-02 19:52:52,454 - INFO - === PASO 1: LECTURA EXCEL ===
2025-12-02 19:52:52,455 - INFO - === MÓDULO 1: LECTURA EXCEL ===
2025-12-02 19:52:52,455 - INFO - Archivo: productos.xlsx
2025-12-02 19:52:52,507 - INFO - Columnas encontradas: ['PROCESS', 'cotizacion_id', 'codigo', 'descripcion', 'cantidad', 'con_garantia', 'descuento_empleado', 'con_creditos', 'entrega_cliente', 'COTIZACION', 'ESTADO', 'FECHA_PROCESADO', 'ARCHIVO_WORD', 'tipo_entrega', 'empleado_id']
2025-12-02 19:52:52,514 - INFO - Se encontraron 2 cotizaciones
2025-12-02 19:52:52,514 - INFO - Cotización 1: 2 productos
2025-12-02 19:52:52,514 - INFO - Cotización 2: 3 productos
2025-12-02 19:52:52,515 - INFO - === PASO 2: INICIALIZAR NAVEGADOR ===
2025-12-02 19:53:02,180 - INFO - Navegador Firefox inicializado con configuración limpia
2025-12-02 19:53:02,181 - INFO - === PASO 3: INICIAR SESIÓN ===
2025-12-02 19:53:02,182 - INFO - === MÓDULO 2: INICIO SESIÓN ===
2025-12-02 19:53:05,668 - INFO - Accediendo a: http://ursvtols8b3c:8080/engage-unicomer-web/
2025-12-02 19:53:05,901 - INFO - Credenciales ingresadas
2025-12-02 19:53:08,013 - INFO - Formulario enviado
2025-12-02 19:53:10,121 - INFO - Screenshot capturado: 01_login_resultado.png
2025-12-02 19:53:10,133 - INFO - Login exitoso - URL cambió
2025-12-02 19:53:10,133 - INFO - 
🔄 PROCESANDO COTIZACIÓN 1/2: 1
2025-12-02 19:53:10,134 - INFO - === PASO 4: INICIAR ORDEN DE COMPRA ===
2025-12-02 19:53:10,135 - INFO - Buscando botón 'Comience una Orden de Compra'...
2025-12-02 19:53:10,225 - INFO - Screenshot capturado: C1_02_dashboard.png
2025-12-02 19:53:10,226 - INFO - Intentando selector 1: /html/body/div[2]/div[4]/div/div/div[1]/a[1]/input
2025-12-02 19:53:10,226 - INFO - Esperando que botón orden selector 1 sea visible (timeout: 300s, se reinicia con progreso)...
2025-12-02 19:53:10,284 - INFO - PROGRESO: botón orden selector 1 visible - REINICIANDO timeout
2025-12-02 19:53:10,319 - INFO - OK - botón orden selector 1 listo después de 0.0s
2025-12-02 19:53:10,875 - INFO - Click exitoso en botón orden selector 1
2025-12-02 19:53:11,993 - INFO - Screenshot capturado: C1_04_formulario_orden.png
2025-12-02 19:53:11,993 - INFO - Click realizado en botón orden
2025-12-02 19:53:11,994 - INFO - Configuración - Garantías: NO, Descuento: SI, Créditos: NO, Entrega: NO, Tipo Entrega: cliente llevará
2025-12-02 19:53:11,995 - INFO - === PASO 5: EXTRAER NÚMERO COTIZACIÓN ===
2025-12-02 19:53:11,996 - INFO - === EXTRAYENDO NÚMERO DE COTIZACIÓN INICIAL ===
2025-12-02 19:53:14,056 - INFO - Número encontrado con selector: li.quotationNumberTitle p:last-child
2025-12-02 19:53:14,057 - INFO - Número de cotización: 11609234250005
2025-12-02 19:53:14,058 - INFO - Número base extraído: 11609234250005
2025-12-02 19:53:14,058 - INFO - Número único generado: 11609234250005_4058
2025-12-02 19:53:14,059 - INFO - === PASO 6: AGREGAR ITEMS ============================================================================
2025-12-02 19:53:14,059 - INFO - --- ITEM 1/2 ---
2025-12-02 19:53:14,060 - INFO - === MÓDULO 3: AGREGAR ITEM 1 ===
2025-12-02 19:53:14,061 - INFO - Código: 461431200016, Cantidad: 1
2025-12-02 19:53:14,062 - INFO - Esperando que campo búsqueda item 1 sea visible (timeout: 300s, se reinicia con progreso)...
2025-12-02 19:53:14,104 - INFO - PROGRESO: campo búsqueda item 1 visible - REINICIANDO timeout
2025-12-02 19:53:14,142 - INFO - OK - campo búsqueda item 1 listo después de 0.0s
2025-12-02 19:53:14,262 - INFO - Código 461431200016 ingresado en campo búsqueda
2025-12-02 19:53:14,313 - INFO - Enter enviado para búsqueda
2025-12-02 19:53:16,061 - INFO - Mensaje informativo (ignorado): Error
close
ERROR TO OBTAIN THE PARAMATER: permitirNoInventariadosSeguros...
2025-12-02 19:53:16,062 - INFO - Item 461431200016 procesado correctamente
2025-12-02 19:53:16,062 - INFO - === MÓDULO 4: GARANTÍAS ITEM 1 ===
2025-12-02 19:53:16,063 - INFO - Garantía: RECHAZAR
2025-12-02 19:53:17,152 - INFO - Screenshot capturado: C1_07_pantalla_garantias_01.png
2025-12-02 19:53:23,195 - INFO - Botón No Thanks encontrado - rechazando garantía
2025-12-02 19:53:23,236 - INFO - Click en No Thanks
2025-12-02 19:53:24,415 - INFO - Screenshot capturado: C1_06_item_con_garantias_procesadas_01.png
2025-12-02 19:53:24,416 - INFO - Garantías procesadas para item 1
2025-12-02 19:53:24,417 - INFO - --- ITEM 2/2 ---
2025-12-02 19:53:24,417 - INFO - === MÓDULO 3: AGREGAR ITEM 2 ===
2025-12-02 19:53:24,418 - INFO - Código: 439766400005, Cantidad: 1
2025-12-02 19:53:24,418 - INFO - Esperando que campo búsqueda item 2 sea visible (timeout: 300s, se reinicia con progreso)...
2025-12-02 19:53:24,463 - INFO - PROGRESO: campo búsqueda item 2 visible - REINICIANDO timeout
2025-12-02 19:53:24,496 - INFO - OK - campo búsqueda item 2 listo después de 0.0s
2025-12-02 19:53:24,619 - INFO - Código 439766400005 ingresado en campo búsqueda
2025-12-02 19:53:24,665 - INFO - Enter enviado para búsqueda
2025-12-02 19:53:27,061 - INFO - Item 439766400005 procesado correctamente
2025-12-02 19:53:27,062 - INFO - === MÓDULO 4: GARANTÍAS ITEM 2 ===
2025-12-02 19:53:27,062 - INFO - Garantía: RECHAZAR
2025-12-02 19:53:28,146 - INFO - Screenshot capturado: C1_07_pantalla_garantias_02.png
2025-12-02 19:53:34,208 - INFO - Botón No Thanks encontrado - rechazando garantía
2025-12-02 19:53:34,253 - INFO - Click en No Thanks
2025-12-02 19:53:35,344 - INFO - Screenshot capturado: C1_06_item_con_garantias_procesadas_02.png
2025-12-02 19:53:35,345 - INFO - Garantías procesadas para item 2
2025-12-02 19:53:35,349 - INFO - === PASO 7: ENLAZAR CUSTOMER ==========================================================================
2025-12-02 19:53:35,358 - INFO - === MÓDULO 5: ENLAZAR CUSTOMER ===
2025-12-02 19:53:35,630 - INFO - Screenshot capturado: C1_12_antes_enlazar_cliente.png
2025-12-02 19:53:40,668 - INFO - Enlace cliente encontrado: /html/body/div[2]/div[3]/div[28]/div[3]/h4/a
2025-12-02 19:53:40,698 - INFO - Click en enlace cliente
2025-12-02 19:53:43,773 - INFO - Screenshot capturado: C1_13_formulario_cliente.png
2025-12-02 19:53:45,129 - INFO - Cliente 057874256 ingresado
2025-12-02 19:53:46,210 - INFO - Screenshot capturado: C1_14_cliente_ingresado.png
2025-12-02 19:53:47,246 - INFO - Primer Next
2025-12-02 19:53:50,452 - INFO - Screenshot capturado: C1_15_primer_next.png
2025-12-02 19:53:54,239 - INFO - Segundo Next
2025-12-02 19:53:57,310 - INFO - Screenshot capturado: C1_16_segundo_next.png
2025-12-02 19:53:57,311 - INFO - Customer enlazado exitosamente
2025-12-02 19:53:57,312 - INFO - === PASO 10: CRÉDITOS =============================================================================
2025-12-02 19:53:57,313 - INFO - === MÓDULO 8: APLICAR DESCUENTO EMPLEADO ==========================================================
2025-12-02 19:53:57,593 - INFO - Se abrió el menú de opciones de transacción
2025-12-02 19:53:57,887 - INFO - Se seleccionó la opción de descuento de empleado
2025-12-02 19:53:57,888 - INFO - Buscando modal override vía JavaScript...
2025-12-02 19:53:57,925 - INFO - YES del override presionado correctamente vía JavaScript
2025-12-02 19:53:58,594 - INFO - ID de empleado ingresado
2025-12-02 19:53:59,715 - INFO - Screenshot capturado: C1_descuento_empleado
2025-12-02 19:54:01,815 - INFO - Click en aplicar empleado
2025-12-02 19:54:01,815 - INFO - Esperando campo discountPercentInput...
2025-12-02 19:54:01,825 - INFO - Campo de porcentaje detectado
2025-12-02 19:54:04,844 - INFO - Porcentaje de descuento ingresado vía JavaScript
2025-12-02 19:54:05,932 - INFO - Screenshot capturado: C1_porcentaje_descuento_empleado
2025-12-02 19:54:05,933 - INFO - Buscando botón confirmar...
2025-12-02 19:54:05,970 - INFO - Descuento confirmado vía JavaScript
2025-12-02 19:54:06,972 - INFO - === PASO 11: FINALIZAR COTIZACIÓN ===
2025-12-02 19:54:06,974 - INFO - === FINALIZANDO COTIZACIÓN ===
2025-12-02 19:54:07,096 - INFO - Screenshot capturado: C1_17_antes_finalizar.png
2025-12-02 19:54:09,097 - INFO - PASO 1: Click en botón finalizar
2025-12-02 19:54:12,136 - INFO - ✓ Botón finalizar encontrado con: /html/body/div[2]/div[4]/div/div/div[3]/form[1]/button
2025-12-02 19:54:12,206 - INFO - Screenshot capturado: C1_18_antes_finalizar.png
2025-12-02 19:54:12,206 - INFO - 🔧 Preservando datos de sesión...
2025-12-02 19:54:12,222 - INFO - 📝 Sesión preservada - OrderID: undefined, SessionData: 
2025-12-02 19:54:12,240 - INFO - ✓ Click en botón finalizar exitoso
2025-12-02 19:54:20,287 - INFO - 📋 Modales encontrados: 189
2025-12-02 19:54:20,333 - INFO -   Modal 1: tag=div, id=itemInquiryDialog, visible=False
2025-12-02 19:54:20,375 - INFO -   Modal 2: tag=div, id=, visible=False
2025-12-02 19:54:20,416 - INFO -   Modal 3: tag=div, id=, visible=False
2025-12-02 19:54:20,425 - INFO - 📝 Formularios encontrados: 47
2025-12-02 19:54:20,426 - INFO - 🔍 MONITOREANDO ESTADO POST-SAVE...
2025-12-02 19:54:21,432 - INFO - 📍 Segundo 1: URL = http://ursvtols8b3c:8080/engage-unicomer-web/saleOrder/index
2025-12-02 19:54:21,441 - INFO - 📄 Segundo 1: Título = Grupo Unicomer
2025-12-02 19:54:23,371 - INFO - 🔘 Segundo 1: Botones visibles = ['Search', 'Item Inquiry', 'Transaction Options', 'Save & Print', 'Save']
2025-12-02 19:54:28,393 - INFO - 🖨️ Segundo 1: Printer Group NO encontrado
2025-12-02 19:54:28,412 - INFO - 🐛 Segundo 1: JS Console disponible
2025-12-02 19:54:28,440 - INFO - 💾 Segundo 1: Session=undefined, Local=undefined
2025-12-02 19:54:29,447 - INFO - 📍 Segundo 2: URL = http://ursvtols8b3c:8080/engage-unicomer-web/saleOrder/index
2025-12-02 19:54:29,456 - INFO - 📄 Segundo 2: Título = Grupo Unicomer
2025-12-02 19:54:31,699 - INFO - 🔘 Segundo 2: Botones visibles = ['Search', 'Item Inquiry', 'Transaction Options', 'Save & Print', 'Save']
2025-12-02 19:54:36,724 - INFO - 🖨️ Segundo 2: Printer Group NO encontrado
2025-12-02 19:54:36,736 - INFO - 🐛 Segundo 2: JS Console disponible
2025-12-02 19:54:36,759 - INFO - 💾 Segundo 2: Session=undefined, Local=undefined
2025-12-02 19:54:37,765 - INFO - 📍 Segundo 3: URL = http://ursvtols8b3c:8080/engage-unicomer-web/saleOrder/index
2025-12-02 19:54:37,773 - INFO - 📄 Segundo 3: Título = Grupo Unicomer
2025-12-02 19:54:40,666 - INFO - 🔘 Segundo 3: Botones visibles = ['Search', 'Item Inquiry', 'Transaction Options', 'Save & Print', 'Save']
2025-12-02 19:54:45,684 - INFO - 🖨️ Segundo 3: Printer Group NO encontrado
2025-12-02 19:54:45,700 - INFO - 🐛 Segundo 3: JS Console disponible
2025-12-02 19:54:45,721 - INFO - 💾 Segundo 3: Session=undefined, Local=undefined
2025-12-02 19:54:46,726 - INFO - 📍 Segundo 4: URL = http://ursvtols8b3c:8080/engage-unicomer-web/saleOrder/index
2025-12-02 19:54:46,732 - INFO - 📄 Segundo 4: Título = Grupo Unicomer
2025-12-02 19:54:49,231 - INFO - 🔘 Segundo 4: Botones visibles = ['Search', 'Item Inquiry', 'Transaction Options', 'Save & Print', 'Save']
2025-12-02 19:54:54,245 - INFO - 🖨️ Segundo 4: Printer Group NO encontrado
2025-12-02 19:54:54,257 - INFO - 🐛 Segundo 4: JS Console disponible
2025-12-02 19:54:54,285 - INFO - 💾 Segundo 4: Session=undefined, Local=undefined
2025-12-02 19:54:55,291 - INFO - 📍 Segundo 5: URL = http://ursvtols8b3c:8080/engage-unicomer-web/saleOrder/index
2025-12-02 19:54:55,300 - INFO - 📄 Segundo 5: Título = Grupo Unicomer
2025-12-02 19:54:57,664 - INFO - 🔘 Segundo 5: Botones visibles = ['Search', 'Item Inquiry', 'Transaction Options', 'Save & Print', 'Save']
2025-12-02 19:55:02,677 - INFO - 🖨️ Segundo 5: Printer Group NO encontrado
2025-12-02 19:55:02,703 - INFO - 🐛 Segundo 5: JS Console disponible
2025-12-02 19:55:02,735 - INFO - 💾 Segundo 5: Session=undefined, Local=undefined
2025-12-02 19:55:03,742 - INFO - 📍 Segundo 6: URL = http://ursvtols8b3c:8080/engage-unicomer-web/saleOrder/index
2025-12-02 19:55:03,750 - INFO - 📄 Segundo 6: Título = Grupo Unicomer
2025-12-02 19:55:06,257 - INFO - 🔘 Segundo 6: Botones visibles = ['Search', 'Item Inquiry', 'Transaction Options', 'Save & Print', 'Save']
2025-12-02 19:55:11,270 - INFO - 🖨️ Segundo 6: Printer Group NO encontrado
2025-12-02 19:55:11,290 - INFO - 🐛 Segundo 6: JS Console disponible
2025-12-02 19:55:11,322 - INFO - 💾 Segundo 6: Session=undefined, Local=undefined
2025-12-02 19:55:12,328 - INFO - 📍 Segundo 7: URL = http://ursvtols8b3c:8080/engage-unicomer-web/saleOrder/index
2025-12-02 19:55:12,333 - INFO - 📄 Segundo 7: Título = Grupo Unicomer
2025-12-02 19:55:14,978 - INFO - 🔘 Segundo 7: Botones visibles = ['Search', 'Item Inquiry', 'Transaction Options', 'Save & Print', 'Save']
2025-12-02 19:55:20,010 - INFO - 🖨️ Segundo 7: Printer Group NO encontrado
2025-12-02 19:55:20,034 - INFO - 🐛 Segundo 7: JS Console disponible
2025-12-02 19:55:20,064 - INFO - 💾 Segundo 7: Session=undefined, Local=undefined
2025-12-02 19:55:21,071 - INFO - 📍 Segundo 8: URL = http://ursvtols8b3c:8080/engage-unicomer-web/saleOrder/index
2025-12-02 19:55:21,080 - INFO - 📄 Segundo 8: Título = Grupo Unicomer
2025-12-02 19:55:23,470 - INFO - 🔘 Segundo 8: Botones visibles = ['Search', 'Item Inquiry', 'Transaction Options', 'Save & Print', 'Save']
2025-12-02 19:55:28,488 - INFO - 🖨️ Segundo 8: Printer Group NO encontrado
2025-12-02 19:55:28,506 - INFO - 🐛 Segundo 8: JS Console disponible
2025-12-02 19:55:28,524 - INFO - 💾 Segundo 8: Session=undefined, Local=undefined
2025-12-02 19:55:29,530 - INFO - 📍 Segundo 9: URL = http://ursvtols8b3c:8080/engage-unicomer-web/saleOrder/index
2025-12-02 19:55:29,534 - INFO - 📄 Segundo 9: Título = Grupo Unicomer
2025-12-02 19:55:31,959 - INFO - 🔘 Segundo 9: Botones visibles = ['Search', 'Item Inquiry', 'Transaction Options', 'Save & Print', 'Save']
2025-12-02 19:55:36,981 - INFO - 🖨️ Segundo 9: Printer Group NO encontrado
2025-12-02 19:55:37,002 - INFO - 🐛 Segundo 9: JS Console disponible
2025-12-02 19:55:37,030 - INFO - 💾 Segundo 9: Session=undefined, Local=undefined
2025-12-02 19:55:38,037 - INFO - 📍 Segundo 10: URL = http://ursvtols8b3c:8080/engage-unicomer-web/saleOrder/index
2025-12-02 19:55:38,042 - INFO - 📄 Segundo 10: Título = Grupo Unicomer
2025-12-02 19:55:40,524 - INFO - 🔘 Segundo 10: Botones visibles = ['Search', 'Item Inquiry', 'Transaction Options', 'Save & Print', 'Save']
2025-12-02 19:55:45,540 - INFO - 🖨️ Segundo 10: Printer Group NO encontrado
2025-12-02 19:55:45,558 - INFO - 🐛 Segundo 10: JS Console disponible
2025-12-02 19:55:45,582 - INFO - 💾 Segundo 10: Session=undefined, Local=undefined
2025-12-02 19:55:45,583 - INFO - 🏁 FIN DE MONITOREO POST-SAVE
2025-12-02 19:55:45,583 - INFO - 🔄 Buscando botón Save en página delivery/search...
2025-12-02 19:55:45,635 - INFO - ℹ️ Botón Save delivery encontrado pero no clickeable
2025-12-02 19:55:45,636 - INFO - 🔄 Verificación final del Printer Group...
2025-12-02 19:55:53,661 - INFO - ℹ️ Printer Group no apareció en verificación final
2025-12-02 19:55:53,661 - INFO - 💡 Esto puede ser normal - el Save ya se ejecutó
2025-12-02 19:55:53,662 - INFO - ⏳ Esperando procesamiento completo del Save...
2025-12-02 19:55:55,675 - INFO - PASO 2: Esperando redirección automática del servidor...
2025-12-02 19:55:55,678 - INFO - 📍 URL antes del submit: http://ursvtols8b3c:8080/engage-unicomer-web/saleOrder/index
2025-12-02 19:55:56,688 - INFO - ⏱️ Segundo 1: URL=http://ursvtols8b3c:8080/engage-unicomer-web/saleOrder/index, Título=Grupo Unicomer
2025-12-02 19:55:56,716 - INFO - ✅ Indicador de éxito encontrado: 'successfully'
2025-12-02 19:55:56,899 - INFO - Screenshot capturado: C1_20_exito_detectado.png
2025-12-02 19:55:56,900 - INFO - ✅ Finalización exitosa
2025-12-02 19:55:56,900 - INFO - === PASO 12: GENERAR REPORTE INDIVIDUAL ===
2025-12-02 19:55:56,900 - INFO - Generando reporte para cotización 1 con número 11609234250005
2025-12-02 19:55:56,900 - INFO - Screenshots disponibles: 17
2025-12-02 19:55:56,901 - INFO - 🔄 Generando reporte para cotización 1: 11609234250005
2025-12-02 19:55:56,901 - ERROR - Error generando reporte individual: name 'actualizar_excel_cotizacion_individual' is not defined
2025-12-02 19:55:56,908 - ERROR - Traceback: Traceback (most recent call last):
  File "C:\Users\eliseo_lopezp\scale001\automatizacion_cotizaciones\automatizacion_modular.py", line 2384, in generar_reporte_individual
    actualizar_excel_cotizacion_individual("productos_avanzado.xlsx", cotizacion_id, True)
    ^^^^^^^^^^^^^^^^^^^^^^^^^^^^^^^^^^^^^^
NameError: name 'actualizar_excel_cotizacion_individual' is not defined

2025-12-02 19:55:56,908 - INFO - Reporte Word generado exitosamente para cotización 1
2025-12-02 19:55:56,909 - INFO - Iniciando limpieza de screenshots después de generar reporte
2025-12-02 19:55:56,910 - INFO - Screenshot eliminado: 01_login_resultado.png
2025-12-02 19:55:56,911 - INFO - Screenshot eliminado: C1_02_dashboard.png
2025-12-02 19:55:56,912 - INFO - Screenshot eliminado: C1_04_formulario_orden.png
2025-12-02 19:55:56,916 - INFO - Screenshot eliminado: C1_07_pantalla_garantias_01.png
2025-12-02 19:55:56,918 - INFO - Screenshot eliminado: C1_06_item_con_garantias_procesadas_01.png
2025-12-02 19:55:56,919 - INFO - Screenshot eliminado: C1_07_pantalla_garantias_02.png
2025-12-02 19:55:56,920 - INFO - Screenshot eliminado: C1_06_item_con_garantias_procesadas_02.png
2025-12-02 19:55:56,921 - INFO - Screenshot eliminado: C1_12_antes_enlazar_cliente.png
2025-12-02 19:55:56,922 - INFO - Screenshot eliminado: C1_13_formulario_cliente.png
2025-12-02 19:55:56,923 - INFO - Screenshot eliminado: C1_14_cliente_ingresado.png
2025-12-02 19:55:56,924 - INFO - Screenshot eliminado: C1_15_primer_next.png
2025-12-02 19:55:56,925 - INFO - Screenshot eliminado: C1_16_segundo_next.png
2025-12-02 19:55:56,926 - INFO - Screenshot eliminado: C1_descuento_empleado
2025-12-02 19:55:56,927 - INFO - Screenshot eliminado: C1_porcentaje_descuento_empleado
2025-12-02 19:55:56,929 - INFO - Screenshot eliminado: C1_17_antes_finalizar.png
2025-12-02 19:55:56,931 - INFO - Screenshot eliminado: C1_18_antes_finalizar.png
2025-12-02 19:55:56,935 - INFO - Screenshot eliminado: C1_20_exito_detectado.png
2025-12-02 19:55:56,935 - INFO - 17 screenshots eliminados para esta cotización
2025-12-02 19:55:56,936 - INFO - Cotización 1 completada: 11609234250005
2025-12-02 19:55:58,937 - INFO - 
🔄 PROCESANDO COTIZACIÓN 2/2: 2
2025-12-02 19:55:58,938 - INFO - === PASO 4: INICIAR ORDEN DE COMPRA ===
2025-12-02 19:55:58,939 - INFO - Buscando botón 'Comience una Orden de Compra'...
2025-12-02 19:55:59,167 - INFO - Screenshot capturado: C2_02_dashboard.png
2025-12-02 19:55:59,167 - INFO - Intentando selector 1: /html/body/div[2]/div[4]/div/div/div[1]/a[1]/input
2025-12-02 19:55:59,167 - INFO - Esperando que botón orden selector 1 sea visible (timeout: 300s, se reinicia con progreso)...
2025-12-02 19:56:04,684 - INFO - Esperando botón orden selector 1... Sin progreso: 0s, Total: 0s, Queda: 300s
2025-12-02 19:57:05,384 - INFO - Esperando botón orden selector 1... Sin progreso: 61s, Total: 61s, Queda: 239s
2025-12-02 19:57:50,077 - INFO - Esperando botón orden selector 1... Sin progreso: 105s, Total: 105s, Queda: 195s
2025-12-02 19:59:34,892 - INFO - Esperando botón orden selector 1... Sin progreso: 210s, Total: 210s, Queda: 90s
2025-12-02 20:00:35,601 - INFO - Esperando botón orden selector 1... Sin progreso: 271s, Total: 271s, Queda: 29s
2025-12-02 20:01:03,195 - WARNING - Sin progreso en botón orden selector 1 por 300s - QUITANDO elemento y continuando
2025-12-02 20:01:03,196 - INFO - Total transcurrido: 304.0s
2025-12-02 20:01:03,196 - WARNING - QUITANDO: botón orden selector 1 - Sin progreso por 300s, continuando sin él
2025-12-02 20:01:03,196 - INFO - Selector 1 quitado por falta de progreso, probando siguiente...
2025-12-02 20:01:03,197 - ERROR - Ningún selector de botón orden funcionó - todos fueron quitados por timeout
2025-12-02 20:01:03,197 - WARNING - No se pudo iniciar orden de compra para cotización 2 - continuando con siguiente
2025-12-02 20:01:03,197 - INFO - === PASO 13: CREAR REPORTES FINALES ===
2025-12-02 20:01:03,198 - INFO - === REPORTE FINAL ===
2025-12-02 20:01:03,199 - INFO - Excel ya fue actualizado individualmente por cotización
2025-12-02 20:01:03,199 - INFO - Reportes Word ya fueron generados individualmente
2025-12-02 20:01:03,200 - INFO - Reportes encontrados: 0
2025-12-02 20:01:03,200 - INFO - === RESUMEN FINAL ===
2025-12-02 20:01:03,201 - INFO -  PROCESO MODULAR COMPLETADO
2025-12-02 20:01:03,201 - INFO - Cotizaciones procesadas: 1
2025-12-02 20:01:03,201 - INFO - Excel: productos.xlsx
2025-12-02 20:01:03,202 - INFO - Navegador abierto por 60 segundos...
2025-12-02 20:01:05,203 - INFO - Limpiando recursos...
2025-12-02 20:01:05,203 - INFO - Eliminando screenshots residuales...
2025-12-02 20:01:05,205 - INFO - 1 screenshots residuales eliminados
2025-12-02 20:01:08,991 - INFO - Navegador cerrado
2025-12-02 20:01:08,992 - INFO - Limpieza de recursos completada
2025-12-02 20:01:08,992 - INFO - === AUTOMATIZACIÓN FINALIZADA ===
2025-12-02 20:11:05,002 - INFO - Log guardándose en: logs\automatizacion_20251202.log
2025-12-02 20:11:05,003 - INFO -  === AUTOMATIZACIÓN MODULAR INICIADA ===
2025-12-02 20:11:05,003 - INFO - Archivo: productos.xlsx
2025-12-02 20:11:05,004 - INFO - === PASO 1: LECTURA EXCEL ===
2025-12-02 20:11:05,004 - INFO - === MÓDULO 1: LECTURA EXCEL ===
2025-12-02 20:11:05,004 - INFO - Archivo: productos.xlsx
2025-12-02 20:11:05,089 - INFO - Columnas encontradas: ['PROCESS', 'cotizacion_id', 'codigo', 'descripcion', 'cantidad', 'con_garantia', 'descuento_empleado', 'con_creditos', 'entrega_cliente', 'COTIZACION', 'ESTADO', 'FECHA_PROCESADO', 'ARCHIVO_WORD', 'tipo_entrega', 'empleado_id']
2025-12-02 20:11:05,096 - INFO - Se encontraron 2 cotizaciones
2025-12-02 20:11:05,097 - INFO - Cotización 1: 2 productos
2025-12-02 20:11:05,097 - INFO - Cotización 2: 3 productos
2025-12-02 20:11:05,097 - INFO - === PASO 2: INICIALIZAR NAVEGADOR ===
2025-12-02 20:11:14,866 - INFO - Navegador Firefox inicializado con configuración limpia
2025-12-02 20:11:14,867 - INFO - === PASO 3: INICIAR SESIÓN ===
2025-12-02 20:11:14,868 - INFO - === MÓDULO 2: INICIO SESIÓN ===
2025-12-02 20:11:22,818 - INFO - Accediendo a: http://ursvtols8b3c:8080/engage-unicomer-web/
2025-12-02 20:11:23,038 - INFO - Credenciales ingresadas
2025-12-02 20:11:28,530 - INFO - Formulario enviado
2025-12-02 20:11:30,654 - INFO - Screenshot capturado: 01_login_resultado.png
2025-12-02 20:11:30,665 - INFO - Login exitoso - URL cambió
2025-12-02 20:11:30,665 - INFO - 
🔄 PROCESANDO COTIZACIÓN 1/2: 1
2025-12-02 20:11:30,666 - INFO - === PASO 4: INICIAR ORDEN DE COMPRA ===
2025-12-02 20:11:30,666 - INFO - Buscando botón 'Comience una Orden de Compra'...
2025-12-02 20:11:30,760 - INFO - Screenshot capturado: C1_02_dashboard.png
2025-12-02 20:11:30,761 - INFO - Intentando selector 1: /html/body/div[2]/div[4]/div/div/div[1]/a[1]/input
2025-12-02 20:11:30,762 - INFO - Esperando que botón orden selector 1 sea visible (timeout: 300s, se reinicia con progreso)...
2025-12-02 20:11:30,907 - INFO - PROGRESO: botón orden selector 1 visible - REINICIANDO timeout
2025-12-02 20:11:30,944 - INFO - OK - botón orden selector 1 listo después de 0.0s
2025-12-02 20:11:31,506 - INFO - Click exitoso en botón orden selector 1
2025-12-02 20:11:32,608 - INFO - Screenshot capturado: C1_04_formulario_orden.png
2025-12-02 20:11:32,609 - INFO - Click realizado en botón orden
2025-12-02 20:11:32,609 - INFO - Configuración - Garantías: NO, Descuento: SI, Créditos: NO, Entrega: NO, Tipo Entrega: cliente llevará
2025-12-02 20:11:32,611 - INFO - === PASO 5: EXTRAER NÚMERO COTIZACIÓN ===
2025-12-02 20:11:32,612 - INFO - === EXTRAYENDO NÚMERO DE COTIZACIÓN INICIAL ===
2025-12-02 20:11:34,674 - INFO - Número encontrado con selector: li.quotationNumberTitle p:last-child
2025-12-02 20:11:34,675 - INFO - Número de cotización: 11609235250004
2025-12-02 20:11:34,676 - INFO - Número base extraído: 11609235250004
2025-12-02 20:11:34,677 - INFO - Número único generado: 11609235250004_4676
2025-12-02 20:11:34,678 - INFO - === PASO 6: AGREGAR ITEMS ============================================================================
2025-12-02 20:11:34,678 - INFO - --- ITEM 1/2 ---
2025-12-02 20:11:34,679 - INFO - === MÓDULO 3: AGREGAR ITEM 1 ===
2025-12-02 20:11:34,680 - INFO - Código: 461431200016, Cantidad: 1
2025-12-02 20:11:34,681 - INFO - Esperando que campo búsqueda item 1 sea visible (timeout: 300s, se reinicia con progreso)...
2025-12-02 20:11:34,722 - INFO - PROGRESO: campo búsqueda item 1 visible - REINICIANDO timeout
2025-12-02 20:11:34,768 - INFO - OK - campo búsqueda item 1 listo después de 0.0s
2025-12-02 20:11:34,939 - INFO - Código 461431200016 ingresado en campo búsqueda
2025-12-02 20:11:34,978 - INFO - Enter enviado para búsqueda
2025-12-02 20:11:37,513 - INFO -  Popup cerrado
2025-12-02 20:11:37,578 - INFO - Item 461431200016 procesado correctamente
2025-12-02 20:11:37,578 - INFO - === MÓDULO 4: GARANTÍAS ITEM 1 ===
2025-12-02 20:11:37,579 - INFO - Garantía: RECHAZAR
2025-12-02 20:11:38,679 - INFO - Screenshot capturado: C1_07_pantalla_garantias_01.png
2025-12-02 20:11:44,716 - INFO - Botón No Thanks encontrado - rechazando garantía
2025-12-02 20:11:44,749 - INFO - Click en No Thanks
2025-12-02 20:11:45,856 - INFO - Screenshot capturado: C1_06_item_con_garantias_procesadas_01.png
2025-12-02 20:11:45,857 - INFO - Garantías procesadas para item 1
2025-12-02 20:11:45,858 - INFO - --- ITEM 2/2 ---
2025-12-02 20:11:45,859 - INFO - === MÓDULO 3: AGREGAR ITEM 2 ===
2025-12-02 20:11:45,860 - INFO - Código: 439766400005, Cantidad: 1
2025-12-02 20:11:45,861 - INFO - Esperando que campo búsqueda item 2 sea visible (timeout: 300s, se reinicia con progreso)...
2025-12-02 20:11:46,050 - INFO - PROGRESO: campo búsqueda item 2 visible - REINICIANDO timeout
2025-12-02 20:11:46,137 - INFO - OK - campo búsqueda item 2 listo después de 0.0s
2025-12-02 20:11:46,367 - INFO - Código 439766400005 ingresado en campo búsqueda
2025-12-02 20:11:46,439 - INFO - Enter enviado para búsqueda
2025-12-02 20:11:49,369 - INFO - Mensaje informativo (ignorado): Error
close
ERROR TO OBTAIN THE PARAMATER: permitirNoInventariadosSeguros...
2025-12-02 20:11:49,370 - INFO - Item 439766400005 procesado correctamente
2025-12-02 20:11:49,371 - INFO - === MÓDULO 4: GARANTÍAS ITEM 2 ===
2025-12-02 20:11:49,372 - INFO - Garantía: RECHAZAR
2025-12-02 20:11:50,488 - INFO - Screenshot capturado: C1_07_pantalla_garantias_02.png
2025-12-02 20:11:56,534 - INFO - Botón No Thanks encontrado - rechazando garantía
2025-12-02 20:11:56,587 - INFO - Click en No Thanks
2025-12-02 20:11:57,676 - INFO - Screenshot capturado: C1_06_item_con_garantias_procesadas_02.png
2025-12-02 20:11:57,677 - INFO - Garantías procesadas para item 2
2025-12-02 20:11:57,678 - INFO - === PASO 7: ENLAZAR CUSTOMER ==========================================================================
2025-12-02 20:11:57,678 - INFO - === MÓDULO 5: ENLAZAR CUSTOMER ===
2025-12-02 20:11:57,817 - INFO - Screenshot capturado: C1_12_antes_enlazar_cliente.png
2025-12-02 20:12:02,862 - INFO - Enlace cliente encontrado: /html/body/div[2]/div[3]/div[28]/div[3]/h4/a
2025-12-02 20:12:02,883 - INFO - Click en enlace cliente
2025-12-02 20:12:05,961 - INFO - Screenshot capturado: C1_13_formulario_cliente.png
2025-12-02 20:12:07,335 - INFO - Cliente 057874256 ingresado
2025-12-02 20:12:08,412 - INFO - Screenshot capturado: C1_14_cliente_ingresado.png
2025-12-02 20:12:12,471 - INFO - Primer Next
2025-12-02 20:12:15,575 - INFO - Screenshot capturado: C1_15_primer_next.png
2025-12-02 20:12:21,143 - INFO - Segundo Next
2025-12-02 20:12:24,224 - INFO - Screenshot capturado: C1_16_segundo_next.png
2025-12-02 20:12:24,227 - INFO - Customer enlazado exitosamente
2025-12-02 20:12:24,227 - INFO - === PASO 10: CRÉDITOS =============================================================================
2025-12-02 20:12:24,228 - INFO - === MÓDULO 8: APLICAR DESCUENTO EMPLEADO ==========================================================
2025-12-02 20:12:24,496 - INFO - Se abrió el menú de opciones de transacción
2025-12-02 20:12:24,815 - INFO - Se seleccionó la opción de descuento de empleado
2025-12-02 20:12:24,816 - INFO - Buscando modal override vía JavaScript...
2025-12-02 20:12:24,854 - INFO - YES del override presionado correctamente vía JavaScript
2025-12-02 20:12:25,525 - INFO - ID de empleado ingresado
2025-12-02 20:12:26,619 - INFO - Screenshot capturado: C1_descuento_empleado
2025-12-02 20:12:28,935 - INFO - Click en aplicar empleado
2025-12-02 20:12:28,935 - INFO - Esperando campo discountPercentInput...
2025-12-02 20:12:28,952 - INFO - Campo de porcentaje detectado
2025-12-02 20:12:31,971 - INFO - Porcentaje de descuento ingresado vía JavaScript
2025-12-02 20:12:33,056 - INFO - Screenshot capturado: C1_porcentaje_descuento_empleado
2025-12-02 20:12:33,057 - INFO - Buscando botón confirmar...
2025-12-02 20:12:33,089 - INFO - Descuento confirmado vía JavaScript
2025-12-02 20:12:34,092 - INFO - === PASO 11: FINALIZAR COTIZACIÓN ===
2025-12-02 20:12:34,093 - INFO - === FINALIZANDO COTIZACIÓN ===
2025-12-02 20:12:34,250 - INFO - Screenshot capturado: C1_17_antes_finalizar.png
2025-12-02 20:12:36,251 - INFO - PASO 1: Click en botón finalizar
2025-12-02 20:12:39,289 - INFO - ✓ Botón finalizar encontrado con: /html/body/div[2]/div[4]/div/div/div[3]/form[1]/button
2025-12-02 20:12:39,369 - INFO - Screenshot capturado: C1_18_antes_finalizar.png
2025-12-02 20:12:39,370 - INFO - 🔧 Preservando datos de sesión...
2025-12-02 20:12:39,387 - INFO - 📝 Sesión preservada - OrderID: undefined, SessionData: 
2025-12-02 20:12:39,406 - INFO - ✓ Click en botón finalizar exitoso
2025-12-02 20:12:47,548 - INFO - 📋 Modales encontrados: 189
2025-12-02 20:12:47,586 - INFO -   Modal 1: tag=div, id=itemInquiryDialog, visible=False
2025-12-02 20:12:47,623 - INFO -   Modal 2: tag=div, id=, visible=False
2025-12-02 20:12:47,671 - INFO -   Modal 3: tag=div, id=, visible=False
2025-12-02 20:12:47,683 - INFO - 📝 Formularios encontrados: 47
2025-12-02 20:12:47,684 - INFO - 🔍 MONITOREANDO ESTADO POST-SAVE...
2025-12-02 20:12:48,690 - INFO - 📍 Segundo 1: URL = http://ursvtols8b3c:8080/engage-unicomer-web/saleOrder/index
2025-12-02 20:12:48,697 - INFO - 📄 Segundo 1: Título = Grupo Unicomer
2025-12-02 20:12:50,370 - INFO - 🔘 Segundo 1: Botones visibles = ['Search', 'Item Inquiry', 'Transaction Options', 'Save & Print', 'Save']
2025-12-02 20:12:55,393 - INFO - 🖨️ Segundo 1: Printer Group NO encontrado
2025-12-02 20:12:55,403 - INFO - 🐛 Segundo 1: JS Console disponible
2025-12-02 20:12:55,425 - INFO - 💾 Segundo 1: Session=undefined, Local=undefined
2025-12-02 20:12:56,439 - INFO - 📍 Segundo 2: URL = http://ursvtols8b3c:8080/engage-unicomer-web/saleOrder/index
2025-12-02 20:12:56,449 - INFO - 📄 Segundo 2: Título = Grupo Unicomer
2025-12-02 20:12:58,808 - INFO - 🔘 Segundo 2: Botones visibles = ['Search', 'Item Inquiry', 'Transaction Options', 'Save & Print', 'Save']
2025-12-02 20:13:03,821 - INFO - 🖨️ Segundo 2: Printer Group NO encontrado
2025-12-02 20:13:03,831 - INFO - 🐛 Segundo 2: JS Console disponible
2025-12-02 20:13:03,850 - INFO - 💾 Segundo 2: Session=undefined, Local=undefined
2025-12-02 20:13:04,857 - INFO - 📍 Segundo 3: URL = http://ursvtols8b3c:8080/engage-unicomer-web/saleOrder/index
2025-12-02 20:13:04,863 - INFO - 📄 Segundo 3: Título = Grupo Unicomer
2025-12-02 20:13:06,527 - INFO - 🔘 Segundo 3: Botones visibles = ['Search', 'Item Inquiry', 'Transaction Options', 'Save & Print', 'Save']
2025-12-02 20:13:11,537 - INFO - 🖨️ Segundo 3: Printer Group NO encontrado
2025-12-02 20:13:11,548 - INFO - 🐛 Segundo 3: JS Console disponible
2025-12-02 20:13:11,566 - INFO - 💾 Segundo 3: Session=undefined, Local=undefined
2025-12-02 20:13:12,574 - INFO - 📍 Segundo 4: URL = http://ursvtols8b3c:8080/engage-unicomer-web/saleOrder/index
2025-12-02 20:13:12,579 - INFO - 📄 Segundo 4: Título = Grupo Unicomer
2025-12-02 20:13:14,394 - INFO - 🔘 Segundo 4: Botones visibles = ['Search', 'Item Inquiry', 'Transaction Options', 'Save & Print', 'Save']
2025-12-02 20:13:19,422 - INFO - 🖨️ Segundo 4: Printer Group NO encontrado
2025-12-02 20:13:19,446 - INFO - 🐛 Segundo 4: JS Console disponible
2025-12-02 20:13:19,490 - INFO - 💾 Segundo 4: Session=undefined, Local=undefined
2025-12-02 20:13:20,504 - INFO - 📍 Segundo 5: URL = http://ursvtols8b3c:8080/engage-unicomer-web/saleOrder/index
2025-12-02 20:13:20,510 - INFO - 📄 Segundo 5: Título = Grupo Unicomer
2025-12-02 20:13:22,687 - INFO - 🔘 Segundo 5: Botones visibles = ['Search', 'Item Inquiry', 'Transaction Options', 'Save & Print', 'Save']
2025-12-02 20:13:27,700 - INFO - 🖨️ Segundo 5: Printer Group NO encontrado
2025-12-02 20:13:27,715 - INFO - 🐛 Segundo 5: JS Console disponible
2025-12-02 20:13:27,737 - INFO - 💾 Segundo 5: Session=undefined, Local=undefined
2025-12-02 20:13:28,748 - INFO - 📍 Segundo 6: URL = http://ursvtols8b3c:8080/engage-unicomer-web/saleOrder/index
2025-12-02 20:13:28,755 - INFO - 📄 Segundo 6: Título = Grupo Unicomer
2025-12-02 20:13:31,117 - INFO - 🔘 Segundo 6: Botones visibles = ['Search', 'Item Inquiry', 'Transaction Options', 'Save & Print', 'Save']
2025-12-02 20:13:36,137 - INFO - 🖨️ Segundo 6: Printer Group NO encontrado
2025-12-02 20:13:36,160 - INFO - 🐛 Segundo 6: JS Console disponible
2025-12-02 20:13:36,197 - INFO - 💾 Segundo 6: Session=undefined, Local=undefined
2025-12-02 20:13:37,210 - INFO - 📍 Segundo 7: URL = http://ursvtols8b3c:8080/engage-unicomer-web/saleOrder/index
2025-12-02 20:13:37,216 - INFO - 📄 Segundo 7: Título = Grupo Unicomer
2025-12-02 20:13:39,235 - INFO - 🔘 Segundo 7: Botones visibles = ['Search', 'Item Inquiry', 'Transaction Options', 'Save & Print', 'Save']
2025-12-02 20:13:44,253 - INFO - 🖨️ Segundo 7: Printer Group NO encontrado
2025-12-02 20:13:44,275 - INFO - 🐛 Segundo 7: JS Console disponible
2025-12-02 20:13:44,308 - INFO - 💾 Segundo 7: Session=undefined, Local=undefined
2025-12-02 20:13:45,318 - INFO - 📍 Segundo 8: URL = http://ursvtols8b3c:8080/engage-unicomer-web/saleOrder/index
2025-12-02 20:13:45,326 - INFO - 📄 Segundo 8: Título = Grupo Unicomer
2025-12-02 20:13:47,394 - INFO - 🔘 Segundo 8: Botones visibles = ['×', 'Yes', 'No', 'Search', 'Item Inquiry']
2025-12-02 20:13:52,410 - INFO - 🖨️ Segundo 8: Printer Group NO encontrado
2025-12-02 20:13:52,423 - INFO - 🐛 Segundo 8: JS Console disponible
2025-12-02 20:13:52,453 - INFO - 💾 Segundo 8: Session=undefined, Local=undefined
2025-12-02 20:13:53,460 - INFO - 📍 Segundo 9: URL = http://ursvtols8b3c:8080/engage-unicomer-web/saleOrder/index
2025-12-02 20:13:53,466 - INFO - 📄 Segundo 9: Título = Grupo Unicomer
2025-12-02 20:13:56,206 - INFO - 🔘 Segundo 9: Botones visibles = ['×', 'OK', 'Search', 'Item Inquiry', 'Transaction Options']
2025-12-02 20:14:01,220 - INFO - 🖨️ Segundo 9: Printer Group NO encontrado
2025-12-02 20:14:01,230 - INFO - 🐛 Segundo 9: JS Console disponible
2025-12-02 20:14:01,256 - INFO - 💾 Segundo 9: Session=undefined, Local=undefined
2025-12-02 20:14:02,261 - INFO - 📍 Segundo 10: URL = http://ursvtols8b3c:8080/engage-unicomer-web/saleOrder/index
2025-12-02 20:14:02,266 - INFO - 📄 Segundo 10: Título = Grupo Unicomer
2025-12-02 20:14:04,431 - INFO - 🔘 Segundo 10: Botones visibles = ['×', 'OK', 'Search', 'Item Inquiry', 'Transaction Options']
2025-12-02 20:14:09,460 - INFO - 🖨️ Segundo 10: Printer Group NO encontrado
2025-12-02 20:14:09,470 - INFO - 🐛 Segundo 10: JS Console disponible
2025-12-02 20:14:09,488 - INFO - 💾 Segundo 10: Session=undefined, Local=undefined
2025-12-02 20:14:09,489 - INFO - 🏁 FIN DE MONITOREO POST-SAVE
2025-12-02 20:14:09,491 - INFO - 🔄 Buscando botón Save en página delivery/search...
2025-12-02 20:14:09,524 - INFO - ℹ️ Botón Save delivery encontrado pero no clickeable
2025-12-02 20:14:09,524 - INFO - 🔄 Verificación final del Printer Group...
2025-12-02 20:14:17,543 - INFO - ℹ️ Printer Group no apareció en verificación final
2025-12-02 20:14:17,544 - INFO - 💡 Esto puede ser normal - el Save ya se ejecutó
2025-12-02 20:14:17,545 - INFO - ⏳ Esperando procesamiento completo del Save...
2025-12-02 20:14:19,573 - INFO - PASO 2: Esperando redirección automática del servidor...
2025-12-02 20:14:19,589 - INFO - 📍 URL antes del submit: http://ursvtols8b3c:8080/engage-unicomer-web/saleOrder/index
2025-12-02 20:14:20,603 - INFO - ⏱️ Segundo 1: URL=http://ursvtols8b3c:8080/engage-unicomer-web/saleOrder/index, Título=Grupo Unicomer
2025-12-02 20:14:20,625 - INFO - ✅ Indicador de éxito encontrado: 'successfully'
2025-12-02 20:14:20,732 - INFO - Screenshot capturado: C1_20_exito_detectado.png
2025-12-02 20:14:20,734 - INFO - ✅ Finalización exitosa
2025-12-02 20:14:20,735 - INFO - === PASO 12: GENERAR REPORTE INDIVIDUAL ===
2025-12-02 20:14:20,736 - INFO - Generando reporte para cotización 1 con número 11609235250004
2025-12-02 20:14:20,736 - INFO - Screenshots disponibles: 17
2025-12-02 20:14:20,737 - INFO - 🔄 Generando reporte para cotización 1: 11609235250004
2025-12-02 20:14:21,051 - INFO - ✅ Excel actualizado - Cotización 1: 11609235250004
2025-12-02 20:14:21,677 - INFO - Reporte ejecutivo generado: Reporte_cotizacion_11609235250004.docx
2025-12-02 20:14:21,678 - INFO - Archivo verificado: 1634376 bytes
2025-12-02 20:14:21,679 - INFO - Reporte Word generado exitosamente para cotización 1
2025-12-02 20:14:21,679 - INFO - Iniciando limpieza de screenshots después de generar reporte
2025-12-02 20:14:21,682 - INFO - Screenshot eliminado: 01_login_resultado.png
2025-12-02 20:14:21,685 - INFO - Screenshot eliminado: C1_02_dashboard.png
2025-12-02 20:14:21,689 - INFO - Screenshot eliminado: C1_04_formulario_orden.png
2025-12-02 20:14:21,693 - INFO - Screenshot eliminado: C1_07_pantalla_garantias_01.png
2025-12-02 20:14:21,698 - INFO - Screenshot eliminado: C1_06_item_con_garantias_procesadas_01.png
2025-12-02 20:14:21,703 - INFO - Screenshot eliminado: C1_07_pantalla_garantias_02.png
2025-12-02 20:14:21,707 - INFO - Screenshot eliminado: C1_06_item_con_garantias_procesadas_02.png
2025-12-02 20:14:21,710 - INFO - Screenshot eliminado: C1_12_antes_enlazar_cliente.png
2025-12-02 20:14:21,715 - INFO - Screenshot eliminado: C1_13_formulario_cliente.png
2025-12-02 20:14:21,719 - INFO - Screenshot eliminado: C1_14_cliente_ingresado.png
2025-12-02 20:14:21,724 - INFO - Screenshot eliminado: C1_15_primer_next.png
2025-12-02 20:14:21,729 - INFO - Screenshot eliminado: C1_16_segundo_next.png
2025-12-02 20:14:21,733 - INFO - Screenshot eliminado: C1_descuento_empleado
2025-12-02 20:14:21,737 - INFO - Screenshot eliminado: C1_porcentaje_descuento_empleado
2025-12-02 20:14:21,741 - INFO - Screenshot eliminado: C1_17_antes_finalizar.png
2025-12-02 20:14:21,743 - INFO - Screenshot eliminado: C1_18_antes_finalizar.png
2025-12-02 20:14:21,748 - INFO - Screenshot eliminado: C1_20_exito_detectado.png
2025-12-02 20:14:21,750 - INFO - 17 screenshots eliminados para esta cotización
2025-12-02 20:14:21,753 - INFO - Cotización 1 completada: 11609235250004
2025-12-02 20:14:23,755 - INFO - 
🔄 PROCESANDO COTIZACIÓN 2/2: 2
2025-12-02 20:14:23,756 - INFO - === PASO 4: INICIAR ORDEN DE COMPRA ===
2025-12-02 20:14:23,756 - INFO - Buscando botón 'Comience una Orden de Compra'...
2025-12-02 20:14:23,879 - INFO - Screenshot capturado: C2_02_dashboard.png
2025-12-02 20:14:23,880 - INFO - Intentando selector 1: /html/body/div[2]/div[4]/div/div/div[1]/a[1]/input
2025-12-02 20:14:23,881 - INFO - Esperando que botón orden selector 1 sea visible (timeout: 300s, se reinicia con progreso)...
2025-12-02 20:14:29,409 - INFO - Esperando botón orden selector 1... Sin progreso: 0s, Total: 0s, Queda: 300s
2025-12-02 20:15:14,965 - INFO - Esperando botón orden selector 1... Sin progreso: 46s, Total: 46s, Queda: 254s
2025-12-02 20:16:59,915 - INFO - Esperando botón orden selector 1... Sin progreso: 151s, Total: 151s, Queda: 149s
2025-12-02 20:18:44,790 - INFO - Esperando botón orden selector 1... Sin progreso: 255s, Total: 255s, Queda: 45s
2025-12-02 20:19:28,952 - WARNING - Sin progreso en botón orden selector 1 por 300s - QUITANDO elemento y continuando
2025-12-02 20:19:28,952 - INFO - Total transcurrido: 305.1s
2025-12-02 20:19:28,953 - WARNING - QUITANDO: botón orden selector 1 - Sin progreso por 300s, continuando sin él
2025-12-02 20:19:28,954 - INFO - Selector 1 quitado por falta de progreso, probando siguiente...
2025-12-02 20:19:28,954 - ERROR - Ningún selector de botón orden funcionó - todos fueron quitados por timeout
2025-12-02 20:19:28,955 - WARNING - No se pudo iniciar orden de compra para cotización 2 - continuando con siguiente
2025-12-02 20:19:28,956 - INFO - === PASO 13: CREAR REPORTES FINALES ===
2025-12-02 20:19:28,957 - INFO - === REPORTE FINAL ===
2025-12-02 20:19:28,958 - INFO - Excel ya fue actualizado individualmente por cotización
2025-12-02 20:19:28,959 - INFO - Reportes Word ya fueron generados individualmente
2025-12-02 20:19:28,960 - INFO - Reportes encontrados: 1
2025-12-02 20:19:28,961 - INFO - === RESUMEN FINAL ===
2025-12-02 20:19:28,962 - INFO -  PROCESO MODULAR COMPLETADO
2025-12-02 20:19:28,962 - INFO - Cotizaciones procesadas: 1
2025-12-02 20:19:28,963 - INFO - Excel: productos.xlsx
2025-12-02 20:19:28,964 - INFO - 📑 Word: ['Reporte_cotizacion_11609235250004.docx']
2025-12-02 20:19:28,965 - INFO - Navegador abierto por 60 segundos...
2025-12-02 20:19:30,967 - INFO - Limpiando recursos...
2025-12-02 20:19:30,968 - INFO - Eliminando screenshots residuales...
2025-12-02 20:19:30,970 - INFO - 1 screenshots residuales eliminados
2025-12-02 20:19:35,158 - INFO - Navegador cerrado
2025-12-02 20:19:35,159 - INFO - Limpieza de recursos completada
2025-12-02 20:19:35,160 - INFO - === AUTOMATIZACIÓN FINALIZADA ===
2025-12-02 20:21:12,761 - INFO - Log guardándose en: logs\automatizacion_20251202.log
2025-12-02 20:21:12,762 - INFO -  === AUTOMATIZACIÓN MODULAR INICIADA ===
2025-12-02 20:21:12,762 - INFO - Archivo: productos.xlsx
2025-12-02 20:21:12,762 - INFO - === PASO 1: LECTURA EXCEL ===
2025-12-02 20:21:12,763 - INFO - === MÓDULO 1: LECTURA EXCEL ===
2025-12-02 20:21:12,763 - INFO - Archivo: productos.xlsx
2025-12-02 20:21:12,839 - INFO - Columnas encontradas: ['PROCESS', 'cotizacion_id', 'codigo', 'descripcion', 'cantidad', 'con_garantia', 'descuento_empleado', 'con_creditos', 'entrega_cliente', 'COTIZACION', 'ESTADO', 'FECHA_PROCESADO', 'ARCHIVO_WORD', 'tipo_entrega', 'empleado_id']
2025-12-02 20:21:12,846 - INFO - Se encontraron 2 cotizaciones
2025-12-02 20:21:12,847 - INFO - Cotización 1: 2 productos
2025-12-02 20:21:12,847 - INFO - Cotización 2: 3 productos
2025-12-02 20:21:12,847 - INFO - === PASO 2: INICIALIZAR NAVEGADOR ===
2025-12-02 20:21:21,402 - INFO - Navegador Firefox inicializado con configuración limpia
2025-12-02 20:21:21,402 - INFO - === PASO 3: INICIAR SESIÓN ===
2025-12-02 20:21:21,402 - INFO - === MÓDULO 2: INICIO SESIÓN ===
2025-12-02 20:21:25,721 - INFO - Accediendo a: http://ursvtols8b3c:8080/engage-unicomer-web/
2025-12-02 20:21:25,941 - INFO - Credenciales ingresadas
2025-12-02 20:21:29,258 - INFO - Formulario enviado
2025-12-02 20:21:31,357 - INFO - Screenshot capturado: 01_login_resultado.png
2025-12-02 20:21:31,370 - INFO - Login exitoso - URL cambió
2025-12-02 20:21:31,371 - INFO - 
🔄 PROCESANDO COTIZACIÓN 1/2: 1
2025-12-02 20:21:31,371 - INFO - === PASO 4: INICIAR ORDEN DE COMPRA ===
2025-12-02 20:21:31,372 - INFO - Buscando botón 'Comience una Orden de Compra'...
2025-12-02 20:21:31,459 - INFO - Screenshot capturado: C1_02_dashboard.png
2025-12-02 20:21:31,460 - INFO - Intentando selector 1: /html/body/div[2]/div[4]/div/div/div[1]/a[1]/input
2025-12-02 20:21:31,461 - INFO - Esperando que botón orden selector 1 sea visible (timeout: 300s, se reinicia con progreso)...
2025-12-02 20:21:31,694 - INFO - PROGRESO: botón orden selector 1 visible - REINICIANDO timeout
2025-12-02 20:21:31,725 - INFO - OK - botón orden selector 1 listo después de 0.0s
2025-12-02 20:21:32,286 - INFO - Click exitoso en botón orden selector 1
2025-12-02 20:21:33,402 - INFO - Screenshot capturado: C1_04_formulario_orden.png
2025-12-02 20:21:33,403 - INFO - Click realizado en botón orden
2025-12-02 20:21:33,403 - INFO - Configuración - Garantías: NO, Descuento: SI, Créditos: NO, Entrega: NO, Tipo Entrega: cliente llevará
2025-12-02 20:21:33,404 - INFO - === PASO 5: EXTRAER NÚMERO COTIZACIÓN ===
2025-12-02 20:21:33,405 - INFO - === EXTRAYENDO NÚMERO DE COTIZACIÓN INICIAL ===
2025-12-02 20:21:35,467 - INFO - Número encontrado con selector: li.quotationNumberTitle p:last-child
2025-12-02 20:21:35,468 - INFO - Número de cotización: 11609236250005
2025-12-02 20:21:35,470 - INFO - Número base extraído: 11609236250005
2025-12-02 20:21:35,471 - INFO - Número único generado: 11609236250005_5470
2025-12-02 20:21:35,472 - INFO - === PASO 6: AGREGAR ITEMS ============================================================================
2025-12-02 20:21:35,474 - INFO - --- ITEM 1/2 ---
2025-12-02 20:21:35,475 - INFO - === MÓDULO 3: AGREGAR ITEM 1 ===
2025-12-02 20:21:35,475 - INFO - Código: 461431200016, Cantidad: 1
2025-12-02 20:21:35,476 - INFO - Esperando que campo búsqueda item 1 sea visible (timeout: 300s, se reinicia con progreso)...
2025-12-02 20:21:35,512 - INFO - PROGRESO: campo búsqueda item 1 visible - REINICIANDO timeout
2025-12-02 20:21:35,545 - INFO - OK - campo búsqueda item 1 listo después de 0.0s
2025-12-02 20:21:35,648 - INFO - Código 461431200016 ingresado en campo búsqueda
2025-12-02 20:21:35,686 - INFO - Enter enviado para búsqueda
2025-12-02 20:21:37,483 - INFO - Mensaje informativo (ignorado): Error
close
ERROR TO OBTAIN THE PARAMATER: permitirNoInventariadosSeguros...
2025-12-02 20:21:37,484 - INFO - Item 461431200016 procesado correctamente
2025-12-02 20:21:37,484 - INFO - === MÓDULO 4: GARANTÍAS ITEM 1 ===
2025-12-02 20:21:37,485 - INFO - Garantía: RECHAZAR
2025-12-02 20:21:38,574 - INFO - Screenshot capturado: C1_07_pantalla_garantias_01.png
2025-12-02 20:21:44,623 - INFO - Botón No Thanks encontrado - rechazando garantía
2025-12-02 20:21:44,659 - INFO - Click en No Thanks
2025-12-02 20:21:45,765 - INFO - Screenshot capturado: C1_06_item_con_garantias_procesadas_01.png
2025-12-02 20:21:45,766 - INFO - Garantías procesadas para item 1
2025-12-02 20:21:45,767 - INFO - --- ITEM 2/2 ---
2025-12-02 20:21:45,768 - INFO - === MÓDULO 3: AGREGAR ITEM 2 ===
2025-12-02 20:21:45,769 - INFO - Código: 439766400005, Cantidad: 1
2025-12-02 20:21:45,770 - INFO - Esperando que campo búsqueda item 2 sea visible (timeout: 300s, se reinicia con progreso)...
2025-12-02 20:21:45,802 - INFO - PROGRESO: campo búsqueda item 2 visible - REINICIANDO timeout
2025-12-02 20:21:45,850 - INFO - OK - campo búsqueda item 2 listo después de 0.0s
2025-12-02 20:21:46,073 - INFO - Código 439766400005 ingresado en campo búsqueda
2025-12-02 20:21:46,105 - INFO - Enter enviado para búsqueda
2025-12-02 20:21:48,604 - INFO - Mensaje informativo (ignorado): Error
close
ERROR TO OBTAIN THE PARAMATER: permitirNoInventariadosSeguros...
2025-12-02 20:21:48,605 - INFO - Item 439766400005 procesado correctamente
2025-12-02 20:21:48,607 - INFO - === MÓDULO 4: GARANTÍAS ITEM 2 ===
2025-12-02 20:21:48,610 - INFO - Garantía: RECHAZAR
2025-12-02 20:21:49,746 - INFO - Screenshot capturado: C1_07_pantalla_garantias_02.png
2025-12-02 20:21:55,790 - INFO - Botón No Thanks encontrado - rechazando garantía
2025-12-02 20:21:55,819 - INFO - Click en No Thanks
2025-12-02 20:21:56,942 - INFO - Screenshot capturado: C1_06_item_con_garantias_procesadas_02.png
2025-12-02 20:21:56,943 - INFO - Garantías procesadas para item 2
2025-12-02 20:21:56,944 - INFO - === PASO 7: ENLAZAR CUSTOMER ==========================================================================
2025-12-02 20:21:56,944 - INFO - === MÓDULO 5: ENLAZAR CUSTOMER ===
2025-12-02 20:21:57,032 - INFO - Screenshot capturado: C1_12_antes_enlazar_cliente.png
2025-12-02 20:22:02,074 - INFO - Enlace cliente encontrado: /html/body/div[2]/div[3]/div[28]/div[3]/h4/a
2025-12-02 20:22:02,106 - INFO - Click en enlace cliente
2025-12-02 20:22:05,188 - INFO - Screenshot capturado: C1_13_formulario_cliente.png
2025-12-02 20:22:06,578 - INFO - Cliente 057874256 ingresado
2025-12-02 20:22:07,655 - INFO - Screenshot capturado: C1_14_cliente_ingresado.png
2025-12-02 20:22:09,560 - INFO - Primer Next
2025-12-02 20:22:12,729 - INFO - Screenshot capturado: C1_15_primer_next.png
2025-12-02 20:22:17,862 - INFO - Segundo Next
2025-12-02 20:22:20,956 - INFO - Screenshot capturado: C1_16_segundo_next.png
2025-12-02 20:22:20,957 - INFO - Customer enlazado exitosamente
2025-12-02 20:22:20,958 - INFO - === PASO 10: CRÉDITOS =============================================================================
2025-12-02 20:22:20,959 - INFO - === MÓDULO 8: APLICAR DESCUENTO EMPLEADO ==========================================================
2025-12-02 20:22:21,239 - INFO - Se abrió el menú de opciones de transacción
2025-12-02 20:22:21,517 - INFO - Se seleccionó la opción de descuento de empleado
2025-12-02 20:22:21,518 - INFO - Buscando modal override vía JavaScript...
2025-12-02 20:22:21,549 - INFO - YES del override presionado correctamente vía JavaScript
2025-12-02 20:22:22,239 - INFO - ID de empleado ingresado
2025-12-02 20:22:23,388 - INFO - Screenshot capturado: C1_descuento_empleado
2025-12-02 20:22:25,559 - INFO - Click en aplicar empleado
2025-12-02 20:22:25,560 - INFO - Esperando campo discountPercentInput...
2025-12-02 20:27:28,570 - ERROR - Error general: Message: 
Stacktrace:
RemoteError@chrome://remote/content/shared/RemoteError.sys.mjs:8:8
WebDriverError@chrome://remote/content/shared/webdriver/Errors.sys.mjs:187:5
NoSuchElementError@chrome://remote/content/shared/webdriver/Errors.sys.mjs:505:5
element.find/</<@chrome://remote/content/marionette/element.sys.mjs:135:16

2025-12-02 20:27:28,571 - INFO - 📋 Ver detalles del error en: logs\automatizacion_20251202.log
2025-12-02 20:27:28,571 - INFO - Limpiando recursos...
2025-12-02 20:27:28,572 - INFO - Eliminando screenshots residuales...
2025-12-02 20:27:28,602 - INFO - 13 screenshots residuales eliminados
2025-12-02 20:27:32,106 - INFO - Navegador cerrado
2025-12-02 20:27:32,107 - INFO - Limpieza de recursos completada
2025-12-02 20:27:32,107 - INFO - === AUTOMATIZACIÓN FINALIZADA ===
2025-12-02 20:32:28,110 - INFO - Log guardándose en: logs\automatizacion_20251202.log
2025-12-02 20:32:28,111 - INFO -  === AUTOMATIZACIÓN MODULAR INICIADA ===
2025-12-02 20:32:28,112 - INFO - Archivo: productos.xlsx
2025-12-02 20:32:28,112 - INFO - === PASO 1: LECTURA EXCEL ===
2025-12-02 20:32:28,112 - INFO - === MÓDULO 1: LECTURA EXCEL ===
2025-12-02 20:32:28,113 - INFO - Archivo: productos.xlsx
2025-12-02 20:32:28,223 - INFO - Columnas encontradas: ['PROCESS', 'cotizacion_id', 'codigo', 'descripcion', 'cantidad', 'con_garantia', 'descuento_empleado', 'con_creditos', 'entrega_cliente', 'COTIZACION', 'ESTADO', 'FECHA_PROCESADO', 'ARCHIVO_WORD', 'tipo_entrega', 'empleado_id']
2025-12-02 20:32:28,241 - INFO - Se encontraron 2 cotizaciones
2025-12-02 20:32:28,242 - INFO - Cotización 1: 2 productos
2025-12-02 20:32:28,243 - INFO - Cotización 2: 3 productos
2025-12-02 20:32:28,243 - INFO - === PASO 2: INICIALIZAR NAVEGADOR ===
2025-12-02 20:32:37,189 - INFO - Navegador Firefox inicializado con configuración limpia
2025-12-02 20:32:37,190 - INFO - === PASO 3: INICIAR SESIÓN ===
2025-12-02 20:32:37,191 - INFO - === MÓDULO 2: INICIO SESIÓN ===
2025-12-02 20:32:41,077 - INFO - Accediendo a: http://ursvtols8b3c:8080/engage-unicomer-web/
2025-12-02 20:32:41,255 - INFO - Credenciales ingresadas
2025-12-02 20:32:43,653 - INFO - Formulario enviado
2025-12-02 20:32:45,759 - INFO - Screenshot capturado: 01_login_resultado.png
2025-12-02 20:32:45,771 - INFO - Login exitoso - URL cambió
2025-12-02 20:32:45,772 - INFO - 
🔄 PROCESANDO COTIZACIÓN 1/2: 1
2025-12-02 20:32:45,773 - INFO - === PASO 4: INICIAR ORDEN DE COMPRA ===
2025-12-02 20:32:45,774 - INFO - Buscando botón 'Comience una Orden de Compra'...
2025-12-02 20:32:45,886 - INFO - Screenshot capturado: C1_02_dashboard.png
2025-12-02 20:32:45,887 - INFO - Intentando selector 1: /html/body/div[2]/div[4]/div/div/div[1]/a[1]/input
2025-12-02 20:32:45,888 - INFO - Esperando que botón orden selector 1 sea visible (timeout: 300s, se reinicia con progreso)...
2025-12-02 20:32:46,204 - INFO - PROGRESO: botón orden selector 1 visible - REINICIANDO timeout
2025-12-02 20:32:46,233 - INFO - OK - botón orden selector 1 listo después de 0.0s
2025-12-02 20:32:46,792 - INFO - Click exitoso en botón orden selector 1
2025-12-02 20:32:47,889 - INFO - Screenshot capturado: C1_04_formulario_orden.png
2025-12-02 20:32:47,891 - INFO - Click realizado en botón orden
2025-12-02 20:32:47,893 - INFO - Configuración - Garantías: NO, Descuento: SI, Créditos: NO, Entrega: NO, Tipo Entrega: cliente llevará
2025-12-02 20:32:47,894 - INFO - === PASO 5: EXTRAER NÚMERO COTIZACIÓN ===
2025-12-02 20:32:47,896 - INFO - === EXTRAYENDO NÚMERO DE COTIZACIÓN INICIAL ===
2025-12-02 20:32:49,966 - INFO - Número encontrado con selector: li.quotationNumberTitle p:last-child
2025-12-02 20:32:49,967 - INFO - Número de cotización: 11609237250005
2025-12-02 20:32:49,968 - INFO - Número base extraído: 11609237250005
2025-12-02 20:32:49,968 - INFO - Número único generado: 11609237250005_9967
2025-12-02 20:32:49,969 - INFO - === PASO 6: AGREGAR ITEMS ============================================================================
2025-12-02 20:32:49,970 - INFO - --- ITEM 1/2 ---
2025-12-02 20:32:49,971 - INFO - === MÓDULO 3: AGREGAR ITEM 1 ===
2025-12-02 20:32:49,972 - INFO - Código: 461431200016, Cantidad: 1
2025-12-02 20:32:49,973 - INFO - Esperando que campo búsqueda item 1 sea visible (timeout: 300s, se reinicia con progreso)...
2025-12-02 20:32:50,013 - INFO - PROGRESO: campo búsqueda item 1 visible - REINICIANDO timeout
2025-12-02 20:32:50,059 - INFO - OK - campo búsqueda item 1 listo después de 0.0s
2025-12-02 20:32:50,231 - INFO - Código 461431200016 ingresado en campo búsqueda
2025-12-02 20:32:50,288 - INFO - Enter enviado para búsqueda
2025-12-02 20:32:52,096 - INFO - Mensaje informativo (ignorado): Error
close
ERROR TO OBTAIN THE PARAMATER: permitirNoInventariadosSeguros...
2025-12-02 20:32:52,097 - INFO - Item 461431200016 procesado correctamente
2025-12-02 20:32:52,098 - INFO - === MÓDULO 4: GARANTÍAS ITEM 1 ===
2025-12-02 20:32:52,098 - INFO - Garantía: RECHAZAR
2025-12-02 20:32:53,192 - INFO - Screenshot capturado: C1_07_pantalla_garantias_01.png
2025-12-02 20:32:59,239 - INFO - Botón No Thanks encontrado - rechazando garantía
2025-12-02 20:32:59,278 - INFO - Click en No Thanks
2025-12-02 20:33:00,373 - INFO - Screenshot capturado: C1_06_item_con_garantias_procesadas_01.png
2025-12-02 20:33:00,374 - INFO - Garantías procesadas para item 1
2025-12-02 20:33:00,375 - INFO - --- ITEM 2/2 ---
2025-12-02 20:33:00,377 - INFO - === MÓDULO 3: AGREGAR ITEM 2 ===
2025-12-02 20:33:00,377 - INFO - Código: 439766400005, Cantidad: 1
2025-12-02 20:33:00,378 - INFO - Esperando que campo búsqueda item 2 sea visible (timeout: 300s, se reinicia con progreso)...
2025-12-02 20:33:00,432 - INFO - PROGRESO: campo búsqueda item 2 visible - REINICIANDO timeout
2025-12-02 20:33:00,473 - INFO - OK - campo búsqueda item 2 listo después de 0.0s
2025-12-02 20:33:00,625 - INFO - Código 439766400005 ingresado en campo búsqueda
2025-12-02 20:33:00,669 - INFO - Enter enviado para búsqueda
2025-12-02 20:33:03,241 - INFO -  Popup cerrado
2025-12-02 20:33:03,271 - INFO - Item 439766400005 procesado correctamente
2025-12-02 20:33:03,272 - INFO - === MÓDULO 4: GARANTÍAS ITEM 2 ===
2025-12-02 20:33:03,273 - INFO - Garantía: RECHAZAR
2025-12-02 20:33:04,395 - INFO - Screenshot capturado: C1_07_pantalla_garantias_02.png
2025-12-02 20:33:10,434 - INFO - Botón No Thanks encontrado - rechazando garantía
2025-12-02 20:33:10,468 - INFO - Click en No Thanks
2025-12-02 20:33:11,630 - INFO - Screenshot capturado: C1_06_item_con_garantias_procesadas_02.png
2025-12-02 20:33:11,631 - INFO - Garantías procesadas para item 2
2025-12-02 20:33:11,632 - INFO - === PASO 7: ENLAZAR CUSTOMER ==========================================================================
2025-12-02 20:33:11,632 - INFO - === MÓDULO 5: ENLAZAR CUSTOMER ===
2025-12-02 20:33:11,834 - INFO - Screenshot capturado: C1_12_antes_enlazar_cliente.png
2025-12-02 20:33:16,927 - INFO - Enlace cliente encontrado: /html/body/div[2]/div[3]/div[28]/div[3]/h4/a
2025-12-02 20:33:16,957 - INFO - Click en enlace cliente
2025-12-02 20:33:20,029 - INFO - Screenshot capturado: C1_13_formulario_cliente.png
2025-12-02 20:33:21,385 - INFO - Cliente 057874256 ingresado
2025-12-02 20:33:22,464 - INFO - Screenshot capturado: C1_14_cliente_ingresado.png
2025-12-02 20:33:25,104 - INFO - Primer Next
2025-12-02 20:33:28,240 - INFO - Screenshot capturado: C1_15_primer_next.png
2025-12-02 20:33:33,072 - INFO - Segundo Next
2025-12-02 20:33:36,154 - INFO - Screenshot capturado: C1_16_segundo_next.png
2025-12-02 20:33:36,154 - INFO - Customer enlazado exitosamente
2025-12-02 20:33:36,155 - INFO - === PASO 10: CRÉDITOS =============================================================================
2025-12-02 20:33:36,156 - INFO - === MÓDULO 8: APLICAR DESCUENTO EMPLEADO ==========================================================
2025-12-02 20:33:36,423 - INFO - Se abrió el menú de opciones de transacción
2025-12-02 20:33:36,710 - INFO - Se seleccionó la opción de descuento de empleado
2025-12-02 20:33:36,712 - INFO - Buscando modal override vía JavaScript...
2025-12-02 20:33:36,745 - INFO - YES del override presionado correctamente vía JavaScript
2025-12-02 20:33:37,460 - INFO - ID de empleado ingresado
2025-12-02 20:33:38,613 - INFO - Screenshot capturado: C1_descuento_empleado
2025-12-02 20:33:40,681 - INFO - Click en aplicar empleado
2025-12-02 20:33:40,682 - INFO - Esperando campo discountPercentInput...
2025-12-02 20:36:08,799 - ERROR - Error general: Message: TypeError: browsingContext.currentWindowGlobal is null
Stacktrace:
getMarionetteCommandsActorProxy/get/<@chrome://remote/content/marionette/actors/MarionetteCommandsParent.sys.mjs:311:17
observe@resource://gre/modules/AsyncShutdown.sys.mjs:575:17

2025-12-02 20:36:08,800 - INFO - 📋 Ver detalles del error en: logs\automatizacion_20251202.log
2025-12-02 20:36:08,801 - INFO - Limpiando recursos...
2025-12-02 20:36:08,802 - INFO - Eliminando screenshots residuales...
2025-12-02 20:36:08,826 - INFO - 13 screenshots residuales eliminados
2025-12-02 20:36:11,094 - INFO - Navegador cerrado
2025-12-02 20:36:11,094 - INFO - Limpieza de recursos completada
2025-12-02 20:36:11,095 - INFO - === AUTOMATIZACIÓN FINALIZADA ===
2025-12-02 20:36:15,675 - INFO - Log guardándose en: logs\automatizacion_20251202.log
2025-12-02 20:36:15,676 - INFO -  === AUTOMATIZACIÓN MODULAR INICIADA ===
2025-12-02 20:36:15,676 - INFO - Archivo: productos.xlsx
2025-12-02 20:36:15,677 - INFO - === PASO 1: LECTURA EXCEL ===
2025-12-02 20:36:15,677 - INFO - === MÓDULO 1: LECTURA EXCEL ===
2025-12-02 20:36:15,678 - INFO - Archivo: productos.xlsx
2025-12-02 20:36:15,723 - INFO - Columnas encontradas: ['PROCESS', 'cotizacion_id', 'codigo', 'descripcion', 'cantidad', 'con_garantia', 'descuento_empleado', 'con_creditos', 'entrega_cliente', 'COTIZACION', 'ESTADO', 'FECHA_PROCESADO', 'ARCHIVO_WORD', 'tipo_entrega', 'empleado_id']
2025-12-02 20:36:15,728 - INFO - Se encontraron 2 cotizaciones
2025-12-02 20:36:15,729 - INFO - Cotización 1: 2 productos
2025-12-02 20:36:15,729 - INFO - Cotización 2: 3 productos
2025-12-02 20:36:15,730 - INFO - === PASO 2: INICIALIZAR NAVEGADOR ===
2025-12-02 20:36:25,662 - INFO - Navegador Firefox inicializado con configuración limpia
2025-12-02 20:36:25,662 - INFO - === PASO 3: INICIAR SESIÓN ===
2025-12-02 20:36:25,663 - INFO - === MÓDULO 2: INICIO SESIÓN ===
2025-12-02 20:36:29,249 - INFO - Accediendo a: http://ursvtols8b3c:8080/engage-unicomer-web/
2025-12-02 20:36:29,414 - INFO - Credenciales ingresadas
2025-12-02 20:36:31,627 - INFO - Formulario enviado
2025-12-02 20:36:33,726 - INFO - Screenshot capturado: 01_login_resultado.png
2025-12-02 20:36:33,749 - INFO - Login exitoso - URL cambió
2025-12-02 20:36:33,750 - INFO - 
🔄 PROCESANDO COTIZACIÓN 1/2: 1
2025-12-02 20:36:33,751 - INFO - === PASO 4: INICIAR ORDEN DE COMPRA ===
2025-12-02 20:36:33,752 - INFO - Buscando botón 'Comience una Orden de Compra'...
2025-12-02 20:36:33,868 - INFO - Screenshot capturado: C1_02_dashboard.png
2025-12-02 20:36:33,869 - INFO - Intentando selector 1: /html/body/div[2]/div[4]/div/div/div[1]/a[1]/input
2025-12-02 20:36:33,870 - INFO - Esperando que botón orden selector 1 sea visible (timeout: 300s, se reinicia con progreso)...
2025-12-02 20:36:33,947 - INFO - PROGRESO: botón orden selector 1 visible - REINICIANDO timeout
2025-12-02 20:36:33,994 - INFO - OK - botón orden selector 1 listo después de 0.0s
2025-12-02 20:36:34,565 - INFO - Click exitoso en botón orden selector 1
2025-12-02 20:36:35,681 - INFO - Screenshot capturado: C1_04_formulario_orden.png
2025-12-02 20:36:35,683 - INFO - Click realizado en botón orden
2025-12-02 20:36:35,685 - INFO - Configuración - Garantías: NO, Descuento: SI, Créditos: NO, Entrega: NO, Tipo Entrega: cliente llevará
2025-12-02 20:36:35,687 - INFO - === PASO 5: EXTRAER NÚMERO COTIZACIÓN ===
2025-12-02 20:36:35,687 - INFO - === EXTRAYENDO NÚMERO DE COTIZACIÓN INICIAL ===
2025-12-02 20:36:37,754 - INFO - Número encontrado con selector: li.quotationNumberTitle p:last-child
2025-12-02 20:36:37,755 - INFO - Número de cotización: 11609238250004
2025-12-02 20:36:37,756 - INFO - Número base extraído: 11609238250004
2025-12-02 20:36:37,757 - INFO - Número único generado: 11609238250004_7756
2025-12-02 20:36:37,758 - INFO - === PASO 6: AGREGAR ITEMS ============================================================================
2025-12-02 20:36:37,759 - INFO - --- ITEM 1/2 ---
2025-12-02 20:36:37,760 - INFO - === MÓDULO 3: AGREGAR ITEM 1 ===
2025-12-02 20:36:37,761 - INFO - Código: 461431200016, Cantidad: 1
2025-12-02 20:36:37,762 - INFO - Esperando que campo búsqueda item 1 sea visible (timeout: 300s, se reinicia con progreso)...
2025-12-02 20:36:37,808 - INFO - PROGRESO: campo búsqueda item 1 visible - REINICIANDO timeout
2025-12-02 20:36:37,856 - INFO - OK - campo búsqueda item 1 listo después de 0.0s
2025-12-02 20:36:37,990 - INFO - Código 461431200016 ingresado en campo búsqueda
2025-12-02 20:36:38,039 - INFO - Enter enviado para búsqueda
2025-12-02 20:36:39,756 - INFO - Mensaje informativo (ignorado): Error
close
ERROR TO OBTAIN THE PARAMATER: permitirNoInventariadosSeguros...
2025-12-02 20:36:39,757 - INFO - Item 461431200016 procesado correctamente
2025-12-02 20:36:39,758 - INFO - === MÓDULO 4: GARANTÍAS ITEM 1 ===
2025-12-02 20:36:39,759 - INFO - Garantía: RECHAZAR
2025-12-02 20:36:40,855 - INFO - Screenshot capturado: C1_07_pantalla_garantias_01.png
2025-12-02 20:36:46,885 - INFO - Botón No Thanks encontrado - rechazando garantía
2025-12-02 20:36:46,913 - INFO - Click en No Thanks
2025-12-02 20:36:48,057 - INFO - Screenshot capturado: C1_06_item_con_garantias_procesadas_01.png
2025-12-02 20:36:48,058 - INFO - Garantías procesadas para item 1
2025-12-02 20:36:48,059 - INFO - --- ITEM 2/2 ---
2025-12-02 20:36:48,060 - INFO - === MÓDULO 3: AGREGAR ITEM 2 ===
2025-12-02 20:36:48,061 - INFO - Código: 439766400005, Cantidad: 1
2025-12-02 20:36:48,061 - INFO - Esperando que campo búsqueda item 2 sea visible (timeout: 300s, se reinicia con progreso)...
2025-12-02 20:36:48,102 - INFO - PROGRESO: campo búsqueda item 2 visible - REINICIANDO timeout
2025-12-02 20:36:48,137 - INFO - OK - campo búsqueda item 2 listo después de 0.0s
2025-12-02 20:36:48,214 - INFO - Código 439766400005 ingresado en campo búsqueda
2025-12-02 20:36:48,252 - INFO - Enter enviado para búsqueda
2025-12-02 20:36:50,627 - INFO - Mensaje informativo (ignorado): Error
close
ERROR TO OBTAIN THE PARAMATER: permitirNoInventariadosSeguros...
2025-12-02 20:36:50,628 - INFO - Item 439766400005 procesado correctamente
2025-12-02 20:36:50,629 - INFO - === MÓDULO 4: GARANTÍAS ITEM 2 ===
2025-12-02 20:36:50,630 - INFO - Garantía: RECHAZAR
2025-12-02 20:36:51,736 - INFO - Screenshot capturado: C1_07_pantalla_garantias_02.png
2025-12-02 20:36:57,775 - INFO - Botón No Thanks encontrado - rechazando garantía
2025-12-02 20:36:57,811 - INFO - Click en No Thanks
2025-12-02 20:36:58,935 - INFO - Screenshot capturado: C1_06_item_con_garantias_procesadas_02.png
2025-12-02 20:36:58,936 - INFO - Garantías procesadas para item 2
2025-12-02 20:36:58,937 - INFO - === PASO 7: ENLAZAR CUSTOMER ==========================================================================
2025-12-02 20:36:58,937 - INFO - === MÓDULO 5: ENLAZAR CUSTOMER ===
2025-12-02 20:36:59,100 - INFO - Screenshot capturado: C1_12_antes_enlazar_cliente.png
2025-12-02 20:37:04,178 - INFO - Enlace cliente encontrado: /html/body/div[2]/div[3]/div[28]/div[3]/h4/a
2025-12-02 20:37:04,200 - INFO - Click en enlace cliente
2025-12-02 20:37:07,291 - INFO - Screenshot capturado: C1_13_formulario_cliente.png
2025-12-02 20:37:08,663 - INFO - Cliente 057874256 ingresado
2025-12-02 20:37:09,741 - INFO - Screenshot capturado: C1_14_cliente_ingresado.png
2025-12-02 20:37:12,092 - INFO - Primer Next
2025-12-02 20:37:15,246 - INFO - Screenshot capturado: C1_15_primer_next.png
2025-12-02 20:37:20,294 - INFO - Segundo Next
2025-12-02 20:37:23,368 - INFO - Screenshot capturado: C1_16_segundo_next.png
2025-12-02 20:37:23,369 - INFO - Customer enlazado exitosamente
2025-12-02 20:37:23,370 - INFO - === PASO 10: CRÉDITOS =============================================================================
2025-12-02 20:37:23,370 - INFO - === MÓDULO 8: APLICAR DESCUENTO EMPLEADO ==========================================================
2025-12-02 20:38:19,939 - ERROR - Error general: Message: WebDriver session does not exist, or is not active; For documentation on this error, please visit: https://www.selenium.dev/documentation/webdriver/troubleshooting/errors#invalidsessionidexception
Stacktrace:
RemoteError@chrome://remote/content/shared/RemoteError.sys.mjs:8:8
WebDriverError@chrome://remote/content/shared/webdriver/Errors.sys.mjs:187:5
InvalidSessionIDError@chrome://remote/content/shared/webdriver/Errors.sys.mjs:442:5
assert.that/<@chrome://remote/content/shared/webdriver/Assert.sys.mjs:485:13
assert.session@chrome://remote/content/shared/webdriver/Assert.sys.mjs:37:4
despatch@chrome://remote/content/marionette/server.sys.mjs:317:19
execute@chrome://remote/content/marionette/server.sys.mjs:291:16
onPacket/<@chrome://remote/content/marionette/server.sys.mjs:264:20
onPacket@chrome://remote/content/marionette/server.sys.mjs:265:9
_onJSONObjectReady/<@chrome://remote/content/marionette/transport.sys.mjs:496:20

2025-12-02 20:38:19,940 - INFO - 📋 Ver detalles del error en: logs\automatizacion_20251202.log
2025-12-02 20:38:19,941 - INFO - Limpiando recursos...
2025-12-02 20:38:19,941 - INFO - Eliminando screenshots residuales...
2025-12-02 20:38:19,966 - INFO - 12 screenshots residuales eliminados
2025-12-02 20:38:22,173 - INFO - Navegador cerrado
2025-12-02 20:38:22,173 - INFO - Limpieza de recursos completada
2025-12-02 20:38:22,174 - INFO - === AUTOMATIZACIÓN FINALIZADA ===
2025-12-02 20:38:29,007 - INFO - Log guardándose en: logs\automatizacion_20251202.log
2025-12-02 20:38:29,007 - INFO -  === AUTOMATIZACIÓN MODULAR INICIADA ===
2025-12-02 20:38:29,008 - INFO - Archivo: productos.xlsx
2025-12-02 20:38:29,008 - INFO - === PASO 1: LECTURA EXCEL ===
2025-12-02 20:38:29,008 - INFO - === MÓDULO 1: LECTURA EXCEL ===
2025-12-02 20:38:29,008 - INFO - Archivo: productos.xlsx
2025-12-02 20:38:29,049 - INFO - Columnas encontradas: ['PROCESS', 'cotizacion_id', 'codigo', 'descripcion', 'cantidad', 'con_garantia', 'descuento_empleado', 'con_creditos', 'entrega_cliente', 'COTIZACION', 'ESTADO', 'FECHA_PROCESADO', 'ARCHIVO_WORD', 'tipo_entrega', 'empleado_id']
2025-12-02 20:38:29,075 - INFO - Se encontraron 2 cotizaciones
2025-12-02 20:38:29,076 - INFO - Cotización 1: 2 productos
2025-12-02 20:38:29,076 - INFO - Cotización 2: 3 productos
2025-12-02 20:38:29,077 - INFO - === PASO 2: INICIALIZAR NAVEGADOR ===
2025-12-02 20:38:38,860 - INFO - Navegador Firefox inicializado con configuración limpia
2025-12-02 20:38:38,861 - INFO - === PASO 3: INICIAR SESIÓN ===
2025-12-02 20:38:38,861 - INFO - === MÓDULO 2: INICIO SESIÓN ===
2025-12-02 20:38:43,590 - INFO - Accediendo a: http://ursvtols8b3c:8080/engage-unicomer-web/
2025-12-02 20:38:44,220 - INFO - Credenciales ingresadas
2025-12-02 20:38:46,537 - INFO - Formulario enviado
2025-12-02 20:38:48,686 - INFO - Screenshot capturado: 01_login_resultado.png
2025-12-02 20:38:48,700 - INFO - Login exitoso - URL cambió
2025-12-02 20:38:48,702 - INFO - 
🔄 PROCESANDO COTIZACIÓN 1/2: 1
2025-12-02 20:38:48,703 - INFO - === PASO 4: INICIAR ORDEN DE COMPRA ===
2025-12-02 20:38:48,703 - INFO - Buscando botón 'Comience una Orden de Compra'...
2025-12-02 20:38:48,792 - INFO - Screenshot capturado: C1_02_dashboard.png
2025-12-02 20:38:48,793 - INFO - Intentando selector 1: /html/body/div[2]/div[4]/div/div/div[1]/a[1]/input
2025-12-02 20:38:48,793 - INFO - Esperando que botón orden selector 1 sea visible (timeout: 300s, se reinicia con progreso)...
2025-12-02 20:38:48,844 - INFO - PROGRESO: botón orden selector 1 visible - REINICIANDO timeout
2025-12-02 20:38:48,869 - INFO - OK - botón orden selector 1 listo después de 0.0s
2025-12-02 20:38:49,433 - INFO - Click exitoso en botón orden selector 1
2025-12-02 20:38:51,074 - INFO - Screenshot capturado: C1_04_formulario_orden.png
2025-12-02 20:38:51,075 - INFO - Click realizado en botón orden
2025-12-02 20:38:51,076 - INFO - Configuración - Garantías: NO, Descuento: SI, Créditos: NO, Entrega: NO, Tipo Entrega: cliente llevará
2025-12-02 20:38:51,077 - INFO - === PASO 5: EXTRAER NÚMERO COTIZACIÓN ===
2025-12-02 20:38:51,079 - INFO - === EXTRAYENDO NÚMERO DE COTIZACIÓN INICIAL ===
2025-12-02 20:38:53,126 - INFO - Número encontrado con selector: li.quotationNumberTitle p:last-child
2025-12-02 20:38:53,127 - INFO - Número de cotización: 11609239250005
2025-12-02 20:38:53,128 - INFO - Número base extraído: 11609239250005
2025-12-02 20:38:53,128 - INFO - Número único generado: 11609239250005_3127
2025-12-02 20:38:53,129 - INFO - === PASO 6: AGREGAR ITEMS ============================================================================
2025-12-02 20:38:53,130 - INFO - --- ITEM 1/2 ---
2025-12-02 20:38:53,134 - INFO - === MÓDULO 3: AGREGAR ITEM 1 ===
2025-12-02 20:38:53,136 - INFO - Código: 461431200016, Cantidad: 1
2025-12-02 20:38:53,137 - INFO - Esperando que campo búsqueda item 1 sea visible (timeout: 300s, se reinicia con progreso)...
2025-12-02 20:38:53,173 - INFO - PROGRESO: campo búsqueda item 1 visible - REINICIANDO timeout
2025-12-02 20:38:53,203 - INFO - OK - campo búsqueda item 1 listo después de 0.0s
2025-12-02 20:38:53,301 - INFO - Código 461431200016 ingresado en campo búsqueda
2025-12-02 20:38:53,331 - INFO - Enter enviado para búsqueda
2025-12-02 20:38:55,184 - INFO - Mensaje informativo (ignorado): Error
close
ERROR TO OBTAIN THE PARAMATER: permitirNoInventariadosSeguros...
2025-12-02 20:38:55,185 - INFO - Item 461431200016 procesado correctamente
2025-12-02 20:38:55,186 - INFO - === MÓDULO 4: GARANTÍAS ITEM 1 ===
2025-12-02 20:38:55,187 - INFO - Garantía: RECHAZAR
2025-12-02 20:38:56,285 - INFO - Screenshot capturado: C1_07_pantalla_garantias_01.png
2025-12-02 20:39:02,324 - INFO - Botón No Thanks encontrado - rechazando garantía
2025-12-02 20:39:02,347 - INFO - Click en No Thanks
2025-12-02 20:39:03,469 - INFO - Screenshot capturado: C1_06_item_con_garantias_procesadas_01.png
2025-12-02 20:39:03,470 - INFO - Garantías procesadas para item 1
2025-12-02 20:39:03,470 - INFO - --- ITEM 2/2 ---
2025-12-02 20:39:03,471 - INFO - === MÓDULO 3: AGREGAR ITEM 2 ===
2025-12-02 20:39:03,472 - INFO - Código: 439766400005, Cantidad: 1
2025-12-02 20:39:03,472 - INFO - Esperando que campo búsqueda item 2 sea visible (timeout: 300s, se reinicia con progreso)...
2025-12-02 20:39:03,579 - INFO - PROGRESO: campo búsqueda item 2 visible - REINICIANDO timeout
2025-12-02 20:39:03,621 - INFO - OK - campo búsqueda item 2 listo después de 0.0s
2025-12-02 20:39:03,720 - INFO - Código 439766400005 ingresado en campo búsqueda
2025-12-02 20:39:03,755 - INFO - Enter enviado para búsqueda
2025-12-02 20:39:06,218 - INFO - Mensaje informativo (ignorado): Error
close
ERROR TO OBTAIN THE PARAMATER: permitirNoInventariadosSeguros...
2025-12-02 20:39:06,219 - INFO - Item 439766400005 procesado correctamente
2025-12-02 20:39:06,220 - INFO - === MÓDULO 4: GARANTÍAS ITEM 2 ===
2025-12-02 20:39:06,221 - INFO - Garantía: RECHAZAR
2025-12-02 20:39:07,314 - INFO - Screenshot capturado: C1_07_pantalla_garantias_02.png
2025-12-02 20:39:13,374 - INFO - Botón No Thanks encontrado - rechazando garantía
2025-12-02 20:39:13,425 - INFO - Click en No Thanks
2025-12-02 20:39:14,509 - INFO - Screenshot capturado: C1_06_item_con_garantias_procesadas_02.png
2025-12-02 20:39:14,510 - INFO - Garantías procesadas para item 2
2025-12-02 20:39:14,511 - INFO - === PASO 7: ENLAZAR CUSTOMER ==========================================================================
2025-12-02 20:39:14,512 - INFO - === MÓDULO 5: ENLAZAR CUSTOMER ===
2025-12-02 20:39:14,622 - INFO - Screenshot capturado: C1_12_antes_enlazar_cliente.png
2025-12-02 20:39:19,687 - INFO - Enlace cliente encontrado: /html/body/div[2]/div[3]/div[28]/div[3]/h4/a
2025-12-02 20:39:19,715 - INFO - Click en enlace cliente
2025-12-02 20:39:22,795 - INFO - Screenshot capturado: C1_13_formulario_cliente.png
2025-12-02 20:39:24,165 - INFO - Cliente 057874256 ingresado
2025-12-02 20:39:25,231 - INFO - Screenshot capturado: C1_14_cliente_ingresado.png
2025-12-02 20:39:25,918 - INFO - Primer Next
2025-12-02 20:39:29,076 - INFO - Screenshot capturado: C1_15_primer_next.png
2025-12-02 20:39:33,444 - INFO - Segundo Next
2025-12-02 20:39:36,528 - INFO - Screenshot capturado: C1_16_segundo_next.png
2025-12-02 20:39:36,531 - INFO - Customer enlazado exitosamente
2025-12-02 20:39:36,533 - INFO - === PASO 10: CRÉDITOS =============================================================================
2025-12-02 20:39:36,534 - INFO - === MÓDULO 8: APLICAR DESCUENTO EMPLEADO ==========================================================
2025-12-02 20:39:39,757 - INFO - Buscando input de porcentaje (IDs duplicados)...
2025-12-02 20:39:41,799 - INFO - Porcentaje aplicado correctamente en el modal visible (10%)
2025-12-02 20:39:42,831 - INFO - Descuento confirmado vía JS
2025-12-02 20:39:42,831 - INFO - === PASO 11: FINALIZAR COTIZACIÓN ===
2025-12-02 20:39:42,832 - INFO - === FINALIZANDO COTIZACIÓN ===
2025-12-02 20:39:42,918 - INFO - Screenshot capturado: C1_17_antes_finalizar.png
2025-12-02 20:39:44,920 - INFO - PASO 1: Click en botón finalizar
2025-12-02 20:39:47,966 - INFO - ✓ Botón finalizar encontrado con: /html/body/div[2]/div[4]/div/div/div[3]/form[1]/button
2025-12-02 20:39:48,040 - INFO - Screenshot capturado: C1_18_antes_finalizar.png
2025-12-02 20:39:48,041 - INFO - 🔧 Preservando datos de sesión...
2025-12-02 20:39:48,059 - INFO - 📝 Sesión preservada - OrderID: undefined, SessionData: 
2025-12-02 20:39:48,086 - INFO - ✓ Click en botón finalizar exitoso
2025-12-02 20:39:51,107 - INFO - 🖨️ Elementos printer encontrados: 10
2025-12-02 20:39:51,144 - INFO -   Elemento 1: tag=form, id=printForm, class=
2025-12-02 20:39:51,198 - INFO -   Elemento 2: tag=div, id=, class=printingBox
2025-12-02 20:39:51,264 - INFO -   Elemento 3: tag=input, id=printerGroup, class=printerRadioButton btnFloatRight
2025-12-02 20:39:51,301 - INFO -   Elemento 4: tag=input, id=printerName0, class=
2025-12-02 20:39:51,331 - INFO -   Elemento 5: tag=input, id=printerLocation0, class=
2025-12-02 20:39:51,352 - INFO - 📋 Modales encontrados: 189
2025-12-02 20:39:51,393 - INFO -   Modal 1: tag=div, id=itemInquiryDialog, visible=False
2025-12-02 20:39:51,435 - INFO -   Modal 2: tag=div, id=, visible=False
2025-12-02 20:39:51,472 - INFO -   Modal 3: tag=div, id=, visible=False
2025-12-02 20:39:51,485 - INFO - 📝 Formularios encontrados: 51
2025-12-02 20:39:51,486 - INFO - 🔍 MONITOREANDO ESTADO POST-SAVE...
2025-12-02 20:39:52,492 - INFO - 📍 Segundo 1: URL = http://ursvtols8b3c:8080/engage-unicomer-web/saleOrder/saveAndPrint
2025-12-02 20:39:52,496 - INFO - 📄 Segundo 1: Título = Grupo Unicomer
2025-12-02 20:39:54,367 - INFO - 🔘 Segundo 1: Botones visibles = ['Search', 'Item Inquiry', 'Transaction Options', 'Save & Print', 'Save']
2025-12-02 20:39:54,393 - INFO - 🖨️ Segundo 1: Printer Group encontrado! Visible=True
2025-12-02 20:39:54,394 - INFO - ✅ PRINTER GROUP DISPONIBLE - Procediendo a hacer click...
2025-12-02 20:39:54,652 - INFO - ✓ Default Printer seleccionado: //*[@id='printerGroup']
2025-12-02 20:39:55,682 - INFO - 🖨️ Botón print encontrado: //button[@id='defaultSubmitPrintButton']
2025-12-02 20:39:55,707 - INFO - ✅ CLICK EN BOTÓN IMPRIMIR EXITOSO
2025-12-02 20:39:57,772 - INFO - ✅ CONFIRMACIÓN FINAL EXITOSA
2025-12-02 20:39:57,896 - INFO - Screenshot capturado: C1_21_print_completado.png
2025-12-02 20:39:57,897 - INFO - ✅ Finalización exitosa
2025-12-02 20:39:57,898 - INFO - === PASO 12: GENERAR REPORTE INDIVIDUAL ===
2025-12-02 20:39:57,899 - INFO - Generando reporte para cotización 1 con número 11609239250005
2025-12-02 20:39:57,900 - INFO - Screenshots disponibles: 15
2025-12-02 20:39:57,901 - INFO - 🔄 Generando reporte para cotización 1: 11609239250005
2025-12-02 20:39:58,227 - INFO - ✅ Excel actualizado - Cotización 1: 11609239250005
2025-12-02 20:39:58,814 - INFO - Reporte ejecutivo generado: Reporte_cotizacion_11609239250005.docx
2025-12-02 20:39:58,815 - INFO - Archivo verificado: 1354393 bytes
2025-12-02 20:39:58,815 - INFO - Reporte Word generado exitosamente para cotización 1
2025-12-02 20:39:58,816 - INFO - Iniciando limpieza de screenshots después de generar reporte
2025-12-02 20:39:58,818 - INFO - Screenshot eliminado: 01_login_resultado.png
2025-12-02 20:39:58,822 - INFO - Screenshot eliminado: C1_02_dashboard.png
2025-12-02 20:39:58,827 - INFO - Screenshot eliminado: C1_04_formulario_orden.png
2025-12-02 20:39:58,833 - INFO - Screenshot eliminado: C1_07_pantalla_garantias_01.png
2025-12-02 20:39:58,837 - INFO - Screenshot eliminado: C1_06_item_con_garantias_procesadas_01.png
2025-12-02 20:39:58,840 - INFO - Screenshot eliminado: C1_07_pantalla_garantias_02.png
2025-12-02 20:39:58,845 - INFO - Screenshot eliminado: C1_06_item_con_garantias_procesadas_02.png
2025-12-02 20:39:58,849 - INFO - Screenshot eliminado: C1_12_antes_enlazar_cliente.png
2025-12-02 20:39:58,853 - INFO - Screenshot eliminado: C1_13_formulario_cliente.png
2025-12-02 20:39:58,855 - INFO - Screenshot eliminado: C1_14_cliente_ingresado.png
2025-12-02 20:39:58,858 - INFO - Screenshot eliminado: C1_15_primer_next.png
2025-12-02 20:39:58,862 - INFO - Screenshot eliminado: C1_16_segundo_next.png
2025-12-02 20:39:58,867 - INFO - Screenshot eliminado: C1_17_antes_finalizar.png
2025-12-02 20:39:58,870 - INFO - Screenshot eliminado: C1_18_antes_finalizar.png
2025-12-02 20:39:58,873 - INFO - Screenshot eliminado: C1_21_print_completado.png
2025-12-02 20:39:58,874 - INFO - 15 screenshots eliminados para esta cotización
2025-12-02 20:39:58,875 - INFO - Cotización 1 completada: 11609239250005
2025-12-02 20:40:00,876 - INFO - 
🔄 PROCESANDO COTIZACIÓN 2/2: 2
2025-12-02 20:40:00,877 - INFO - === PASO 4: INICIAR ORDEN DE COMPRA ===
2025-12-02 20:40:00,878 - INFO - Buscando botón 'Comience una Orden de Compra'...
2025-12-02 20:40:01,072 - INFO - Screenshot capturado: C2_02_dashboard.png
2025-12-02 20:40:01,073 - INFO - Intentando selector 1: /html/body/div[2]/div[4]/div/div/div[1]/a[1]/input
2025-12-02 20:40:01,077 - INFO - Esperando que botón orden selector 1 sea visible (timeout: 300s, se reinicia con progreso)...
2025-12-02 20:40:01,437 - INFO - PROGRESO: botón orden selector 1 visible - REINICIANDO timeout
2025-12-02 20:40:01,570 - INFO - OK - botón orden selector 1 listo después de 0.0s
2025-12-02 20:40:02,349 - INFO - Click exitoso en botón orden selector 1
2025-12-02 20:40:03,547 - INFO - Screenshot capturado: C2_04_formulario_orden.png
2025-12-02 20:40:03,549 - INFO - Click realizado en botón orden
2025-12-02 20:40:03,554 - INFO - Preparando nueva cotización...
2025-12-02 20:40:08,577 - INFO - ✓ Storage del navegador limpiado
2025-12-02 20:40:08,583 - INFO - ✓ Página estabilizada para nueva cotización
2025-12-02 20:40:08,583 - INFO - ✓ Sistema listo para siguiente cotización automática
2025-12-02 20:40:09,585 - INFO - Configuración - Garantías: NO, Descuento: SI, Créditos: NO, Entrega: NO, Tipo Entrega: cliente llevará
2025-12-02 20:40:09,586 - INFO - === PASO 5: EXTRAER NÚMERO COTIZACIÓN ===
2025-12-02 20:40:09,587 - INFO - === EXTRAYENDO NÚMERO DE COTIZACIÓN INICIAL ===
2025-12-02 20:40:11,657 - INFO - Número encontrado con selector: li.quotationNumberTitle p:last-child
2025-12-02 20:40:11,657 - INFO - Número de cotización: 11609239250006
2025-12-02 20:40:11,658 - INFO - Número base extraído: 11609239250006
2025-12-02 20:40:11,659 - INFO - Número único generado: 11609239250006_1658
2025-12-02 20:40:11,660 - INFO - === PASO 6: AGREGAR ITEMS ============================================================================
2025-12-02 20:40:11,661 - INFO - --- ITEM 1/3 ---
2025-12-02 20:40:11,661 - INFO - === MÓDULO 3: AGREGAR ITEM 1 ===
2025-12-02 20:40:11,662 - INFO - Código: 462801600016, Cantidad: 1
2025-12-02 20:40:11,663 - INFO - Esperando que campo búsqueda item 1 sea visible (timeout: 300s, se reinicia con progreso)...
2025-12-02 20:40:11,698 - INFO - PROGRESO: campo búsqueda item 1 visible - REINICIANDO timeout
2025-12-02 20:40:11,728 - INFO - OK - campo búsqueda item 1 listo después de 0.0s
2025-12-02 20:40:11,810 - INFO - Código 462801600016 ingresado en campo búsqueda
2025-12-02 20:40:11,855 - INFO - Enter enviado para búsqueda
2025-12-02 20:40:14,024 - INFO - Mensaje informativo (ignorado): Error
close
ERROR TO OBTAIN THE PARAMATER: permitirNoInventariadosSeguros...
2025-12-02 20:40:14,025 - INFO - Item 462801600016 procesado correctamente
2025-12-02 20:40:14,026 - INFO - === MÓDULO 4: GARANTÍAS ITEM 1 ===
2025-12-02 20:40:14,026 - INFO - Garantía: RECHAZAR
2025-12-02 20:40:15,148 - INFO - Screenshot capturado: C2_07_pantalla_garantias_01.png
2025-12-02 20:40:21,193 - INFO - Botón No Thanks encontrado - rechazando garantía
2025-12-02 20:40:21,218 - INFO - Click en No Thanks
2025-12-02 20:40:22,278 - INFO - Screenshot capturado: C2_06_item_con_garantias_procesadas_01.png
2025-12-02 20:40:22,279 - INFO - Garantías procesadas para item 1
2025-12-02 20:40:22,281 - INFO - --- ITEM 2/3 ---
2025-12-02 20:40:22,282 - INFO - === MÓDULO 3: AGREGAR ITEM 2 ===
2025-12-02 20:40:22,282 - INFO - Código: 456497500019, Cantidad: 1
2025-12-02 20:40:22,283 - INFO - Esperando que campo búsqueda item 2 sea visible (timeout: 300s, se reinicia con progreso)...
2025-12-02 20:40:22,335 - INFO - PROGRESO: campo búsqueda item 2 visible - REINICIANDO timeout
2025-12-02 20:40:22,365 - INFO - OK - campo búsqueda item 2 listo después de 0.0s
2025-12-02 20:40:22,523 - INFO - Código 456497500019 ingresado en campo búsqueda
2025-12-02 20:40:22,616 - INFO - Enter enviado para búsqueda
2025-12-02 20:40:26,663 - INFO -  Popup cerrado
2025-12-02 20:40:26,697 - INFO - Item 456497500019 procesado correctamente
2025-12-02 20:40:26,698 - INFO - === MÓDULO 4: GARANTÍAS ITEM 2 ===
2025-12-02 20:40:26,698 - INFO - Garantía: RECHAZAR
2025-12-02 20:40:27,799 - INFO - Screenshot capturado: C2_07_pantalla_garantias_02.png
2025-12-02 20:40:33,835 - INFO - Botón No Thanks encontrado - rechazando garantía
2025-12-02 20:40:33,862 - INFO - Click en No Thanks
2025-12-02 20:40:34,970 - INFO - Screenshot capturado: C2_06_item_con_garantias_procesadas_02.png
2025-12-02 20:40:34,971 - INFO - Garantías procesadas para item 2
2025-12-02 20:40:34,971 - INFO - --- ITEM 3/3 ---
2025-12-02 20:40:34,972 - INFO - === MÓDULO 3: AGREGAR ITEM 3 ===
2025-12-02 20:40:34,973 - INFO - Código: 461964100012, Cantidad: 1
2025-12-02 20:40:34,973 - INFO - Esperando que campo búsqueda item 3 sea visible (timeout: 300s, se reinicia con progreso)...
2025-12-02 20:40:35,013 - INFO - PROGRESO: campo búsqueda item 3 visible - REINICIANDO timeout
2025-12-02 20:40:35,053 - INFO - OK - campo búsqueda item 3 listo después de 0.0s
2025-12-02 20:40:35,179 - INFO - Código 461964100012 ingresado en campo búsqueda
2025-12-02 20:40:35,224 - INFO - Enter enviado para búsqueda
2025-12-02 20:40:38,987 - INFO - Mensaje informativo (ignorado): Error
close
ERROR TO OBTAIN THE PARAMATER: permitirNoInventariadosSeguros...
2025-12-02 20:40:38,988 - INFO - Item 461964100012 procesado correctamente
2025-12-02 20:40:38,989 - INFO - === MÓDULO 4: GARANTÍAS ITEM 3 ===
2025-12-02 20:40:38,990 - INFO - Garantía: RECHAZAR
2025-12-02 20:40:40,117 - INFO - Screenshot capturado: C2_07_pantalla_garantias_03.png
2025-12-02 20:40:46,178 - INFO - Botón No Thanks encontrado - rechazando garantía
2025-12-02 20:40:46,211 - INFO - Click en No Thanks
2025-12-02 20:40:47,320 - INFO - Screenshot capturado: C2_06_item_con_garantias_procesadas_03.png
2025-12-02 20:40:47,321 - INFO - Garantías procesadas para item 3
2025-12-02 20:40:47,322 - INFO - === PASO 7: ENLAZAR CUSTOMER ==========================================================================
2025-12-02 20:40:47,323 - INFO - === MÓDULO 5: ENLAZAR CUSTOMER ===
2025-12-02 20:40:47,434 - INFO - Screenshot capturado: C2_12_antes_enlazar_cliente.png
2025-12-02 20:40:52,485 - INFO - Enlace cliente encontrado: /html/body/div[2]/div[3]/div[28]/div[3]/h4/a
2025-12-02 20:40:52,513 - INFO - Click en enlace cliente
2025-12-02 20:40:55,589 - INFO - Screenshot capturado: C2_13_formulario_cliente.png
2025-12-02 20:40:56,953 - INFO - Cliente 057874256 ingresado
2025-12-02 20:40:58,018 - INFO - Screenshot capturado: C2_14_cliente_ingresado.png
2025-12-02 20:40:58,983 - INFO - Primer Next
2025-12-02 20:41:02,098 - INFO - Screenshot capturado: C2_15_primer_next.png
2025-12-02 20:41:06,248 - INFO - Segundo Next
2025-12-02 20:41:09,323 - INFO - Screenshot capturado: C2_16_segundo_next.png
2025-12-02 20:41:09,324 - INFO - Customer enlazado exitosamente
2025-12-02 20:41:09,325 - INFO - === PASO 10: CRÉDITOS =============================================================================
2025-12-02 20:41:09,326 - INFO - === MÓDULO 8: APLICAR DESCUENTO EMPLEADO ==========================================================
2025-12-02 20:41:11,712 - INFO - Buscando input de porcentaje (IDs duplicados)...
2025-12-02 20:41:13,747 - WARNING - ⚠ No se pudo insertar el porcentaje, revisar el DOM
2025-12-02 20:42:03,276 - ERROR - Error general: Message: TypeError: browsingContext.currentWindowGlobal is null
Stacktrace:
getMarionetteCommandsActorProxy/get/<@chrome://remote/content/marionette/actors/MarionetteCommandsParent.sys.mjs:311:17
observe@resource://gre/modules/AsyncShutdown.sys.mjs:575:17

2025-12-02 20:42:03,277 - INFO - 📋 Ver detalles del error en: logs\automatizacion_20251202.log
2025-12-02 20:42:03,277 - INFO - Limpiando recursos...
2025-12-02 20:42:03,278 - INFO - Eliminando screenshots residuales...
2025-12-02 20:42:03,310 - INFO - 13 screenshots residuales eliminados
2025-12-02 20:42:05,599 - INFO - Navegador cerrado
2025-12-02 20:42:05,599 - INFO - Limpieza de recursos completada
2025-12-02 20:42:05,600 - INFO - === AUTOMATIZACIÓN FINALIZADA ===
